2026-10-03 19:04:37 INFO  org.testng.internal.Utils - [Utils] MethodGroupsHelper.collectMethodsByGroup() took 0 ms.
2026-10-03 19:04:37 INFO  org.testng.internal.Utils - [Utils] MethodGroupsHelper.sortMethods() took 1 ms.
2026-10-03 19:04:37 INFO  org.testng.internal.Utils - [Utils] MethodGroupsHelper.collectMethodsByGroup() took 0 ms.
2026-10-03 19:04:37 INFO  org.testng.internal.Utils - [Utils] MethodGroupsHelper.sortMethods() took 0 ms.
2026-10-03 19:04:37 INFO  org.testng.internal.Utils - [Utils] MethodGroupsHelper.collectMethodsByGroup() took 0 ms.
2026-10-03 19:04:37 INFO  org.testng.internal.Utils - [Utils] MethodGroupsHelper.sortMethods() took 0 ms.
2026-10-03 19:04:37 INFO  org.testng.internal.Utils - [Utils] MethodGroupsHelper.collectMethodsByGroup() took 0 ms.
2026-10-03 19:04:37 INFO  org.testng.internal.Utils - [Utils] MethodGroupsHelper.sortMethods() took 0 ms.
2026-10-03 19:04:37 INFO  org.testng.internal.Utils - [Utils] MethodGroupsHelper.collectMethodsByGroup() took 0 ms.
2026-10-03 19:04:37 INFO  org.testng.internal.Utils - [Utils] MethodGroupsHelper.sortMethods() took 0 ms.
2026-10-03 19:04:37 INFO  org.testng.internal.Utils - [Utils] MethodGroupsHelper.collectMethodsByGroup() took 0 ms.
2026-10-03 19:04:37 INFO  org.testng.internal.Utils - [Utils] MethodGroupsHelper.sortMethods() took 0 ms.
2026-10-03 19:04:37 INFO  org.testng.internal.Utils - [Utils] MethodGroupsHelper.collectMethodsByGroup() took 0 ms.
2026-10-03 19:04:37 INFO  org.testng.internal.Utils - [Utils] MethodGroupsHelper.sortMethods() took 0 ms.
2026-10-03 19:04:37 INFO  org.testng.internal.Utils - [Utils] MethodGroupsHelper.collectMethodsByGroup() took 0 ms.
2026-10-03 19:04:37 INFO  org.testng.internal.Utils - [Utils] MethodGroupsHelper.sortMethods() took 0 ms.
2026-10-03 19:04:37 INFO  org.testng.internal.Utils - [Utils] MethodGroupsHelper.collectMethodsByGroup() took 0 ms.
2026-10-03 19:04:37 INFO  org.testng.internal.Utils - [Utils] MethodGroupsHelper.sortMethods() took 0 ms.
2026-10-03 19:04:37 INFO  org.testng.internal.Utils - [Utils] MethodGroupsHelper.collectMethodsByGroup() took 0 ms.
2026-10-03 19:04:37 INFO  org.testng.internal.Utils - [Utils] MethodGroupsHelper.sortMethods() took 0 ms.
2026-10-03 19:04:37 INFO  org.testng.internal.Utils - [Utils] MethodGroupsHelper.collectMethodsByGroup() took 0 ms.
2026-10-03 19:04:37 INFO  org.testng.internal.Utils - [Utils] MethodGroupsHelper.sortMethods() took 0 ms.
2026-10-03 19:04:37 INFO  org.testng.internal.Utils - [Utils] MethodGroupsHelper.collectMethodsByGroup() took 0 ms.
2026-10-03 19:04:37 INFO  org.testng.internal.Utils - [Utils] MethodGroupsHelper.sortMethods() took 0 ms.
2026-10-03 19:04:37 INFO  org.testng.internal.Utils - [Utils] MethodGroupsHelper.collectMethodsByGroup() took 6 ms.
2026-10-03 19:04:37 INFO  org.testng.internal.Utils - [Utils] MethodGroupsHelper.sortMethods() took 7 ms.
2026-10-03 19:04:37 INFO  org.testng.internal.Utils - [Utils] MethodGroupsHelper.collectMethodsByGroup() took 0 ms.
2026-10-03 19:04:37 INFO  org.testng.internal.Utils - [Utils] MethodGroupsHelper.sortMethods() took 0 ms.
2026-10-03 19:04:37 INFO  org.testng.internal.Utils - [Utils] MethodGroupsHelper.collectMethodsByGroup() took 0 ms.
2026-10-03 19:04:37 INFO  org.testng.internal.Utils - [Utils] MethodGroupsHelper.sortMethods() took 0 ms.
2026-10-03 19:04:37 INFO  org.testng.internal.Utils - [TestNG] Running:
  C:\Users\Rahul Kumar\AppData\Local\Temp\testng-eclipse-1611839928\testng-customsuite.xml

2026-10-03 19:04:37 INFO  org.testng.internal.Utils - [Utils] DynamicGraphHelper.createDynamicGraph() took 5 ms.
2026-10-03 19:04:37 ERROR org.testng.internal.Utils - [Error] org.testng.TestNGException: 
Cannot inject @Test annotated Method [logOutSuccessTest] with [class pages.LoginPage].
For more information on native dependency injection please refer to https://testng.org/#_dependency_injection
	at org.testng.internal.Parameters.checkParameterTypes(Parameters.java:442)
	at org.testng.internal.Parameters.createParametersForMethod(Parameters.java:347)
	at org.testng.internal.Parameters.createParameters(Parameters.java:699)
	at org.testng.internal.Parameters.handleParameters(Parameters.java:885)
	at org.testng.internal.Parameters.handleParameters(Parameters.java:734)
	at org.testng.internal.invokers.ParameterHandler.handleParameters(ParameterHandler.java:72)
	at org.testng.internal.invokers.ParameterHandler.createParameters(ParameterHandler.java:51)
	at org.testng.internal.invokers.TestInvoker$MethodInvocationAgent.invoke(TestInvoker.java:949)
	at org.testng.internal.invokers.TestInvoker.invokeTestMethods(TestInvoker.java:203)
	at org.testng.internal.invokers.TestMethodWorker.invokeTestMethods(TestMethodWorker.java:154)
	at org.testng.internal.invokers.TestMethodWorker.run(TestMethodWorker.java:134)
	at java.base/java.util.ArrayList.forEach(ArrayList.java:1596)
	at org.testng.TestRunner.privateRun(TestRunner.java:741)
	at org.testng.TestRunner.run(TestRunner.java:616)
	at org.testng.SuiteRunner.runTest(SuiteRunner.java:421)
	at org.testng.SuiteRunner.runSequentially(SuiteRunner.java:413)
	at org.testng.SuiteRunner.privateRun(SuiteRunner.java:373)
	at org.testng.SuiteRunner.run(SuiteRunner.java:312)
	at org.testng.SuiteRunnerWorker.runSuite(SuiteRunnerWorker.java:52)
	at org.testng.SuiteRunnerWorker.run(SuiteRunnerWorker.java:95)
	at org.testng.TestNG.runSuitesSequentially(TestNG.java:1274)
	at org.testng.TestNG.runSuitesLocally(TestNG.java:1208)
	at org.testng.TestNG.runSuites(TestNG.java:1112)
	at org.testng.TestNG.run(TestNG.java:1079)
	at org.testng.remote.AbstractRemoteTestNG.run(AbstractRemoteTestNG.java:115)
	at org.testng.remote.RemoteTestNG.initAndRun(RemoteTestNG.java:293)
	at org.testng.remote.RemoteTestNG.main(RemoteTestNG.java:91)

2026-10-03 19:04:37 ERROR org.testng.internal.Utils - [Error] org.testng.TestNGException: 
Cannot inject @Test annotated Method [loginFailedTest] with [class pages.LoginPage].
For more information on native dependency injection please refer to https://testng.org/#_dependency_injection
	at org.testng.internal.Parameters.checkParameterTypes(Parameters.java:442)
	at org.testng.internal.Parameters.createParametersForMethod(Parameters.java:347)
	at org.testng.internal.Parameters.createParameters(Parameters.java:699)
	at org.testng.internal.Parameters.handleParameters(Parameters.java:885)
	at org.testng.internal.Parameters.handleParameters(Parameters.java:734)
	at org.testng.internal.invokers.ParameterHandler.handleParameters(ParameterHandler.java:72)
	at org.testng.internal.invokers.ParameterHandler.createParameters(ParameterHandler.java:51)
	at org.testng.internal.invokers.TestInvoker$MethodInvocationAgent.invoke(TestInvoker.java:949)
	at org.testng.internal.invokers.TestInvoker.invokeTestMethods(TestInvoker.java:203)
	at org.testng.internal.invokers.TestMethodWorker.invokeTestMethods(TestMethodWorker.java:154)
	at org.testng.internal.invokers.TestMethodWorker.run(TestMethodWorker.java:134)
	at java.base/java.util.ArrayList.forEach(ArrayList.java:1596)
	at org.testng.TestRunner.privateRun(TestRunner.java:741)
	at org.testng.TestRunner.run(TestRunner.java:616)
	at org.testng.SuiteRunner.runTest(SuiteRunner.java:421)
	at org.testng.SuiteRunner.runSequentially(SuiteRunner.java:413)
	at org.testng.SuiteRunner.privateRun(SuiteRunner.java:373)
	at org.testng.SuiteRunner.run(SuiteRunner.java:312)
	at org.testng.SuiteRunnerWorker.runSuite(SuiteRunnerWorker.java:52)
	at org.testng.SuiteRunnerWorker.run(SuiteRunnerWorker.java:95)
	at org.testng.TestNG.runSuitesSequentially(TestNG.java:1274)
	at org.testng.TestNG.runSuitesLocally(TestNG.java:1208)
	at org.testng.TestNG.runSuites(TestNG.java:1112)
	at org.testng.TestNG.run(TestNG.java:1079)
	at org.testng.remote.AbstractRemoteTestNG.run(AbstractRemoteTestNG.java:115)
	at org.testng.remote.RemoteTestNG.initAndRun(RemoteTestNG.java:293)
	at org.testng.remote.RemoteTestNG.main(RemoteTestNG.java:91)

2026-10-03 19:04:37 ERROR org.testng.internal.Utils - [Error] org.testng.TestNGException: 
Cannot inject @Test annotated Method [loginSuccessTest] with [class pages.LoginPage].
For more information on native dependency injection please refer to https://testng.org/#_dependency_injection
	at org.testng.internal.Parameters.checkParameterTypes(Parameters.java:442)
	at org.testng.internal.Parameters.createParametersForMethod(Parameters.java:347)
	at org.testng.internal.Parameters.createParameters(Parameters.java:699)
	at org.testng.internal.Parameters.handleParameters(Parameters.java:885)
	at org.testng.internal.Parameters.handleParameters(Parameters.java:734)
	at org.testng.internal.invokers.ParameterHandler.handleParameters(ParameterHandler.java:72)
	at org.testng.internal.invokers.ParameterHandler.createParameters(ParameterHandler.java:51)
	at org.testng.internal.invokers.TestInvoker$MethodInvocationAgent.invoke(TestInvoker.java:949)
	at org.testng.internal.invokers.TestInvoker.invokeTestMethods(TestInvoker.java:203)
	at org.testng.internal.invokers.TestMethodWorker.invokeTestMethods(TestMethodWorker.java:154)
	at org.testng.internal.invokers.TestMethodWorker.run(TestMethodWorker.java:134)
	at java.base/java.util.ArrayList.forEach(ArrayList.java:1596)
	at org.testng.TestRunner.privateRun(TestRunner.java:741)
	at org.testng.TestRunner.run(TestRunner.java:616)
	at org.testng.SuiteRunner.runTest(SuiteRunner.java:421)
	at org.testng.SuiteRunner.runSequentially(SuiteRunner.java:413)
	at org.testng.SuiteRunner.privateRun(SuiteRunner.java:373)
	at org.testng.SuiteRunner.run(SuiteRunner.java:312)
	at org.testng.SuiteRunnerWorker.runSuite(SuiteRunnerWorker.java:52)
	at org.testng.SuiteRunnerWorker.run(SuiteRunnerWorker.java:95)
	at org.testng.TestNG.runSuitesSequentially(TestNG.java:1274)
	at org.testng.TestNG.runSuitesLocally(TestNG.java:1208)
	at org.testng.TestNG.runSuites(TestNG.java:1112)
	at org.testng.TestNG.run(TestNG.java:1079)
	at org.testng.remote.AbstractRemoteTestNG.run(AbstractRemoteTestNG.java:115)
	at org.testng.remote.RemoteTestNG.initAndRun(RemoteTestNG.java:293)
	at org.testng.remote.RemoteTestNG.main(RemoteTestNG.java:91)

2026-10-03 19:04:37 INFO  org.testng.internal.Utils - [TestNG] Time taken by org.testng.reporters.jq.Main@5adb0db3: 92 ms
2026-10-03 19:04:37 INFO  org.testng.internal.Utils - [TestNG] Time taken by org.testng.reporters.FailedReporter@64b73e7a: 20 ms
2026-10-03 19:04:37 INFO  org.testng.internal.Utils - [TestNG] Time taken by org.testng.reporters.XMLReporter@74eb909f: 13 ms
2026-10-03 19:04:37 INFO  org.testng.internal.Utils - [TestNG] Time taken by org.testng.reporters.EmailableReporter2@1e636ea3: 10 ms
2026-10-03 19:04:37 INFO  org.testng.internal.Utils - [TestNG] Time taken by org.testng.reporters.JUnitReportReporter@75f95314: 8 ms
2026-10-03 19:04:37 INFO  org.testng.internal.Utils - [TestNG] Time taken by org.testng.internal.ExitCodeListener@6127a7e: 1 ms
2026-10-03 19:35:04 INFO  org.testng.internal.Utils - [Utils] MethodGroupsHelper.collectMethodsByGroup() took 1 ms.
2026-10-03 19:35:04 INFO  org.testng.internal.Utils - [Utils] MethodGroupsHelper.sortMethods() took 2 ms.
2026-10-03 19:35:04 INFO  org.testng.internal.Utils - [Utils] MethodGroupsHelper.collectMethodsByGroup() took 0 ms.
2026-10-03 19:35:04 INFO  org.testng.internal.Utils - [Utils] MethodGroupsHelper.sortMethods() took 1 ms.
2026-10-03 19:35:04 INFO  org.testng.internal.Utils - [Utils] MethodGroupsHelper.collectMethodsByGroup() took 0 ms.
2026-10-03 19:35:04 INFO  org.testng.internal.Utils - [Utils] MethodGroupsHelper.sortMethods() took 0 ms.
2026-10-03 19:35:04 INFO  org.testng.internal.Utils - [Utils] MethodGroupsHelper.collectMethodsByGroup() took 0 ms.
2026-10-03 19:35:04 INFO  org.testng.internal.Utils - [Utils] MethodGroupsHelper.sortMethods() took 0 ms.
2026-10-03 19:35:04 INFO  org.testng.internal.Utils - [Utils] MethodGroupsHelper.collectMethodsByGroup() took 0 ms.
2026-10-03 19:35:04 INFO  org.testng.internal.Utils - [Utils] MethodGroupsHelper.sortMethods() took 0 ms.
2026-10-03 19:35:04 INFO  org.testng.internal.Utils - [Utils] MethodGroupsHelper.collectMethodsByGroup() took 0 ms.
2026-10-03 19:35:04 INFO  org.testng.internal.Utils - [Utils] MethodGroupsHelper.sortMethods() took 0 ms.
2026-10-03 19:35:04 INFO  org.testng.internal.Utils - [Utils] MethodGroupsHelper.collectMethodsByGroup() took 0 ms.
2026-10-03 19:35:04 INFO  org.testng.internal.Utils - [Utils] MethodGroupsHelper.sortMethods() took 0 ms.
2026-10-03 19:35:04 INFO  org.testng.internal.Utils - [Utils] MethodGroupsHelper.collectMethodsByGroup() took 0 ms.
2026-10-03 19:35:04 INFO  org.testng.internal.Utils - [Utils] MethodGroupsHelper.sortMethods() took 0 ms.
2026-10-03 19:35:04 INFO  org.testng.internal.Utils - [Utils] MethodGroupsHelper.collectMethodsByGroup() took 4 ms.
2026-10-03 19:35:04 INFO  org.testng.internal.Utils - [Utils] MethodGroupsHelper.sortMethods() took 14 ms.
2026-10-03 19:35:04 INFO  org.testng.internal.Utils - [Utils] MethodGroupsHelper.collectMethodsByGroup() took 0 ms.
2026-10-03 19:35:04 INFO  org.testng.internal.Utils - [Utils] MethodGroupsHelper.sortMethods() took 0 ms.
2026-10-03 19:35:04 INFO  org.testng.internal.Utils - [Utils] MethodGroupsHelper.collectMethodsByGroup() took 0 ms.
2026-10-03 19:35:04 INFO  org.testng.internal.Utils - [Utils] MethodGroupsHelper.sortMethods() took 0 ms.
2026-10-03 19:35:04 INFO  org.testng.internal.Utils - [Utils] MethodGroupsHelper.collectMethodsByGroup() took 0 ms.
2026-10-03 19:35:04 INFO  org.testng.internal.Utils - [Utils] MethodGroupsHelper.sortMethods() took 0 ms.
2026-10-03 19:35:04 INFO  org.testng.internal.Utils - [Utils] MethodGroupsHelper.collectMethodsByGroup() took 0 ms.
2026-10-03 19:35:04 INFO  org.testng.internal.Utils - [Utils] MethodGroupsHelper.sortMethods() took 4 ms.
2026-10-03 19:35:04 INFO  org.testng.internal.Utils - [Utils] MethodGroupsHelper.collectMethodsByGroup() took 0 ms.
2026-10-03 19:35:04 INFO  org.testng.internal.Utils - [Utils] MethodGroupsHelper.sortMethods() took 0 ms.
2026-10-03 19:35:04 INFO  org.testng.internal.Utils - [Utils] MethodGroupsHelper.collectMethodsByGroup() took 0 ms.
2026-10-03 19:35:04 INFO  org.testng.internal.Utils - [Utils] MethodGroupsHelper.sortMethods() took 0 ms.
2026-10-03 19:35:04 INFO  org.testng.internal.Utils - [TestNG] Running:
  C:\Users\Rahul Kumar\AppData\Local\Temp\testng-eclipse-631198934\testng-customsuite.xml

2026-10-03 19:35:04 INFO  org.testng.internal.Utils - [Utils] DynamicGraphHelper.createDynamicGraph() took 5 ms.
2026-10-03 19:35:05 ERROR org.testng.internal.Utils - [Error] org.testng.TestNGException: 
Cannot inject @Test annotated Method [logOutSuccessTest] with [class pages.LoginPage].
For more information on native dependency injection please refer to https://testng.org/#_dependency_injection
	at org.testng.internal.Parameters.checkParameterTypes(Parameters.java:442)
	at org.testng.internal.Parameters.createParametersForMethod(Parameters.java:347)
	at org.testng.internal.Parameters.createParameters(Parameters.java:699)
	at org.testng.internal.Parameters.handleParameters(Parameters.java:885)
	at org.testng.internal.Parameters.handleParameters(Parameters.java:734)
	at org.testng.internal.invokers.ParameterHandler.handleParameters(ParameterHandler.java:72)
	at org.testng.internal.invokers.ParameterHandler.createParameters(ParameterHandler.java:51)
	at org.testng.internal.invokers.TestInvoker$MethodInvocationAgent.invoke(TestInvoker.java:949)
	at org.testng.internal.invokers.TestInvoker.invokeTestMethods(TestInvoker.java:203)
	at org.testng.internal.invokers.TestMethodWorker.invokeTestMethods(TestMethodWorker.java:154)
	at org.testng.internal.invokers.TestMethodWorker.run(TestMethodWorker.java:134)
	at java.base/java.util.ArrayList.forEach(ArrayList.java:1596)
	at org.testng.TestRunner.privateRun(TestRunner.java:741)
	at org.testng.TestRunner.run(TestRunner.java:616)
	at org.testng.SuiteRunner.runTest(SuiteRunner.java:421)
	at org.testng.SuiteRunner.runSequentially(SuiteRunner.java:413)
	at org.testng.SuiteRunner.privateRun(SuiteRunner.java:373)
	at org.testng.SuiteRunner.run(SuiteRunner.java:312)
	at org.testng.SuiteRunnerWorker.runSuite(SuiteRunnerWorker.java:52)
	at org.testng.SuiteRunnerWorker.run(SuiteRunnerWorker.java:95)
	at org.testng.TestNG.runSuitesSequentially(TestNG.java:1274)
	at org.testng.TestNG.runSuitesLocally(TestNG.java:1208)
	at org.testng.TestNG.runSuites(TestNG.java:1112)
	at org.testng.TestNG.run(TestNG.java:1079)
	at org.testng.remote.AbstractRemoteTestNG.run(AbstractRemoteTestNG.java:115)
	at org.testng.remote.RemoteTestNG.initAndRun(RemoteTestNG.java:293)
	at org.testng.remote.RemoteTestNG.main(RemoteTestNG.java:91)

2026-10-03 19:35:05 ERROR org.testng.internal.Utils - [Error] org.testng.TestNGException: 
Cannot inject @Test annotated Method [loginFailedTest] with [class pages.LoginPage].
For more information on native dependency injection please refer to https://testng.org/#_dependency_injection
	at org.testng.internal.Parameters.checkParameterTypes(Parameters.java:442)
	at org.testng.internal.Parameters.createParametersForMethod(Parameters.java:347)
	at org.testng.internal.Parameters.createParameters(Parameters.java:699)
	at org.testng.internal.Parameters.handleParameters(Parameters.java:885)
	at org.testng.internal.Parameters.handleParameters(Parameters.java:734)
	at org.testng.internal.invokers.ParameterHandler.handleParameters(ParameterHandler.java:72)
	at org.testng.internal.invokers.ParameterHandler.createParameters(ParameterHandler.java:51)
	at org.testng.internal.invokers.TestInvoker$MethodInvocationAgent.invoke(TestInvoker.java:949)
	at org.testng.internal.invokers.TestInvoker.invokeTestMethods(TestInvoker.java:203)
	at org.testng.internal.invokers.TestMethodWorker.invokeTestMethods(TestMethodWorker.java:154)
	at org.testng.internal.invokers.TestMethodWorker.run(TestMethodWorker.java:134)
	at java.base/java.util.ArrayList.forEach(ArrayList.java:1596)
	at org.testng.TestRunner.privateRun(TestRunner.java:741)
	at org.testng.TestRunner.run(TestRunner.java:616)
	at org.testng.SuiteRunner.runTest(SuiteRunner.java:421)
	at org.testng.SuiteRunner.runSequentially(SuiteRunner.java:413)
	at org.testng.SuiteRunner.privateRun(SuiteRunner.java:373)
	at org.testng.SuiteRunner.run(SuiteRunner.java:312)
	at org.testng.SuiteRunnerWorker.runSuite(SuiteRunnerWorker.java:52)
	at org.testng.SuiteRunnerWorker.run(SuiteRunnerWorker.java:95)
	at org.testng.TestNG.runSuitesSequentially(TestNG.java:1274)
	at org.testng.TestNG.runSuitesLocally(TestNG.java:1208)
	at org.testng.TestNG.runSuites(TestNG.java:1112)
	at org.testng.TestNG.run(TestNG.java:1079)
	at org.testng.remote.AbstractRemoteTestNG.run(AbstractRemoteTestNG.java:115)
	at org.testng.remote.RemoteTestNG.initAndRun(RemoteTestNG.java:293)
	at org.testng.remote.RemoteTestNG.main(RemoteTestNG.java:91)

2026-10-03 19:35:05 ERROR org.testng.internal.Utils - [Error] org.testng.TestNGException: 
Cannot inject @Test annotated Method [loginSuccessTest] with [class pages.LoginPage].
For more information on native dependency injection please refer to https://testng.org/#_dependency_injection
	at org.testng.internal.Parameters.checkParameterTypes(Parameters.java:442)
	at org.testng.internal.Parameters.createParametersForMethod(Parameters.java:347)
	at org.testng.internal.Parameters.createParameters(Parameters.java:699)
	at org.testng.internal.Parameters.handleParameters(Parameters.java:885)
	at org.testng.internal.Parameters.handleParameters(Parameters.java:734)
	at org.testng.internal.invokers.ParameterHandler.handleParameters(ParameterHandler.java:72)
	at org.testng.internal.invokers.ParameterHandler.createParameters(ParameterHandler.java:51)
	at org.testng.internal.invokers.TestInvoker$MethodInvocationAgent.invoke(TestInvoker.java:949)
	at org.testng.internal.invokers.TestInvoker.invokeTestMethods(TestInvoker.java:203)
	at org.testng.internal.invokers.TestMethodWorker.invokeTestMethods(TestMethodWorker.java:154)
	at org.testng.internal.invokers.TestMethodWorker.run(TestMethodWorker.java:134)
	at java.base/java.util.ArrayList.forEach(ArrayList.java:1596)
	at org.testng.TestRunner.privateRun(TestRunner.java:741)
	at org.testng.TestRunner.run(TestRunner.java:616)
	at org.testng.SuiteRunner.runTest(SuiteRunner.java:421)
	at org.testng.SuiteRunner.runSequentially(SuiteRunner.java:413)
	at org.testng.SuiteRunner.privateRun(SuiteRunner.java:373)
	at org.testng.SuiteRunner.run(SuiteRunner.java:312)
	at org.testng.SuiteRunnerWorker.runSuite(SuiteRunnerWorker.java:52)
	at org.testng.SuiteRunnerWorker.run(SuiteRunnerWorker.java:95)
	at org.testng.TestNG.runSuitesSequentially(TestNG.java:1274)
	at org.testng.TestNG.runSuitesLocally(TestNG.java:1208)
	at org.testng.TestNG.runSuites(TestNG.java:1112)
	at org.testng.TestNG.run(TestNG.java:1079)
	at org.testng.remote.AbstractRemoteTestNG.run(AbstractRemoteTestNG.java:115)
	at org.testng.remote.RemoteTestNG.initAndRun(RemoteTestNG.java:293)
	at org.testng.remote.RemoteTestNG.main(RemoteTestNG.java:91)

2026-10-03 19:35:05 INFO  org.testng.internal.Utils - [TestNG] Time taken by org.testng.reporters.jq.Main@f316aeb: 87 ms
2026-10-03 19:35:05 INFO  org.testng.internal.Utils - [TestNG] Time taken by org.testng.reporters.FailedReporter@2a898881: 17 ms
2026-10-03 19:35:05 INFO  org.testng.internal.Utils - [TestNG] Time taken by org.testng.reporters.XMLReporter@687ef2e0: 14 ms
2026-10-03 19:35:05 INFO  org.testng.internal.Utils - [TestNG] Time taken by org.testng.reporters.EmailableReporter2@3212a8d7: 10 ms
2026-10-03 19:35:05 INFO  org.testng.internal.Utils - [TestNG] Time taken by org.testng.reporters.JUnitReportReporter@1852a3ff: 11 ms
2026-10-03 19:35:05 INFO  org.testng.internal.Utils - [TestNG] Time taken by org.testng.internal.ExitCodeListener@7203c7ff: 0 ms
2026-10-03 19:41:58 INFO  org.testng.internal.Utils - [Utils] MethodGroupsHelper.collectMethodsByGroup() took 0 ms.
2026-10-03 19:41:58 INFO  org.testng.internal.Utils - [Utils] MethodGroupsHelper.sortMethods() took 1 ms.
2026-10-03 19:41:58 INFO  org.testng.internal.Utils - [Utils] MethodGroupsHelper.collectMethodsByGroup() took 0 ms.
2026-10-03 19:41:58 INFO  org.testng.internal.Utils - [Utils] MethodGroupsHelper.sortMethods() took 0 ms.
2026-10-03 19:41:58 INFO  org.testng.internal.Utils - [Utils] MethodGroupsHelper.collectMethodsByGroup() took 0 ms.
2026-10-03 19:41:58 INFO  org.testng.internal.Utils - [Utils] MethodGroupsHelper.sortMethods() took 0 ms.
2026-10-03 19:41:58 INFO  org.testng.internal.Utils - [Utils] MethodGroupsHelper.collectMethodsByGroup() took 0 ms.
2026-10-03 19:41:58 INFO  org.testng.internal.Utils - [Utils] MethodGroupsHelper.sortMethods() took 0 ms.
2026-10-03 19:41:58 INFO  org.testng.internal.Utils - [Utils] MethodGroupsHelper.collectMethodsByGroup() took 0 ms.
2026-10-03 19:41:58 INFO  org.testng.internal.Utils - [Utils] MethodGroupsHelper.sortMethods() took 0 ms.
2026-10-03 19:41:58 INFO  org.testng.internal.Utils - [Utils] MethodGroupsHelper.collectMethodsByGroup() took 0 ms.
2026-10-03 19:41:58 INFO  org.testng.internal.Utils - [Utils] MethodGroupsHelper.sortMethods() took 0 ms.
2026-10-03 19:41:58 INFO  org.testng.internal.Utils - [Utils] MethodGroupsHelper.collectMethodsByGroup() took 0 ms.
2026-10-03 19:41:58 INFO  org.testng.internal.Utils - [Utils] MethodGroupsHelper.sortMethods() took 0 ms.
2026-10-03 19:41:58 INFO  org.testng.internal.Utils - [Utils] MethodGroupsHelper.collectMethodsByGroup() took 0 ms.
2026-10-03 19:41:58 INFO  org.testng.internal.Utils - [Utils] MethodGroupsHelper.sortMethods() took 0 ms.
2026-10-03 19:41:58 INFO  org.testng.internal.Utils - [Utils] MethodGroupsHelper.collectMethodsByGroup() took 5 ms.
2026-10-03 19:41:58 INFO  org.testng.internal.Utils - [Utils] MethodGroupsHelper.sortMethods() took 9 ms.
2026-10-03 19:41:58 INFO  org.testng.internal.Utils - [Utils] MethodGroupsHelper.collectMethodsByGroup() took 0 ms.
2026-10-03 19:41:58 INFO  org.testng.internal.Utils - [Utils] MethodGroupsHelper.sortMethods() took 0 ms.
2026-10-03 19:41:58 INFO  org.testng.internal.Utils - [Utils] MethodGroupsHelper.collectMethodsByGroup() took 0 ms.
2026-10-03 19:41:58 INFO  org.testng.internal.Utils - [Utils] MethodGroupsHelper.sortMethods() took 0 ms.
2026-10-03 19:41:58 INFO  org.testng.internal.Utils - [Utils] MethodGroupsHelper.collectMethodsByGroup() took 0 ms.
2026-10-03 19:41:58 INFO  org.testng.internal.Utils - [Utils] MethodGroupsHelper.sortMethods() took 0 ms.
2026-10-03 19:41:58 INFO  org.testng.internal.Utils - [Utils] MethodGroupsHelper.collectMethodsByGroup() took 0 ms.
2026-10-03 19:41:58 INFO  org.testng.internal.Utils - [Utils] MethodGroupsHelper.sortMethods() took 5 ms.
2026-10-03 19:41:58 INFO  org.testng.internal.Utils - [Utils] MethodGroupsHelper.collectMethodsByGroup() took 0 ms.
2026-10-03 19:41:58 INFO  org.testng.internal.Utils - [Utils] MethodGroupsHelper.sortMethods() took 0 ms.
2026-10-03 19:41:58 INFO  org.testng.internal.Utils - [Utils] MethodGroupsHelper.collectMethodsByGroup() took 0 ms.
2026-10-03 19:41:58 INFO  org.testng.internal.Utils - [Utils] MethodGroupsHelper.sortMethods() took 0 ms.
2026-10-03 19:41:58 INFO  org.testng.internal.Utils - [TestNG] Running:
  C:\Users\Rahul Kumar\AppData\Local\Temp\testng-eclipse-166236728\testng-customsuite.xml

2026-10-03 19:41:58 INFO  org.testng.internal.Utils - [Utils] DynamicGraphHelper.createDynamicGraph() took 3 ms.
2026-10-03 19:41:58 ERROR org.testng.internal.Utils - [Error] org.testng.TestNGException: 
Cannot inject @Test annotated Method [logOutSuccessTest] with [class pages.LoginPage].
For more information on native dependency injection please refer to https://testng.org/#_dependency_injection
	at org.testng.internal.Parameters.checkParameterTypes(Parameters.java:442)
	at org.testng.internal.Parameters.createParametersForMethod(Parameters.java:347)
	at org.testng.internal.Parameters.createParameters(Parameters.java:699)
	at org.testng.internal.Parameters.handleParameters(Parameters.java:885)
	at org.testng.internal.Parameters.handleParameters(Parameters.java:734)
	at org.testng.internal.invokers.ParameterHandler.handleParameters(ParameterHandler.java:72)
	at org.testng.internal.invokers.ParameterHandler.createParameters(ParameterHandler.java:51)
	at org.testng.internal.invokers.TestInvoker$MethodInvocationAgent.invoke(TestInvoker.java:949)
	at org.testng.internal.invokers.TestInvoker.invokeTestMethods(TestInvoker.java:203)
	at org.testng.internal.invokers.TestMethodWorker.invokeTestMethods(TestMethodWorker.java:154)
	at org.testng.internal.invokers.TestMethodWorker.run(TestMethodWorker.java:134)
	at java.base/java.util.ArrayList.forEach(ArrayList.java:1596)
	at org.testng.TestRunner.privateRun(TestRunner.java:741)
	at org.testng.TestRunner.run(TestRunner.java:616)
	at org.testng.SuiteRunner.runTest(SuiteRunner.java:421)
	at org.testng.SuiteRunner.runSequentially(SuiteRunner.java:413)
	at org.testng.SuiteRunner.privateRun(SuiteRunner.java:373)
	at org.testng.SuiteRunner.run(SuiteRunner.java:312)
	at org.testng.SuiteRunnerWorker.runSuite(SuiteRunnerWorker.java:52)
	at org.testng.SuiteRunnerWorker.run(SuiteRunnerWorker.java:95)
	at org.testng.TestNG.runSuitesSequentially(TestNG.java:1274)
	at org.testng.TestNG.runSuitesLocally(TestNG.java:1208)
	at org.testng.TestNG.runSuites(TestNG.java:1112)
	at org.testng.TestNG.run(TestNG.java:1079)
	at org.testng.remote.AbstractRemoteTestNG.run(AbstractRemoteTestNG.java:115)
	at org.testng.remote.RemoteTestNG.initAndRun(RemoteTestNG.java:293)
	at org.testng.remote.RemoteTestNG.main(RemoteTestNG.java:91)

2026-10-03 19:41:58 ERROR org.testng.internal.Utils - [Error] org.testng.TestNGException: 
Cannot inject @Test annotated Method [loginFailedTest] with [class pages.LoginPage].
For more information on native dependency injection please refer to https://testng.org/#_dependency_injection
	at org.testng.internal.Parameters.checkParameterTypes(Parameters.java:442)
	at org.testng.internal.Parameters.createParametersForMethod(Parameters.java:347)
	at org.testng.internal.Parameters.createParameters(Parameters.java:699)
	at org.testng.internal.Parameters.handleParameters(Parameters.java:885)
	at org.testng.internal.Parameters.handleParameters(Parameters.java:734)
	at org.testng.internal.invokers.ParameterHandler.handleParameters(ParameterHandler.java:72)
	at org.testng.internal.invokers.ParameterHandler.createParameters(ParameterHandler.java:51)
	at org.testng.internal.invokers.TestInvoker$MethodInvocationAgent.invoke(TestInvoker.java:949)
	at org.testng.internal.invokers.TestInvoker.invokeTestMethods(TestInvoker.java:203)
	at org.testng.internal.invokers.TestMethodWorker.invokeTestMethods(TestMethodWorker.java:154)
	at org.testng.internal.invokers.TestMethodWorker.run(TestMethodWorker.java:134)
	at java.base/java.util.ArrayList.forEach(ArrayList.java:1596)
	at org.testng.TestRunner.privateRun(TestRunner.java:741)
	at org.testng.TestRunner.run(TestRunner.java:616)
	at org.testng.SuiteRunner.runTest(SuiteRunner.java:421)
	at org.testng.SuiteRunner.runSequentially(SuiteRunner.java:413)
	at org.testng.SuiteRunner.privateRun(SuiteRunner.java:373)
	at org.testng.SuiteRunner.run(SuiteRunner.java:312)
	at org.testng.SuiteRunnerWorker.runSuite(SuiteRunnerWorker.java:52)
	at org.testng.SuiteRunnerWorker.run(SuiteRunnerWorker.java:95)
	at org.testng.TestNG.runSuitesSequentially(TestNG.java:1274)
	at org.testng.TestNG.runSuitesLocally(TestNG.java:1208)
	at org.testng.TestNG.runSuites(TestNG.java:1112)
	at org.testng.TestNG.run(TestNG.java:1079)
	at org.testng.remote.AbstractRemoteTestNG.run(AbstractRemoteTestNG.java:115)
	at org.testng.remote.RemoteTestNG.initAndRun(RemoteTestNG.java:293)
	at org.testng.remote.RemoteTestNG.main(RemoteTestNG.java:91)

2026-10-03 19:41:58 ERROR org.testng.internal.Utils - [Error] org.testng.TestNGException: 
Cannot inject @Test annotated Method [loginSuccessTest] with [class pages.LoginPage].
For more information on native dependency injection please refer to https://testng.org/#_dependency_injection
	at org.testng.internal.Parameters.checkParameterTypes(Parameters.java:442)
	at org.testng.internal.Parameters.createParametersForMethod(Parameters.java:347)
	at org.testng.internal.Parameters.createParameters(Parameters.java:699)
	at org.testng.internal.Parameters.handleParameters(Parameters.java:885)
	at org.testng.internal.Parameters.handleParameters(Parameters.java:734)
	at org.testng.internal.invokers.ParameterHandler.handleParameters(ParameterHandler.java:72)
	at org.testng.internal.invokers.ParameterHandler.createParameters(ParameterHandler.java:51)
	at org.testng.internal.invokers.TestInvoker$MethodInvocationAgent.invoke(TestInvoker.java:949)
	at org.testng.internal.invokers.TestInvoker.invokeTestMethods(TestInvoker.java:203)
	at org.testng.internal.invokers.TestMethodWorker.invokeTestMethods(TestMethodWorker.java:154)
	at org.testng.internal.invokers.TestMethodWorker.run(TestMethodWorker.java:134)
	at java.base/java.util.ArrayList.forEach(ArrayList.java:1596)
	at org.testng.TestRunner.privateRun(TestRunner.java:741)
	at org.testng.TestRunner.run(TestRunner.java:616)
	at org.testng.SuiteRunner.runTest(SuiteRunner.java:421)
	at org.testng.SuiteRunner.runSequentially(SuiteRunner.java:413)
	at org.testng.SuiteRunner.privateRun(SuiteRunner.java:373)
	at org.testng.SuiteRunner.run(SuiteRunner.java:312)
	at org.testng.SuiteRunnerWorker.runSuite(SuiteRunnerWorker.java:52)
	at org.testng.SuiteRunnerWorker.run(SuiteRunnerWorker.java:95)
	at org.testng.TestNG.runSuitesSequentially(TestNG.java:1274)
	at org.testng.TestNG.runSuitesLocally(TestNG.java:1208)
	at org.testng.TestNG.runSuites(TestNG.java:1112)
	at org.testng.TestNG.run(TestNG.java:1079)
	at org.testng.remote.AbstractRemoteTestNG.run(AbstractRemoteTestNG.java:115)
	at org.testng.remote.RemoteTestNG.initAndRun(RemoteTestNG.java:293)
	at org.testng.remote.RemoteTestNG.main(RemoteTestNG.java:91)

2026-10-03 19:41:58 INFO  org.testng.internal.Utils - [TestNG] Time taken by org.testng.reporters.jq.Main@f316aeb: 72 ms
2026-10-03 19:41:58 INFO  org.testng.internal.Utils - [TestNG] Time taken by org.testng.reporters.FailedReporter@2a898881: 17 ms
2026-10-03 19:41:58 INFO  org.testng.internal.Utils - [TestNG] Time taken by org.testng.reporters.XMLReporter@687ef2e0: 10 ms
2026-10-03 19:41:58 INFO  org.testng.internal.Utils - [TestNG] Time taken by org.testng.reporters.EmailableReporter2@3212a8d7: 10 ms
2026-10-03 19:41:58 INFO  org.testng.internal.Utils - [TestNG] Time taken by org.testng.reporters.JUnitReportReporter@1852a3ff: 12 ms
2026-10-03 19:41:58 INFO  org.testng.internal.Utils - [TestNG] Time taken by org.testng.internal.ExitCodeListener@7203c7ff: 0 ms
2026-10-03 19:46:08 INFO  org.testng.internal.Utils - [Utils] MethodGroupsHelper.collectMethodsByGroup() took 1 ms.
2026-10-03 19:46:08 INFO  org.testng.internal.Utils - [Utils] MethodGroupsHelper.sortMethods() took 2 ms.
2026-10-03 19:46:08 INFO  org.testng.internal.Utils - [Utils] MethodGroupsHelper.collectMethodsByGroup() took 0 ms.
2026-10-03 19:46:08 INFO  org.testng.internal.Utils - [Utils] MethodGroupsHelper.sortMethods() took 0 ms.
2026-10-03 19:46:08 INFO  org.testng.internal.Utils - [Utils] MethodGroupsHelper.collectMethodsByGroup() took 0 ms.
2026-10-03 19:46:08 INFO  org.testng.internal.Utils - [Utils] MethodGroupsHelper.sortMethods() took 0 ms.
2026-10-03 19:46:08 INFO  org.testng.internal.Utils - [Utils] MethodGroupsHelper.collectMethodsByGroup() took 0 ms.
2026-10-03 19:46:08 INFO  org.testng.internal.Utils - [Utils] MethodGroupsHelper.sortMethods() took 0 ms.
2026-10-03 19:46:08 INFO  org.testng.internal.Utils - [Utils] MethodGroupsHelper.collectMethodsByGroup() took 0 ms.
2026-10-03 19:46:08 INFO  org.testng.internal.Utils - [Utils] MethodGroupsHelper.sortMethods() took 0 ms.
2026-10-03 19:46:08 INFO  org.testng.internal.Utils - [Utils] MethodGroupsHelper.collectMethodsByGroup() took 0 ms.
2026-10-03 19:46:08 INFO  org.testng.internal.Utils - [Utils] MethodGroupsHelper.sortMethods() took 0 ms.
2026-10-03 19:46:08 INFO  org.testng.internal.Utils - [Utils] MethodGroupsHelper.collectMethodsByGroup() took 0 ms.
2026-10-03 19:46:08 INFO  org.testng.internal.Utils - [Utils] MethodGroupsHelper.sortMethods() took 0 ms.
2026-10-03 19:46:08 INFO  org.testng.internal.Utils - [Utils] MethodGroupsHelper.collectMethodsByGroup() took 0 ms.
2026-10-03 19:46:08 INFO  org.testng.internal.Utils - [Utils] MethodGroupsHelper.sortMethods() took 0 ms.
2026-10-03 19:46:08 INFO  org.testng.internal.Utils - [Utils] MethodGroupsHelper.collectMethodsByGroup() took 4 ms.
2026-10-03 19:46:08 INFO  org.testng.internal.Utils - [Utils] MethodGroupsHelper.sortMethods() took 10 ms.
2026-10-03 19:46:08 INFO  org.testng.internal.Utils - [Utils] MethodGroupsHelper.collectMethodsByGroup() took 0 ms.
2026-10-03 19:46:08 INFO  org.testng.internal.Utils - [Utils] MethodGroupsHelper.sortMethods() took 0 ms.
2026-10-03 19:46:08 INFO  org.testng.internal.Utils - [Utils] MethodGroupsHelper.collectMethodsByGroup() took 0 ms.
2026-10-03 19:46:08 INFO  org.testng.internal.Utils - [Utils] MethodGroupsHelper.sortMethods() took 0 ms.
2026-10-03 19:46:08 INFO  org.testng.internal.Utils - [Utils] MethodGroupsHelper.collectMethodsByGroup() took 0 ms.
2026-10-03 19:46:08 INFO  org.testng.internal.Utils - [Utils] MethodGroupsHelper.sortMethods() took 0 ms.
2026-10-03 19:46:08 INFO  org.testng.internal.Utils - [Utils] MethodGroupsHelper.collectMethodsByGroup() took 1 ms.
2026-10-03 19:46:08 INFO  org.testng.internal.Utils - [Utils] MethodGroupsHelper.sortMethods() took 6 ms.
2026-10-03 19:46:08 INFO  org.testng.internal.Utils - [Utils] MethodGroupsHelper.collectMethodsByGroup() took 0 ms.
2026-10-03 19:46:08 INFO  org.testng.internal.Utils - [Utils] MethodGroupsHelper.sortMethods() took 0 ms.
2026-10-03 19:46:08 INFO  org.testng.internal.Utils - [Utils] MethodGroupsHelper.collectMethodsByGroup() took 0 ms.
2026-10-03 19:46:08 INFO  org.testng.internal.Utils - [Utils] MethodGroupsHelper.sortMethods() took 0 ms.
2026-10-03 19:46:08 INFO  org.testng.internal.Utils - [TestNG] Running:
  C:\Users\Rahul Kumar\AppData\Local\Temp\testng-eclipse-795653635\testng-customsuite.xml

2026-10-03 19:46:08 INFO  org.testng.internal.Utils - [Utils] DynamicGraphHelper.createDynamicGraph() took 4 ms.
2026-10-03 19:46:08 ERROR org.testng.internal.Utils - [Error] org.testng.TestNGException: 
Cannot inject @Test annotated Method [logOutSuccessTest] with [class pages.LoginPage].
For more information on native dependency injection please refer to https://testng.org/#_dependency_injection
	at org.testng.internal.Parameters.checkParameterTypes(Parameters.java:442)
	at org.testng.internal.Parameters.createParametersForMethod(Parameters.java:347)
	at org.testng.internal.Parameters.createParameters(Parameters.java:699)
	at org.testng.internal.Parameters.handleParameters(Parameters.java:885)
	at org.testng.internal.Parameters.handleParameters(Parameters.java:734)
	at org.testng.internal.invokers.ParameterHandler.handleParameters(ParameterHandler.java:72)
	at org.testng.internal.invokers.ParameterHandler.createParameters(ParameterHandler.java:51)
	at org.testng.internal.invokers.TestInvoker$MethodInvocationAgent.invoke(TestInvoker.java:949)
	at org.testng.internal.invokers.TestInvoker.invokeTestMethods(TestInvoker.java:203)
	at org.testng.internal.invokers.TestMethodWorker.invokeTestMethods(TestMethodWorker.java:154)
	at org.testng.internal.invokers.TestMethodWorker.run(TestMethodWorker.java:134)
	at java.base/java.util.ArrayList.forEach(ArrayList.java:1596)
	at org.testng.TestRunner.privateRun(TestRunner.java:741)
	at org.testng.TestRunner.run(TestRunner.java:616)
	at org.testng.SuiteRunner.runTest(SuiteRunner.java:421)
	at org.testng.SuiteRunner.runSequentially(SuiteRunner.java:413)
	at org.testng.SuiteRunner.privateRun(SuiteRunner.java:373)
	at org.testng.SuiteRunner.run(SuiteRunner.java:312)
	at org.testng.SuiteRunnerWorker.runSuite(SuiteRunnerWorker.java:52)
	at org.testng.SuiteRunnerWorker.run(SuiteRunnerWorker.java:95)
	at org.testng.TestNG.runSuitesSequentially(TestNG.java:1274)
	at org.testng.TestNG.runSuitesLocally(TestNG.java:1208)
	at org.testng.TestNG.runSuites(TestNG.java:1112)
	at org.testng.TestNG.run(TestNG.java:1079)
	at org.testng.remote.AbstractRemoteTestNG.run(AbstractRemoteTestNG.java:115)
	at org.testng.remote.RemoteTestNG.initAndRun(RemoteTestNG.java:293)
	at org.testng.remote.RemoteTestNG.main(RemoteTestNG.java:91)

2026-10-03 19:46:08 ERROR org.testng.internal.Utils - [Error] org.testng.TestNGException: 
Cannot inject @Test annotated Method [loginFailedTest] with [class pages.LoginPage].
For more information on native dependency injection please refer to https://testng.org/#_dependency_injection
	at org.testng.internal.Parameters.checkParameterTypes(Parameters.java:442)
	at org.testng.internal.Parameters.createParametersForMethod(Parameters.java:347)
	at org.testng.internal.Parameters.createParameters(Parameters.java:699)
	at org.testng.internal.Parameters.handleParameters(Parameters.java:885)
	at org.testng.internal.Parameters.handleParameters(Parameters.java:734)
	at org.testng.internal.invokers.ParameterHandler.handleParameters(ParameterHandler.java:72)
	at org.testng.internal.invokers.ParameterHandler.createParameters(ParameterHandler.java:51)
	at org.testng.internal.invokers.TestInvoker$MethodInvocationAgent.invoke(TestInvoker.java:949)
	at org.testng.internal.invokers.TestInvoker.invokeTestMethods(TestInvoker.java:203)
	at org.testng.internal.invokers.TestMethodWorker.invokeTestMethods(TestMethodWorker.java:154)
	at org.testng.internal.invokers.TestMethodWorker.run(TestMethodWorker.java:134)
	at java.base/java.util.ArrayList.forEach(ArrayList.java:1596)
	at org.testng.TestRunner.privateRun(TestRunner.java:741)
	at org.testng.TestRunner.run(TestRunner.java:616)
	at org.testng.SuiteRunner.runTest(SuiteRunner.java:421)
	at org.testng.SuiteRunner.runSequentially(SuiteRunner.java:413)
	at org.testng.SuiteRunner.privateRun(SuiteRunner.java:373)
	at org.testng.SuiteRunner.run(SuiteRunner.java:312)
	at org.testng.SuiteRunnerWorker.runSuite(SuiteRunnerWorker.java:52)
	at org.testng.SuiteRunnerWorker.run(SuiteRunnerWorker.java:95)
	at org.testng.TestNG.runSuitesSequentially(TestNG.java:1274)
	at org.testng.TestNG.runSuitesLocally(TestNG.java:1208)
	at org.testng.TestNG.runSuites(TestNG.java:1112)
	at org.testng.TestNG.run(TestNG.java:1079)
	at org.testng.remote.AbstractRemoteTestNG.run(AbstractRemoteTestNG.java:115)
	at org.testng.remote.RemoteTestNG.initAndRun(RemoteTestNG.java:293)
	at org.testng.remote.RemoteTestNG.main(RemoteTestNG.java:91)

2026-10-03 19:46:08 ERROR org.testng.internal.Utils - [Error] org.testng.TestNGException: 
Cannot inject @Test annotated Method [loginSuccessTest] with [class pages.LoginPage].
For more information on native dependency injection please refer to https://testng.org/#_dependency_injection
	at org.testng.internal.Parameters.checkParameterTypes(Parameters.java:442)
	at org.testng.internal.Parameters.createParametersForMethod(Parameters.java:347)
	at org.testng.internal.Parameters.createParameters(Parameters.java:699)
	at org.testng.internal.Parameters.handleParameters(Parameters.java:885)
	at org.testng.internal.Parameters.handleParameters(Parameters.java:734)
	at org.testng.internal.invokers.ParameterHandler.handleParameters(ParameterHandler.java:72)
	at org.testng.internal.invokers.ParameterHandler.createParameters(ParameterHandler.java:51)
	at org.testng.internal.invokers.TestInvoker$MethodInvocationAgent.invoke(TestInvoker.java:949)
	at org.testng.internal.invokers.TestInvoker.invokeTestMethods(TestInvoker.java:203)
	at org.testng.internal.invokers.TestMethodWorker.invokeTestMethods(TestMethodWorker.java:154)
	at org.testng.internal.invokers.TestMethodWorker.run(TestMethodWorker.java:134)
	at java.base/java.util.ArrayList.forEach(ArrayList.java:1596)
	at org.testng.TestRunner.privateRun(TestRunner.java:741)
	at org.testng.TestRunner.run(TestRunner.java:616)
	at org.testng.SuiteRunner.runTest(SuiteRunner.java:421)
	at org.testng.SuiteRunner.runSequentially(SuiteRunner.java:413)
	at org.testng.SuiteRunner.privateRun(SuiteRunner.java:373)
	at org.testng.SuiteRunner.run(SuiteRunner.java:312)
	at org.testng.SuiteRunnerWorker.runSuite(SuiteRunnerWorker.java:52)
	at org.testng.SuiteRunnerWorker.run(SuiteRunnerWorker.java:95)
	at org.testng.TestNG.runSuitesSequentially(TestNG.java:1274)
	at org.testng.TestNG.runSuitesLocally(TestNG.java:1208)
	at org.testng.TestNG.runSuites(TestNG.java:1112)
	at org.testng.TestNG.run(TestNG.java:1079)
	at org.testng.remote.AbstractRemoteTestNG.run(AbstractRemoteTestNG.java:115)
	at org.testng.remote.RemoteTestNG.initAndRun(RemoteTestNG.java:293)
	at org.testng.remote.RemoteTestNG.main(RemoteTestNG.java:91)

2026-10-03 19:46:08 INFO  org.testng.internal.Utils - [TestNG] Time taken by org.testng.reporters.jq.Main@f316aeb: 82 ms
2026-10-03 19:46:08 INFO  org.testng.internal.Utils - [TestNG] Time taken by org.testng.reporters.FailedReporter@2a898881: 19 ms
2026-10-03 19:46:08 INFO  org.testng.internal.Utils - [TestNG] Time taken by org.testng.reporters.XMLReporter@687ef2e0: 14 ms
2026-10-03 19:46:08 INFO  org.testng.internal.Utils - [TestNG] Time taken by org.testng.reporters.EmailableReporter2@3212a8d7: 7 ms
2026-10-03 19:46:08 INFO  org.testng.internal.Utils - [TestNG] Time taken by org.testng.reporters.JUnitReportReporter@1852a3ff: 11 ms
2026-10-03 19:46:08 INFO  org.testng.internal.Utils - [TestNG] Time taken by org.testng.internal.ExitCodeListener@7203c7ff: 1 ms
2026-10-03 19:56:56 INFO  org.testng.internal.Utils - [Utils] MethodGroupsHelper.collectMethodsByGroup() took 1 ms.
2026-10-03 19:56:56 INFO  org.testng.internal.Utils - [Utils] MethodGroupsHelper.sortMethods() took 1 ms.
2026-10-03 19:56:56 INFO  org.testng.internal.Utils - [Utils] MethodGroupsHelper.collectMethodsByGroup() took 0 ms.
2026-10-03 19:56:56 INFO  org.testng.internal.Utils - [Utils] MethodGroupsHelper.sortMethods() took 0 ms.
2026-10-03 19:56:56 INFO  org.testng.internal.Utils - [Utils] MethodGroupsHelper.collectMethodsByGroup() took 0 ms.
2026-10-03 19:56:56 INFO  org.testng.internal.Utils - [Utils] MethodGroupsHelper.sortMethods() took 0 ms.
2026-10-03 19:56:56 INFO  org.testng.internal.Utils - [Utils] MethodGroupsHelper.collectMethodsByGroup() took 0 ms.
2026-10-03 19:56:56 INFO  org.testng.internal.Utils - [Utils] MethodGroupsHelper.sortMethods() took 0 ms.
2026-10-03 19:56:56 INFO  org.testng.internal.Utils - [Utils] MethodGroupsHelper.collectMethodsByGroup() took 0 ms.
2026-10-03 19:56:56 INFO  org.testng.internal.Utils - [Utils] MethodGroupsHelper.sortMethods() took 0 ms.
2026-10-03 19:56:56 INFO  org.testng.internal.Utils - [Utils] MethodGroupsHelper.collectMethodsByGroup() took 0 ms.
2026-10-03 19:56:56 INFO  org.testng.internal.Utils - [Utils] MethodGroupsHelper.sortMethods() took 0 ms.
2026-10-03 19:56:56 INFO  org.testng.internal.Utils - [Utils] MethodGroupsHelper.collectMethodsByGroup() took 0 ms.
2026-10-03 19:56:56 INFO  org.testng.internal.Utils - [Utils] MethodGroupsHelper.sortMethods() took 0 ms.
2026-10-03 19:56:56 INFO  org.testng.internal.Utils - [Utils] MethodGroupsHelper.collectMethodsByGroup() took 0 ms.
2026-10-03 19:56:56 INFO  org.testng.internal.Utils - [Utils] MethodGroupsHelper.sortMethods() took 0 ms.
2026-10-03 19:56:56 INFO  org.testng.internal.Utils - [Utils] MethodGroupsHelper.collectMethodsByGroup() took 5 ms.
2026-10-03 19:56:56 INFO  org.testng.internal.Utils - [Utils] MethodGroupsHelper.sortMethods() took 10 ms.
2026-10-03 19:56:56 INFO  org.testng.internal.Utils - [Utils] MethodGroupsHelper.collectMethodsByGroup() took 0 ms.
2026-10-03 19:56:56 INFO  org.testng.internal.Utils - [Utils] MethodGroupsHelper.sortMethods() took 1 ms.
2026-10-03 19:56:56 INFO  org.testng.internal.Utils - [Utils] MethodGroupsHelper.collectMethodsByGroup() took 0 ms.
2026-10-03 19:56:56 INFO  org.testng.internal.Utils - [Utils] MethodGroupsHelper.sortMethods() took 0 ms.
2026-10-03 19:56:56 INFO  org.testng.internal.Utils - [Utils] MethodGroupsHelper.collectMethodsByGroup() took 0 ms.
2026-10-03 19:56:56 INFO  org.testng.internal.Utils - [Utils] MethodGroupsHelper.sortMethods() took 0 ms.
2026-10-03 19:56:56 INFO  org.testng.internal.Utils - [Utils] MethodGroupsHelper.collectMethodsByGroup() took 0 ms.
2026-10-03 19:56:56 INFO  org.testng.internal.Utils - [Utils] MethodGroupsHelper.sortMethods() took 0 ms.
2026-10-03 19:56:56 INFO  org.testng.internal.Utils - [Utils] MethodGroupsHelper.collectMethodsByGroup() took 0 ms.
2026-10-03 19:56:56 INFO  org.testng.internal.Utils - [Utils] MethodGroupsHelper.sortMethods() took 0 ms.
2026-10-03 19:56:56 INFO  org.testng.internal.Utils - [Utils] MethodGroupsHelper.collectMethodsByGroup() took 0 ms.
2026-10-03 19:56:56 INFO  org.testng.internal.Utils - [Utils] MethodGroupsHelper.sortMethods() took 0 ms.
2026-10-03 19:56:56 INFO  org.testng.internal.Utils - [TestNG] Running:
  C:\Users\Rahul Kumar\AppData\Local\Temp\testng-eclipse--799625339\testng-customsuite.xml

2026-10-03 19:56:56 INFO  org.testng.internal.Utils - [Utils] DynamicGraphHelper.createDynamicGraph() took 3 ms.
2026-10-03 19:56:56 ERROR org.testng.internal.Utils - [Error] org.testng.TestNGException: 
Cannot inject @Test annotated Method [loginSuccessTest] with [class pages.LoginPage].
For more information on native dependency injection please refer to https://testng.org/#_dependency_injection
	at org.testng.internal.Parameters.checkParameterTypes(Parameters.java:442)
	at org.testng.internal.Parameters.createParametersForMethod(Parameters.java:347)
	at org.testng.internal.Parameters.createParameters(Parameters.java:699)
	at org.testng.internal.Parameters.handleParameters(Parameters.java:885)
	at org.testng.internal.Parameters.handleParameters(Parameters.java:734)
	at org.testng.internal.invokers.ParameterHandler.handleParameters(ParameterHandler.java:72)
	at org.testng.internal.invokers.ParameterHandler.createParameters(ParameterHandler.java:51)
	at org.testng.internal.invokers.TestInvoker$MethodInvocationAgent.invoke(TestInvoker.java:949)
	at org.testng.internal.invokers.TestInvoker.invokeTestMethods(TestInvoker.java:203)
	at org.testng.internal.invokers.TestMethodWorker.invokeTestMethods(TestMethodWorker.java:154)
	at org.testng.internal.invokers.TestMethodWorker.run(TestMethodWorker.java:134)
	at java.base/java.util.ArrayList.forEach(ArrayList.java:1596)
	at org.testng.TestRunner.privateRun(TestRunner.java:741)
	at org.testng.TestRunner.run(TestRunner.java:616)
	at org.testng.SuiteRunner.runTest(SuiteRunner.java:421)
	at org.testng.SuiteRunner.runSequentially(SuiteRunner.java:413)
	at org.testng.SuiteRunner.privateRun(SuiteRunner.java:373)
	at org.testng.SuiteRunner.run(SuiteRunner.java:312)
	at org.testng.SuiteRunnerWorker.runSuite(SuiteRunnerWorker.java:52)
	at org.testng.SuiteRunnerWorker.run(SuiteRunnerWorker.java:95)
	at org.testng.TestNG.runSuitesSequentially(TestNG.java:1274)
	at org.testng.TestNG.runSuitesLocally(TestNG.java:1208)
	at org.testng.TestNG.runSuites(TestNG.java:1112)
	at org.testng.TestNG.run(TestNG.java:1079)
	at org.testng.remote.AbstractRemoteTestNG.run(AbstractRemoteTestNG.java:115)
	at org.testng.remote.RemoteTestNG.initAndRun(RemoteTestNG.java:293)
	at org.testng.remote.RemoteTestNG.main(RemoteTestNG.java:91)

2026-10-03 19:56:56 INFO  org.testng.internal.Utils - [TestNG] Time taken by org.testng.reporters.jq.Main@7241a47d: 83 ms
2026-10-03 19:56:56 INFO  org.testng.internal.Utils - [TestNG] Time taken by org.testng.reporters.FailedReporter@12ed9db6: 18 ms
2026-10-03 19:56:56 INFO  org.testng.internal.Utils - [TestNG] Time taken by org.testng.reporters.XMLReporter@2da59753: 14 ms
2026-10-03 19:56:56 INFO  org.testng.internal.Utils - [TestNG] Time taken by org.testng.reporters.EmailableReporter2@63f8276e: 12 ms
2026-10-03 19:56:56 INFO  org.testng.internal.Utils - [TestNG] Time taken by org.testng.reporters.JUnitReportReporter@635572a7: 9 ms
2026-10-03 19:56:56 INFO  org.testng.internal.Utils - [TestNG] Time taken by org.testng.internal.ExitCodeListener@79d94571: 0 ms
2026-10-03 19:58:39 INFO  org.testng.internal.Utils - [Utils] MethodGroupsHelper.collectMethodsByGroup() took 1 ms.
2026-10-03 19:58:39 INFO  org.testng.internal.Utils - [Utils] MethodGroupsHelper.sortMethods() took 2 ms.
2026-10-03 19:58:39 INFO  org.testng.internal.Utils - [Utils] MethodGroupsHelper.collectMethodsByGroup() took 0 ms.
2026-10-03 19:58:39 INFO  org.testng.internal.Utils - [Utils] MethodGroupsHelper.sortMethods() took 0 ms.
2026-10-03 19:58:39 INFO  org.testng.internal.Utils - [Utils] MethodGroupsHelper.collectMethodsByGroup() took 0 ms.
2026-10-03 19:58:39 INFO  org.testng.internal.Utils - [Utils] MethodGroupsHelper.sortMethods() took 0 ms.
2026-10-03 19:58:39 INFO  org.testng.internal.Utils - [Utils] MethodGroupsHelper.collectMethodsByGroup() took 0 ms.
2026-10-03 19:58:39 INFO  org.testng.internal.Utils - [Utils] MethodGroupsHelper.sortMethods() took 0 ms.
2026-10-03 19:58:39 INFO  org.testng.internal.Utils - [Utils] MethodGroupsHelper.collectMethodsByGroup() took 0 ms.
2026-10-03 19:58:39 INFO  org.testng.internal.Utils - [Utils] MethodGroupsHelper.sortMethods() took 0 ms.
2026-10-03 19:58:39 INFO  org.testng.internal.Utils - [Utils] MethodGroupsHelper.collectMethodsByGroup() took 0 ms.
2026-10-03 19:58:39 INFO  org.testng.internal.Utils - [Utils] MethodGroupsHelper.sortMethods() took 1 ms.
2026-10-03 19:58:39 INFO  org.testng.internal.Utils - [Utils] MethodGroupsHelper.collectMethodsByGroup() took 0 ms.
2026-10-03 19:58:39 INFO  org.testng.internal.Utils - [Utils] MethodGroupsHelper.sortMethods() took 0 ms.
2026-10-03 19:58:39 INFO  org.testng.internal.Utils - [Utils] MethodGroupsHelper.collectMethodsByGroup() took 0 ms.
2026-10-03 19:58:39 INFO  org.testng.internal.Utils - [Utils] MethodGroupsHelper.sortMethods() took 0 ms.
2026-10-03 19:58:39 INFO  org.testng.internal.Utils - [Utils] MethodGroupsHelper.collectMethodsByGroup() took 6 ms.
2026-10-03 19:58:39 INFO  org.testng.internal.Utils - [Utils] MethodGroupsHelper.sortMethods() took 8 ms.
2026-10-03 19:58:39 INFO  org.testng.internal.Utils - [Utils] MethodGroupsHelper.collectMethodsByGroup() took 0 ms.
2026-10-03 19:58:39 INFO  org.testng.internal.Utils - [Utils] MethodGroupsHelper.sortMethods() took 0 ms.
2026-10-03 19:58:39 INFO  org.testng.internal.Utils - [Utils] MethodGroupsHelper.collectMethodsByGroup() took 0 ms.
2026-10-03 19:58:39 INFO  org.testng.internal.Utils - [Utils] MethodGroupsHelper.sortMethods() took 0 ms.
2026-10-03 19:58:39 INFO  org.testng.internal.Utils - [Utils] MethodGroupsHelper.collectMethodsByGroup() took 0 ms.
2026-10-03 19:58:39 INFO  org.testng.internal.Utils - [Utils] MethodGroupsHelper.sortMethods() took 0 ms.
2026-10-03 19:58:39 INFO  org.testng.internal.Utils - [Utils] MethodGroupsHelper.collectMethodsByGroup() took 0 ms.
2026-10-03 19:58:39 INFO  org.testng.internal.Utils - [Utils] MethodGroupsHelper.sortMethods() took 1 ms.
2026-10-03 19:58:39 INFO  org.testng.internal.Utils - [Utils] MethodGroupsHelper.collectMethodsByGroup() took 0 ms.
2026-10-03 19:58:39 INFO  org.testng.internal.Utils - [Utils] MethodGroupsHelper.sortMethods() took 0 ms.
2026-10-03 19:58:39 INFO  org.testng.internal.Utils - [Utils] MethodGroupsHelper.collectMethodsByGroup() took 0 ms.
2026-10-03 19:58:39 INFO  org.testng.internal.Utils - [Utils] MethodGroupsHelper.sortMethods() took 0 ms.
2026-10-03 19:58:40 INFO  org.testng.internal.Utils - [TestNG] Running:
  C:\Users\Rahul Kumar\AppData\Local\Temp\testng-eclipse--175208523\testng-customsuite.xml

2026-10-03 19:58:40 INFO  org.testng.internal.Utils - [Utils] DynamicGraphHelper.createDynamicGraph() took 3 ms.
2026-10-03 19:58:40 INFO  tests.LoginTest - ***********Initializing Page Objects***********
2026-10-03 19:58:40 INFO  org.testng.internal.Utils - [TestNG] Time taken by org.testng.reporters.jq.Main@4b6690c0: 60 ms
2026-10-03 19:58:40 INFO  org.testng.internal.Utils - [TestNG] Time taken by org.testng.reporters.FailedReporter@32193bea: 19 ms
2026-10-03 19:58:40 INFO  org.testng.internal.Utils - [TestNG] Time taken by org.testng.reporters.XMLReporter@23aa363a: 10 ms
2026-10-03 19:58:40 INFO  org.testng.internal.Utils - [TestNG] Time taken by org.testng.reporters.EmailableReporter2@2cc44ad: 6 ms
2026-10-03 19:58:40 INFO  org.testng.internal.Utils - [TestNG] Time taken by org.testng.reporters.JUnitReportReporter@5b202a3a: 11 ms
2026-10-03 19:58:40 INFO  org.testng.internal.Utils - [TestNG] Time taken by org.testng.internal.ExitCodeListener@10b9db7b: 0 ms
2026-10-03 20:04:03 INFO  org.testng.internal.Utils - [TestNG] Running:
  C:\Users\Rahul Kumar\eclipse-workspace\orangeHRMProject\testng.xml

2026-10-03 20:04:03 INFO  tests.LoginTest - ***********Initializing Page Objects***********
2026-10-03 20:10:26 INFO  org.testng.internal.Utils - [Utils] MethodGroupsHelper.collectMethodsByGroup() took 0 ms.
2026-10-03 20:10:26 INFO  org.testng.internal.Utils - [Utils] MethodGroupsHelper.sortMethods() took 2 ms.
2026-10-03 20:10:26 INFO  org.testng.internal.Utils - [Utils] MethodGroupsHelper.collectMethodsByGroup() took 0 ms.
2026-10-03 20:10:26 INFO  org.testng.internal.Utils - [Utils] MethodGroupsHelper.sortMethods() took 0 ms.
2026-10-03 20:10:26 INFO  org.testng.internal.Utils - [Utils] MethodGroupsHelper.collectMethodsByGroup() took 0 ms.
2026-10-03 20:10:26 INFO  org.testng.internal.Utils - [Utils] MethodGroupsHelper.sortMethods() took 0 ms.
2026-10-03 20:10:26 INFO  org.testng.internal.Utils - [Utils] MethodGroupsHelper.collectMethodsByGroup() took 0 ms.
2026-10-03 20:10:26 INFO  org.testng.internal.Utils - [Utils] MethodGroupsHelper.sortMethods() took 0 ms.
2026-10-03 20:10:26 INFO  org.testng.internal.Utils - [Utils] MethodGroupsHelper.collectMethodsByGroup() took 0 ms.
2026-10-03 20:10:26 INFO  org.testng.internal.Utils - [Utils] MethodGroupsHelper.sortMethods() took 0 ms.
2026-10-03 20:10:26 INFO  org.testng.internal.Utils - [Utils] MethodGroupsHelper.collectMethodsByGroup() took 0 ms.
2026-10-03 20:10:26 INFO  org.testng.internal.Utils - [Utils] MethodGroupsHelper.sortMethods() took 0 ms.
2026-10-03 20:10:26 INFO  org.testng.internal.Utils - [Utils] MethodGroupsHelper.collectMethodsByGroup() took 0 ms.
2026-10-03 20:10:26 INFO  org.testng.internal.Utils - [Utils] MethodGroupsHelper.sortMethods() took 0 ms.
2026-10-03 20:10:26 INFO  org.testng.internal.Utils - [Utils] MethodGroupsHelper.collectMethodsByGroup() took 0 ms.
2026-10-03 20:10:26 INFO  org.testng.internal.Utils - [Utils] MethodGroupsHelper.sortMethods() took 0 ms.
2026-10-03 20:10:26 INFO  org.testng.internal.Utils - [Utils] MethodGroupsHelper.collectMethodsByGroup() took 5 ms.
2026-10-03 20:10:26 INFO  org.testng.internal.Utils - [Utils] MethodGroupsHelper.sortMethods() took 10 ms.
2026-10-03 20:10:26 INFO  org.testng.internal.Utils - [Utils] MethodGroupsHelper.collectMethodsByGroup() took 0 ms.
2026-10-03 20:10:26 INFO  org.testng.internal.Utils - [Utils] MethodGroupsHelper.sortMethods() took 1 ms.
2026-10-03 20:10:26 INFO  org.testng.internal.Utils - [Utils] MethodGroupsHelper.collectMethodsByGroup() took 0 ms.
2026-10-03 20:10:26 INFO  org.testng.internal.Utils - [Utils] MethodGroupsHelper.sortMethods() took 0 ms.
2026-10-03 20:10:26 INFO  org.testng.internal.Utils - [Utils] MethodGroupsHelper.collectMethodsByGroup() took 0 ms.
2026-10-03 20:10:26 INFO  org.testng.internal.Utils - [Utils] MethodGroupsHelper.sortMethods() took 0 ms.
2026-10-03 20:10:26 INFO  org.testng.internal.Utils - [Utils] MethodGroupsHelper.collectMethodsByGroup() took 1 ms.
2026-10-03 20:10:26 INFO  org.testng.internal.Utils - [Utils] MethodGroupsHelper.sortMethods() took 0 ms.
2026-10-03 20:10:26 INFO  org.testng.internal.Utils - [Utils] MethodGroupsHelper.collectMethodsByGroup() took 0 ms.
2026-10-03 20:10:26 INFO  org.testng.internal.Utils - [Utils] MethodGroupsHelper.sortMethods() took 0 ms.
2026-10-03 20:10:26 INFO  org.testng.internal.Utils - [Utils] MethodGroupsHelper.collectMethodsByGroup() took 0 ms.
2026-10-03 20:10:26 INFO  org.testng.internal.Utils - [Utils] MethodGroupsHelper.sortMethods() took 0 ms.
2026-10-03 20:10:26 INFO  org.testng.internal.Utils - [TestNG] Running:
  C:\Users\Rahul Kumar\AppData\Local\Temp\testng-eclipse-532921566\testng-customsuite.xml

2026-10-03 20:10:26 INFO  org.testng.internal.Utils - [Utils] DynamicGraphHelper.createDynamicGraph() took 4 ms.
2026-10-03 20:10:26 INFO  tests.LoginTest - ***********Initializing Page Objects***********
2026-10-03 20:10:26 INFO  org.testng.internal.Utils - [TestNG] Time taken by org.testng.reporters.jq.Main@46268f08: 64 ms
2026-10-03 20:10:26 INFO  org.testng.internal.Utils - [TestNG] Time taken by org.testng.reporters.FailedReporter@6b8d96d9: 16 ms
2026-10-03 20:10:26 INFO  org.testng.internal.Utils - [TestNG] Time taken by org.testng.reporters.XMLReporter@5ef6ae06: 8 ms
2026-10-03 20:10:26 INFO  org.testng.internal.Utils - [TestNG] Time taken by org.testng.reporters.EmailableReporter2@44b3606b: 7 ms
2026-10-03 20:10:26 INFO  org.testng.internal.Utils - [TestNG] Time taken by org.testng.reporters.JUnitReportReporter@10b9db7b: 7 ms
2026-10-03 20:10:26 INFO  org.testng.internal.Utils - [TestNG] Time taken by org.testng.internal.ExitCodeListener@9ef8eb7: 0 ms
2026-10-03 20:13:02 INFO  org.testng.internal.Utils - [TestNG] Running:
  C:\Users\Rahul Kumar\eclipse-workspace\orangeHRMProject\testng.xml

2026-10-03 20:13:02 INFO  tests.LoginTest - ***********Initializing Page Objects***********
2026-10-03 20:16:53 INFO  org.testng.internal.Utils - [Utils] MethodGroupsHelper.collectMethodsByGroup() took 0 ms.
2026-10-03 20:16:53 INFO  org.testng.internal.Utils - [Utils] MethodGroupsHelper.sortMethods() took 2 ms.
2026-10-03 20:16:53 INFO  org.testng.internal.Utils - [Utils] MethodGroupsHelper.collectMethodsByGroup() took 0 ms.
2026-10-03 20:16:53 INFO  org.testng.internal.Utils - [Utils] MethodGroupsHelper.sortMethods() took 0 ms.
2026-10-03 20:16:53 INFO  org.testng.internal.Utils - [Utils] MethodGroupsHelper.collectMethodsByGroup() took 0 ms.
2026-10-03 20:16:53 INFO  org.testng.internal.Utils - [Utils] MethodGroupsHelper.sortMethods() took 0 ms.
2026-10-03 20:16:53 INFO  org.testng.internal.Utils - [Utils] MethodGroupsHelper.collectMethodsByGroup() took 0 ms.
2026-10-03 20:16:53 INFO  org.testng.internal.Utils - [Utils] MethodGroupsHelper.sortMethods() took 0 ms.
2026-10-03 20:16:53 INFO  org.testng.internal.Utils - [Utils] MethodGroupsHelper.collectMethodsByGroup() took 0 ms.
2026-10-03 20:16:53 INFO  org.testng.internal.Utils - [Utils] MethodGroupsHelper.sortMethods() took 0 ms.
2026-10-03 20:16:53 INFO  org.testng.internal.Utils - [Utils] MethodGroupsHelper.collectMethodsByGroup() took 0 ms.
2026-10-03 20:16:53 INFO  org.testng.internal.Utils - [Utils] MethodGroupsHelper.sortMethods() took 0 ms.
2026-10-03 20:16:53 INFO  org.testng.internal.Utils - [Utils] MethodGroupsHelper.collectMethodsByGroup() took 0 ms.
2026-10-03 20:16:53 INFO  org.testng.internal.Utils - [Utils] MethodGroupsHelper.sortMethods() took 0 ms.
2026-10-03 20:16:53 INFO  org.testng.internal.Utils - [Utils] MethodGroupsHelper.collectMethodsByGroup() took 0 ms.
2026-10-03 20:16:53 INFO  org.testng.internal.Utils - [Utils] MethodGroupsHelper.sortMethods() took 0 ms.
2026-10-03 20:16:53 INFO  org.testng.internal.Utils - [Utils] MethodGroupsHelper.collectMethodsByGroup() took 6 ms.
2026-10-03 20:16:53 INFO  org.testng.internal.Utils - [Utils] MethodGroupsHelper.sortMethods() took 8 ms.
2026-10-03 20:16:53 INFO  org.testng.internal.Utils - [Utils] MethodGroupsHelper.collectMethodsByGroup() took 0 ms.
2026-10-03 20:16:53 INFO  org.testng.internal.Utils - [Utils] MethodGroupsHelper.sortMethods() took 0 ms.
2026-10-03 20:16:53 INFO  org.testng.internal.Utils - [Utils] MethodGroupsHelper.collectMethodsByGroup() took 0 ms.
2026-10-03 20:16:53 INFO  org.testng.internal.Utils - [Utils] MethodGroupsHelper.sortMethods() took 0 ms.
2026-10-03 20:16:53 INFO  org.testng.internal.Utils - [Utils] MethodGroupsHelper.collectMethodsByGroup() took 0 ms.
2026-10-03 20:16:53 INFO  org.testng.internal.Utils - [Utils] MethodGroupsHelper.sortMethods() took 0 ms.
2026-10-03 20:16:53 INFO  org.testng.internal.Utils - [Utils] MethodGroupsHelper.collectMethodsByGroup() took 0 ms.
2026-10-03 20:16:53 INFO  org.testng.internal.Utils - [Utils] MethodGroupsHelper.sortMethods() took 1 ms.
2026-10-03 20:16:53 INFO  org.testng.internal.Utils - [Utils] MethodGroupsHelper.collectMethodsByGroup() took 0 ms.
2026-10-03 20:16:53 INFO  org.testng.internal.Utils - [Utils] MethodGroupsHelper.sortMethods() took 0 ms.
2026-10-03 20:16:53 INFO  org.testng.internal.Utils - [Utils] MethodGroupsHelper.collectMethodsByGroup() took 0 ms.
2026-10-03 20:16:53 INFO  org.testng.internal.Utils - [Utils] MethodGroupsHelper.sortMethods() took 0 ms.
2026-10-03 20:16:53 INFO  org.testng.internal.Utils - [TestNG] Running:
  C:\Users\Rahul Kumar\AppData\Local\Temp\testng-eclipse-1314899897\testng-customsuite.xml

2026-10-03 20:16:53 INFO  org.testng.internal.Utils - [Utils] DynamicGraphHelper.createDynamicGraph() took 3 ms.
2026-10-03 20:16:53 INFO  tests.LoginTest - ***********Initializing Page Objects***********
2026-10-03 20:16:53 INFO  pages.LoginPage - ****Initiating LoginPage********
2026-10-03 20:16:53 INFO  pages.LoginPage - ******Logging into app****
2026-10-03 20:16:53 INFO  pages.LoginPage - ****Entering Username********
2026-10-03 20:16:53 INFO  pages.LoginPage - ******Checking Presence of Username Field******
2026-10-03 20:16:53 INFO  org.testng.internal.Utils - [TestNG] Time taken by org.testng.reporters.jq.Main@6b53bcc2: 65 ms
2026-10-03 20:16:53 INFO  org.testng.internal.Utils - [TestNG] Time taken by org.testng.reporters.FailedReporter@4bff64c2: 14 ms
2026-10-03 20:16:53 INFO  org.testng.internal.Utils - [TestNG] Time taken by org.testng.reporters.XMLReporter@119020fb: 9 ms
2026-10-03 20:16:53 INFO  org.testng.internal.Utils - [TestNG] Time taken by org.testng.reporters.EmailableReporter2@319bc845: 7 ms
2026-10-03 20:16:53 INFO  org.testng.internal.Utils - [TestNG] Time taken by org.testng.reporters.JUnitReportReporter@3569fc08: 10 ms
2026-10-03 20:16:53 INFO  org.testng.internal.Utils - [TestNG] Time taken by org.testng.internal.ExitCodeListener@20b12f8a: 0 ms
2026-10-03 20:17:55 INFO  org.testng.internal.Utils - [Utils] MethodGroupsHelper.collectMethodsByGroup() took 0 ms.
2026-10-03 20:17:55 INFO  org.testng.internal.Utils - [Utils] MethodGroupsHelper.sortMethods() took 2 ms.
2026-10-03 20:17:55 INFO  org.testng.internal.Utils - [Utils] MethodGroupsHelper.collectMethodsByGroup() took 0 ms.
2026-10-03 20:17:55 INFO  org.testng.internal.Utils - [Utils] MethodGroupsHelper.sortMethods() took 0 ms.
2026-10-03 20:17:55 INFO  org.testng.internal.Utils - [Utils] MethodGroupsHelper.collectMethodsByGroup() took 0 ms.
2026-10-03 20:17:55 INFO  org.testng.internal.Utils - [Utils] MethodGroupsHelper.sortMethods() took 0 ms.
2026-10-03 20:17:55 INFO  org.testng.internal.Utils - [Utils] MethodGroupsHelper.collectMethodsByGroup() took 0 ms.
2026-10-03 20:17:55 INFO  org.testng.internal.Utils - [Utils] MethodGroupsHelper.sortMethods() took 0 ms.
2026-10-03 20:17:55 INFO  org.testng.internal.Utils - [Utils] MethodGroupsHelper.collectMethodsByGroup() took 0 ms.
2026-10-03 20:17:55 INFO  org.testng.internal.Utils - [Utils] MethodGroupsHelper.sortMethods() took 0 ms.
2026-10-03 20:17:55 INFO  org.testng.internal.Utils - [Utils] MethodGroupsHelper.collectMethodsByGroup() took 0 ms.
2026-10-03 20:17:55 INFO  org.testng.internal.Utils - [Utils] MethodGroupsHelper.sortMethods() took 0 ms.
2026-10-03 20:17:55 INFO  org.testng.internal.Utils - [Utils] MethodGroupsHelper.collectMethodsByGroup() took 0 ms.
2026-10-03 20:17:55 INFO  org.testng.internal.Utils - [Utils] MethodGroupsHelper.sortMethods() took 0 ms.
2026-10-03 20:17:55 INFO  org.testng.internal.Utils - [Utils] MethodGroupsHelper.collectMethodsByGroup() took 0 ms.
2026-10-03 20:17:55 INFO  org.testng.internal.Utils - [Utils] MethodGroupsHelper.sortMethods() took 0 ms.
2026-10-03 20:17:55 INFO  org.testng.internal.Utils - [Utils] MethodGroupsHelper.collectMethodsByGroup() took 4 ms.
2026-10-03 20:17:55 INFO  org.testng.internal.Utils - [Utils] MethodGroupsHelper.sortMethods() took 17 ms.
2026-10-03 20:17:55 INFO  org.testng.internal.Utils - [Utils] MethodGroupsHelper.collectMethodsByGroup() took 0 ms.
2026-10-03 20:17:55 INFO  org.testng.internal.Utils - [Utils] MethodGroupsHelper.sortMethods() took 0 ms.
2026-10-03 20:17:55 INFO  org.testng.internal.Utils - [Utils] MethodGroupsHelper.collectMethodsByGroup() took 0 ms.
2026-10-03 20:17:55 INFO  org.testng.internal.Utils - [Utils] MethodGroupsHelper.sortMethods() took 0 ms.
2026-10-03 20:17:55 INFO  org.testng.internal.Utils - [Utils] MethodGroupsHelper.collectMethodsByGroup() took 0 ms.
2026-10-03 20:17:55 INFO  org.testng.internal.Utils - [Utils] MethodGroupsHelper.sortMethods() took 0 ms.
2026-10-03 20:17:55 INFO  org.testng.internal.Utils - [Utils] MethodGroupsHelper.collectMethodsByGroup() took 1 ms.
2026-10-03 20:17:55 INFO  org.testng.internal.Utils - [Utils] MethodGroupsHelper.sortMethods() took 0 ms.
2026-10-03 20:17:55 INFO  org.testng.internal.Utils - [Utils] MethodGroupsHelper.collectMethodsByGroup() took 0 ms.
2026-10-03 20:17:55 INFO  org.testng.internal.Utils - [Utils] MethodGroupsHelper.sortMethods() took 0 ms.
2026-10-03 20:17:55 INFO  org.testng.internal.Utils - [Utils] MethodGroupsHelper.collectMethodsByGroup() took 0 ms.
2026-10-03 20:17:55 INFO  org.testng.internal.Utils - [Utils] MethodGroupsHelper.sortMethods() took 0 ms.
2026-10-03 20:17:55 INFO  org.testng.internal.Utils - [TestNG] Running:
  C:\Users\Rahul Kumar\AppData\Local\Temp\testng-eclipse--849453872\testng-customsuite.xml

2026-10-03 20:17:55 INFO  org.testng.internal.Utils - [Utils] DynamicGraphHelper.createDynamicGraph() took 3 ms.
2026-10-03 20:17:55 INFO  org.testng.internal.Utils - [TestNG] Time taken by org.testng.reporters.jq.Main@3ed242a4: 62 ms
2026-10-03 20:17:55 INFO  org.testng.internal.Utils - [TestNG] Time taken by org.testng.reporters.FailedReporter@1d3ac898: 15 ms
2026-10-03 20:17:55 INFO  org.testng.internal.Utils - [TestNG] Time taken by org.testng.reporters.XMLReporter@6ee660fb: 8 ms
2026-10-03 20:17:55 INFO  org.testng.internal.Utils - [TestNG] Time taken by org.testng.reporters.EmailableReporter2@6d23017e: 7 ms
2026-10-03 20:17:55 INFO  org.testng.internal.Utils - [TestNG] Time taken by org.testng.reporters.JUnitReportReporter@10ded6a9: 7 ms
2026-10-03 20:17:55 INFO  org.testng.internal.Utils - [TestNG] Time taken by org.testng.internal.ExitCodeListener@c5dc4a2: 1 ms
2026-10-03 20:19:04 INFO  org.testng.internal.Utils - [Utils] MethodGroupsHelper.collectMethodsByGroup() took 0 ms.
2026-10-03 20:19:04 INFO  org.testng.internal.Utils - [Utils] MethodGroupsHelper.sortMethods() took 1 ms.
2026-10-03 20:19:04 INFO  org.testng.internal.Utils - [Utils] MethodGroupsHelper.collectMethodsByGroup() took 0 ms.
2026-10-03 20:19:04 INFO  org.testng.internal.Utils - [Utils] MethodGroupsHelper.sortMethods() took 0 ms.
2026-10-03 20:19:04 INFO  org.testng.internal.Utils - [Utils] MethodGroupsHelper.collectMethodsByGroup() took 0 ms.
2026-10-03 20:19:04 INFO  org.testng.internal.Utils - [Utils] MethodGroupsHelper.sortMethods() took 0 ms.
2026-10-03 20:19:04 INFO  org.testng.internal.Utils - [Utils] MethodGroupsHelper.collectMethodsByGroup() took 0 ms.
2026-10-03 20:19:04 INFO  org.testng.internal.Utils - [Utils] MethodGroupsHelper.sortMethods() took 0 ms.
2026-10-03 20:19:04 INFO  org.testng.internal.Utils - [Utils] MethodGroupsHelper.collectMethodsByGroup() took 0 ms.
2026-10-03 20:19:04 INFO  org.testng.internal.Utils - [Utils] MethodGroupsHelper.sortMethods() took 0 ms.
2026-10-03 20:19:04 INFO  org.testng.internal.Utils - [Utils] MethodGroupsHelper.collectMethodsByGroup() took 0 ms.
2026-10-03 20:19:04 INFO  org.testng.internal.Utils - [Utils] MethodGroupsHelper.sortMethods() took 0 ms.
2026-10-03 20:19:04 INFO  org.testng.internal.Utils - [Utils] MethodGroupsHelper.collectMethodsByGroup() took 0 ms.
2026-10-03 20:19:04 INFO  org.testng.internal.Utils - [Utils] MethodGroupsHelper.sortMethods() took 0 ms.
2026-10-03 20:19:04 INFO  org.testng.internal.Utils - [Utils] MethodGroupsHelper.collectMethodsByGroup() took 0 ms.
2026-10-03 20:19:04 INFO  org.testng.internal.Utils - [Utils] MethodGroupsHelper.sortMethods() took 0 ms.
2026-10-03 20:19:04 INFO  org.testng.internal.Utils - [Utils] MethodGroupsHelper.collectMethodsByGroup() took 5 ms.
2026-10-03 20:19:04 INFO  org.testng.internal.Utils - [Utils] MethodGroupsHelper.sortMethods() took 20 ms.
2026-10-03 20:19:04 INFO  org.testng.internal.Utils - [Utils] MethodGroupsHelper.collectMethodsByGroup() took 0 ms.
2026-10-03 20:19:04 INFO  org.testng.internal.Utils - [Utils] MethodGroupsHelper.sortMethods() took 1 ms.
2026-10-03 20:19:04 INFO  org.testng.internal.Utils - [Utils] MethodGroupsHelper.collectMethodsByGroup() took 0 ms.
2026-10-03 20:19:04 INFO  org.testng.internal.Utils - [Utils] MethodGroupsHelper.sortMethods() took 0 ms.
2026-10-03 20:19:04 INFO  org.testng.internal.Utils - [Utils] MethodGroupsHelper.collectMethodsByGroup() took 0 ms.
2026-10-03 20:19:04 INFO  org.testng.internal.Utils - [Utils] MethodGroupsHelper.sortMethods() took 0 ms.
2026-10-03 20:19:04 INFO  org.testng.internal.Utils - [Utils] MethodGroupsHelper.collectMethodsByGroup() took 0 ms.
2026-10-03 20:19:04 INFO  org.testng.internal.Utils - [Utils] MethodGroupsHelper.sortMethods() took 0 ms.
2026-10-03 20:19:04 INFO  org.testng.internal.Utils - [Utils] MethodGroupsHelper.collectMethodsByGroup() took 0 ms.
2026-10-03 20:19:04 INFO  org.testng.internal.Utils - [Utils] MethodGroupsHelper.sortMethods() took 0 ms.
2026-10-03 20:19:04 INFO  org.testng.internal.Utils - [Utils] MethodGroupsHelper.collectMethodsByGroup() took 0 ms.
2026-10-03 20:19:04 INFO  org.testng.internal.Utils - [Utils] MethodGroupsHelper.sortMethods() took 0 ms.
2026-10-03 20:19:04 INFO  org.testng.internal.Utils - [TestNG] Running:
  C:\Users\Rahul Kumar\AppData\Local\Temp\testng-eclipse--944578796\testng-customsuite.xml

2026-10-03 20:19:04 INFO  org.testng.internal.Utils - [Utils] DynamicGraphHelper.createDynamicGraph() took 3 ms.
2026-10-03 20:19:04 INFO  org.testng.internal.Utils - [TestNG] Time taken by org.testng.reporters.jq.Main@3ed242a4: 62 ms
2026-10-03 20:19:04 INFO  org.testng.internal.Utils - [TestNG] Time taken by org.testng.reporters.FailedReporter@1d3ac898: 14 ms
2026-10-03 20:19:04 INFO  org.testng.internal.Utils - [TestNG] Time taken by org.testng.reporters.XMLReporter@6ee660fb: 10 ms
2026-10-03 20:19:04 INFO  org.testng.internal.Utils - [TestNG] Time taken by org.testng.reporters.EmailableReporter2@6d23017e: 6 ms
2026-10-03 20:19:04 INFO  org.testng.internal.Utils - [TestNG] Time taken by org.testng.reporters.JUnitReportReporter@10ded6a9: 9 ms
2026-10-03 20:19:04 INFO  org.testng.internal.Utils - [TestNG] Time taken by org.testng.internal.ExitCodeListener@c5dc4a2: 0 ms
2026-10-03 20:25:27 INFO  org.testng.internal.Utils - [Utils] MethodGroupsHelper.collectMethodsByGroup() took 0 ms.
2026-10-03 20:25:27 INFO  org.testng.internal.Utils - [Utils] MethodGroupsHelper.sortMethods() took 1 ms.
2026-10-03 20:25:27 INFO  org.testng.internal.Utils - [Utils] MethodGroupsHelper.collectMethodsByGroup() took 0 ms.
2026-10-03 20:25:27 INFO  org.testng.internal.Utils - [Utils] MethodGroupsHelper.sortMethods() took 0 ms.
2026-10-03 20:25:27 INFO  org.testng.internal.Utils - [Utils] MethodGroupsHelper.collectMethodsByGroup() took 0 ms.
2026-10-03 20:25:27 INFO  org.testng.internal.Utils - [Utils] MethodGroupsHelper.sortMethods() took 0 ms.
2026-10-03 20:25:27 INFO  org.testng.internal.Utils - [Utils] MethodGroupsHelper.collectMethodsByGroup() took 0 ms.
2026-10-03 20:25:27 INFO  org.testng.internal.Utils - [Utils] MethodGroupsHelper.sortMethods() took 0 ms.
2026-10-03 20:25:27 INFO  org.testng.internal.Utils - [Utils] MethodGroupsHelper.collectMethodsByGroup() took 0 ms.
2026-10-03 20:25:27 INFO  org.testng.internal.Utils - [Utils] MethodGroupsHelper.sortMethods() took 0 ms.
2026-10-03 20:25:27 INFO  org.testng.internal.Utils - [Utils] MethodGroupsHelper.collectMethodsByGroup() took 0 ms.
2026-10-03 20:25:27 INFO  org.testng.internal.Utils - [Utils] MethodGroupsHelper.sortMethods() took 0 ms.
2026-10-03 20:25:27 INFO  org.testng.internal.Utils - [Utils] MethodGroupsHelper.collectMethodsByGroup() took 0 ms.
2026-10-03 20:25:27 INFO  org.testng.internal.Utils - [Utils] MethodGroupsHelper.sortMethods() took 0 ms.
2026-10-03 20:25:27 INFO  org.testng.internal.Utils - [Utils] MethodGroupsHelper.collectMethodsByGroup() took 0 ms.
2026-10-03 20:25:27 INFO  org.testng.internal.Utils - [Utils] MethodGroupsHelper.sortMethods() took 0 ms.
2026-10-03 20:25:27 INFO  org.testng.internal.Utils - [Utils] MethodGroupsHelper.collectMethodsByGroup() took 5 ms.
2026-10-03 20:25:27 INFO  org.testng.internal.Utils - [Utils] MethodGroupsHelper.sortMethods() took 7 ms.
2026-10-03 20:25:27 INFO  org.testng.internal.Utils - [Utils] MethodGroupsHelper.collectMethodsByGroup() took 0 ms.
2026-10-03 20:25:27 INFO  org.testng.internal.Utils - [Utils] MethodGroupsHelper.sortMethods() took 0 ms.
2026-10-03 20:25:27 INFO  org.testng.internal.Utils - [Utils] MethodGroupsHelper.collectMethodsByGroup() took 0 ms.
2026-10-03 20:25:27 INFO  org.testng.internal.Utils - [Utils] MethodGroupsHelper.sortMethods() took 0 ms.
2026-10-03 20:25:27 INFO  org.testng.internal.Utils - [Utils] MethodGroupsHelper.collectMethodsByGroup() took 0 ms.
2026-10-03 20:25:27 INFO  org.testng.internal.Utils - [Utils] MethodGroupsHelper.sortMethods() took 0 ms.
2026-10-03 20:25:27 INFO  org.testng.internal.Utils - [Utils] MethodGroupsHelper.collectMethodsByGroup() took 1 ms.
2026-10-03 20:25:27 INFO  org.testng.internal.Utils - [Utils] MethodGroupsHelper.sortMethods() took 1 ms.
2026-10-03 20:25:27 INFO  org.testng.internal.Utils - [Utils] MethodGroupsHelper.collectMethodsByGroup() took 0 ms.
2026-10-03 20:25:27 INFO  org.testng.internal.Utils - [Utils] MethodGroupsHelper.sortMethods() took 0 ms.
2026-10-03 20:25:27 INFO  org.testng.internal.Utils - [Utils] MethodGroupsHelper.collectMethodsByGroup() took 0 ms.
2026-10-03 20:25:27 INFO  org.testng.internal.Utils - [Utils] MethodGroupsHelper.sortMethods() took 0 ms.
2026-10-03 20:25:27 INFO  org.testng.internal.Utils - [TestNG] Running:
  C:\Users\Rahul Kumar\AppData\Local\Temp\testng-eclipse-189247733\testng-customsuite.xml

2026-10-03 20:25:27 INFO  org.testng.internal.Utils - [Utils] DynamicGraphHelper.createDynamicGraph() took 2 ms.
2026-10-03 20:25:27 INFO  tests.LoginTest - ***********Initializing Page Objects***********
2026-10-03 20:25:27 INFO  pages.LoginPage - ****Initiating LoginPage********
2026-10-03 20:25:27 INFO  pages.LoginPage - ******Logging into app****
2026-10-03 20:25:27 INFO  pages.LoginPage - ****Entering Username********
2026-10-03 20:25:27 INFO  pages.LoginPage - ******Checking Presence of Username Field******
2026-10-03 20:25:28 INFO  org.testng.internal.Utils - [TestNG] Time taken by org.testng.reporters.jq.Main@6b53bcc2: 60 ms
2026-10-03 20:25:28 INFO  org.testng.internal.Utils - [TestNG] Time taken by org.testng.reporters.FailedReporter@4bff64c2: 13 ms
2026-10-03 20:25:28 INFO  org.testng.internal.Utils - [TestNG] Time taken by org.testng.reporters.XMLReporter@119020fb: 9 ms
2026-10-03 20:25:28 INFO  org.testng.internal.Utils - [TestNG] Time taken by org.testng.reporters.EmailableReporter2@319bc845: 8 ms
2026-10-03 20:25:28 INFO  org.testng.internal.Utils - [TestNG] Time taken by org.testng.reporters.JUnitReportReporter@3569fc08: 9 ms
2026-10-03 20:25:28 INFO  org.testng.internal.Utils - [TestNG] Time taken by org.testng.internal.ExitCodeListener@20b12f8a: 0 ms
2026-10-03 20:26:16 INFO  org.testng.internal.Utils - [Utils] MethodGroupsHelper.collectMethodsByGroup() took 0 ms.
2026-10-03 20:26:16 INFO  org.testng.internal.Utils - [Utils] MethodGroupsHelper.sortMethods() took 1 ms.
2026-10-03 20:26:16 INFO  org.testng.internal.Utils - [Utils] MethodGroupsHelper.collectMethodsByGroup() took 0 ms.
2026-10-03 20:26:16 INFO  org.testng.internal.Utils - [Utils] MethodGroupsHelper.sortMethods() took 0 ms.
2026-10-03 20:26:16 INFO  org.testng.internal.Utils - [Utils] MethodGroupsHelper.collectMethodsByGroup() took 0 ms.
2026-10-03 20:26:16 INFO  org.testng.internal.Utils - [Utils] MethodGroupsHelper.sortMethods() took 0 ms.
2026-10-03 20:26:16 INFO  org.testng.internal.Utils - [Utils] MethodGroupsHelper.collectMethodsByGroup() took 0 ms.
2026-10-03 20:26:16 INFO  org.testng.internal.Utils - [Utils] MethodGroupsHelper.sortMethods() took 0 ms.
2026-10-03 20:26:16 INFO  org.testng.internal.Utils - [Utils] MethodGroupsHelper.collectMethodsByGroup() took 0 ms.
2026-10-03 20:26:16 INFO  org.testng.internal.Utils - [Utils] MethodGroupsHelper.sortMethods() took 0 ms.
2026-10-03 20:26:16 INFO  org.testng.internal.Utils - [Utils] MethodGroupsHelper.collectMethodsByGroup() took 0 ms.
2026-10-03 20:26:16 INFO  org.testng.internal.Utils - [Utils] MethodGroupsHelper.sortMethods() took 0 ms.
2026-10-03 20:26:16 INFO  org.testng.internal.Utils - [Utils] MethodGroupsHelper.collectMethodsByGroup() took 0 ms.
2026-10-03 20:26:16 INFO  org.testng.internal.Utils - [Utils] MethodGroupsHelper.sortMethods() took 0 ms.
2026-10-03 20:26:16 INFO  org.testng.internal.Utils - [Utils] MethodGroupsHelper.collectMethodsByGroup() took 0 ms.
2026-10-03 20:26:16 INFO  org.testng.internal.Utils - [Utils] MethodGroupsHelper.sortMethods() took 0 ms.
2026-10-03 20:26:16 INFO  org.testng.internal.Utils - [Utils] MethodGroupsHelper.collectMethodsByGroup() took 4 ms.
2026-10-03 20:26:16 INFO  org.testng.internal.Utils - [Utils] MethodGroupsHelper.sortMethods() took 7 ms.
2026-10-03 20:26:16 INFO  org.testng.internal.Utils - [Utils] MethodGroupsHelper.collectMethodsByGroup() took 0 ms.
2026-10-03 20:26:16 INFO  org.testng.internal.Utils - [Utils] MethodGroupsHelper.sortMethods() took 0 ms.
2026-10-03 20:26:16 INFO  org.testng.internal.Utils - [Utils] MethodGroupsHelper.collectMethodsByGroup() took 0 ms.
2026-10-03 20:26:16 INFO  org.testng.internal.Utils - [Utils] MethodGroupsHelper.sortMethods() took 0 ms.
2026-10-03 20:26:16 INFO  org.testng.internal.Utils - [Utils] MethodGroupsHelper.collectMethodsByGroup() took 0 ms.
2026-10-03 20:26:16 INFO  org.testng.internal.Utils - [Utils] MethodGroupsHelper.sortMethods() took 0 ms.
2026-10-03 20:26:16 INFO  org.testng.internal.Utils - [Utils] MethodGroupsHelper.collectMethodsByGroup() took 0 ms.
2026-10-03 20:26:16 INFO  org.testng.internal.Utils - [Utils] MethodGroupsHelper.sortMethods() took 0 ms.
2026-10-03 20:26:16 INFO  org.testng.internal.Utils - [Utils] MethodGroupsHelper.collectMethodsByGroup() took 0 ms.
2026-10-03 20:26:16 INFO  org.testng.internal.Utils - [Utils] MethodGroupsHelper.sortMethods() took 0 ms.
2026-10-03 20:26:16 INFO  org.testng.internal.Utils - [Utils] MethodGroupsHelper.collectMethodsByGroup() took 0 ms.
2026-10-03 20:26:16 INFO  org.testng.internal.Utils - [Utils] MethodGroupsHelper.sortMethods() took 0 ms.
2026-10-03 20:26:16 INFO  org.testng.internal.Utils - [TestNG] Running:
  C:\Users\Rahul Kumar\AppData\Local\Temp\testng-eclipse-1795417860\testng-customsuite.xml

2026-10-03 20:26:16 INFO  org.testng.internal.Utils - [Utils] DynamicGraphHelper.createDynamicGraph() took 4 ms.
2026-10-03 20:26:16 INFO  tests.LoginTest - ***********Initializing Page Objects***********
2026-10-03 20:26:16 INFO  pages.LoginPage - ****Initiating LoginPage********
2026-10-03 20:26:16 INFO  pages.LoginPage - ******Logging into app****
2026-10-03 20:26:16 INFO  pages.LoginPage - ****Entering Username********
2026-10-03 20:26:16 INFO  pages.LoginPage - ******Checking Presence of Username Field******
2026-10-03 20:26:17 INFO  org.testng.internal.Utils - [TestNG] Time taken by org.testng.reporters.jq.Main@18bc345: 72 ms
2026-10-03 20:26:17 INFO  org.testng.internal.Utils - [TestNG] Time taken by org.testng.reporters.FailedReporter@5c08c46a: 18 ms
2026-10-03 20:26:17 INFO  org.testng.internal.Utils - [TestNG] Time taken by org.testng.reporters.XMLReporter@333dd51e: 10 ms
2026-10-03 20:26:17 INFO  org.testng.internal.Utils - [TestNG] Time taken by org.testng.reporters.EmailableReporter2@58ffcbd7: 8 ms
2026-10-03 20:26:17 INFO  org.testng.internal.Utils - [TestNG] Time taken by org.testng.reporters.JUnitReportReporter@54e22bdd: 10 ms
2026-10-03 20:26:17 INFO  org.testng.internal.Utils - [TestNG] Time taken by org.testng.internal.ExitCodeListener@3bd418e4: 0 ms
2026-10-03 20:31:01 INFO  org.testng.internal.Utils - [Utils] MethodGroupsHelper.collectMethodsByGroup() took 1 ms.
2026-10-03 20:31:01 INFO  org.testng.internal.Utils - [Utils] MethodGroupsHelper.sortMethods() took 1 ms.
2026-10-03 20:31:01 INFO  org.testng.internal.Utils - [Utils] MethodGroupsHelper.collectMethodsByGroup() took 0 ms.
2026-10-03 20:31:01 INFO  org.testng.internal.Utils - [Utils] MethodGroupsHelper.sortMethods() took 0 ms.
2026-10-03 20:31:01 INFO  org.testng.internal.Utils - [Utils] MethodGroupsHelper.collectMethodsByGroup() took 0 ms.
2026-10-03 20:31:01 INFO  org.testng.internal.Utils - [Utils] MethodGroupsHelper.sortMethods() took 0 ms.
2026-10-03 20:31:01 INFO  org.testng.internal.Utils - [Utils] MethodGroupsHelper.collectMethodsByGroup() took 0 ms.
2026-10-03 20:31:01 INFO  org.testng.internal.Utils - [Utils] MethodGroupsHelper.sortMethods() took 0 ms.
2026-10-03 20:31:01 INFO  org.testng.internal.Utils - [Utils] MethodGroupsHelper.collectMethodsByGroup() took 0 ms.
2026-10-03 20:31:01 INFO  org.testng.internal.Utils - [Utils] MethodGroupsHelper.sortMethods() took 0 ms.
2026-10-03 20:31:01 INFO  org.testng.internal.Utils - [Utils] MethodGroupsHelper.collectMethodsByGroup() took 0 ms.
2026-10-03 20:31:01 INFO  org.testng.internal.Utils - [Utils] MethodGroupsHelper.sortMethods() took 0 ms.
2026-10-03 20:31:01 INFO  org.testng.internal.Utils - [Utils] MethodGroupsHelper.collectMethodsByGroup() took 0 ms.
2026-10-03 20:31:01 INFO  org.testng.internal.Utils - [Utils] MethodGroupsHelper.sortMethods() took 0 ms.
2026-10-03 20:31:01 INFO  org.testng.internal.Utils - [Utils] MethodGroupsHelper.collectMethodsByGroup() took 0 ms.
2026-10-03 20:31:01 INFO  org.testng.internal.Utils - [Utils] MethodGroupsHelper.sortMethods() took 0 ms.
2026-10-03 20:31:01 INFO  org.testng.internal.Utils - [Utils] MethodGroupsHelper.collectMethodsByGroup() took 4 ms.
2026-10-03 20:31:01 INFO  org.testng.internal.Utils - [Utils] MethodGroupsHelper.sortMethods() took 7 ms.
2026-10-03 20:31:01 INFO  org.testng.internal.Utils - [Utils] MethodGroupsHelper.collectMethodsByGroup() took 0 ms.
2026-10-03 20:31:01 INFO  org.testng.internal.Utils - [Utils] MethodGroupsHelper.sortMethods() took 0 ms.
2026-10-03 20:31:01 INFO  org.testng.internal.Utils - [Utils] MethodGroupsHelper.collectMethodsByGroup() took 0 ms.
2026-10-03 20:31:01 INFO  org.testng.internal.Utils - [Utils] MethodGroupsHelper.sortMethods() took 0 ms.
2026-10-03 20:31:01 INFO  org.testng.internal.Utils - [Utils] MethodGroupsHelper.collectMethodsByGroup() took 0 ms.
2026-10-03 20:31:01 INFO  org.testng.internal.Utils - [Utils] MethodGroupsHelper.sortMethods() took 0 ms.
2026-10-03 20:31:01 INFO  org.testng.internal.Utils - [Utils] MethodGroupsHelper.collectMethodsByGroup() took 1 ms.
2026-10-03 20:31:01 INFO  org.testng.internal.Utils - [Utils] MethodGroupsHelper.sortMethods() took 0 ms.
2026-10-03 20:31:01 INFO  org.testng.internal.Utils - [Utils] MethodGroupsHelper.collectMethodsByGroup() took 0 ms.
2026-10-03 20:31:01 INFO  org.testng.internal.Utils - [Utils] MethodGroupsHelper.sortMethods() took 0 ms.
2026-10-03 20:31:01 INFO  org.testng.internal.Utils - [Utils] MethodGroupsHelper.collectMethodsByGroup() took 0 ms.
2026-10-03 20:31:01 INFO  org.testng.internal.Utils - [Utils] MethodGroupsHelper.sortMethods() took 0 ms.
2026-10-03 20:31:01 INFO  org.testng.internal.Utils - [TestNG] Running:
  C:\Users\Rahul Kumar\AppData\Local\Temp\testng-eclipse--1968967023\testng-customsuite.xml

2026-10-03 20:31:01 INFO  org.testng.internal.Utils - [Utils] DynamicGraphHelper.createDynamicGraph() took 5 ms.
2026-10-03 20:31:01 INFO  tests.LoginTest - ***********Initializing Page Objects***********
2026-10-03 20:31:01 INFO  pages.LoginPage - ****Initiating LoginPage********
2026-10-03 20:31:01 INFO  pages.LoginPage - ******Logging into app****
2026-10-03 20:31:01 INFO  pages.LoginPage - ****Entering Username********
2026-10-03 20:31:01 INFO  pages.LoginPage - ******Checking Presence of Username Field******
2026-10-03 20:31:01 INFO  org.testng.internal.Utils - [TestNG] Time taken by org.testng.reporters.jq.Main@4c550889: 74 ms
2026-10-03 20:31:01 INFO  org.testng.internal.Utils - [TestNG] Time taken by org.testng.reporters.FailedReporter@8c11eee: 20 ms
2026-10-03 20:31:01 INFO  org.testng.internal.Utils - [TestNG] Time taken by org.testng.reporters.XMLReporter@4097cac: 9 ms
2026-10-03 20:31:01 INFO  org.testng.internal.Utils - [TestNG] Time taken by org.testng.reporters.EmailableReporter2@5066d65f: 9 ms
2026-10-03 20:31:01 INFO  org.testng.internal.Utils - [TestNG] Time taken by org.testng.reporters.JUnitReportReporter@1a9c38eb: 9 ms
2026-10-03 20:31:01 INFO  org.testng.internal.Utils - [TestNG] Time taken by org.testng.internal.ExitCodeListener@319bc845: 0 ms
2026-10-03 20:34:11 INFO  org.testng.internal.Utils - [Utils] MethodGroupsHelper.collectMethodsByGroup() took 1 ms.
2026-10-03 20:34:11 INFO  org.testng.internal.Utils - [Utils] MethodGroupsHelper.sortMethods() took 1 ms.
2026-10-03 20:34:11 INFO  org.testng.internal.Utils - [Utils] MethodGroupsHelper.collectMethodsByGroup() took 0 ms.
2026-10-03 20:34:11 INFO  org.testng.internal.Utils - [Utils] MethodGroupsHelper.sortMethods() took 0 ms.
2026-10-03 20:34:11 INFO  org.testng.internal.Utils - [Utils] MethodGroupsHelper.collectMethodsByGroup() took 0 ms.
2026-10-03 20:34:11 INFO  org.testng.internal.Utils - [Utils] MethodGroupsHelper.sortMethods() took 0 ms.
2026-10-03 20:34:11 INFO  org.testng.internal.Utils - [Utils] MethodGroupsHelper.collectMethodsByGroup() took 0 ms.
2026-10-03 20:34:11 INFO  org.testng.internal.Utils - [Utils] MethodGroupsHelper.sortMethods() took 0 ms.
2026-10-03 20:34:11 INFO  org.testng.internal.Utils - [Utils] MethodGroupsHelper.collectMethodsByGroup() took 0 ms.
2026-10-03 20:34:11 INFO  org.testng.internal.Utils - [Utils] MethodGroupsHelper.sortMethods() took 0 ms.
2026-10-03 20:34:11 INFO  org.testng.internal.Utils - [Utils] MethodGroupsHelper.collectMethodsByGroup() took 0 ms.
2026-10-03 20:34:11 INFO  org.testng.internal.Utils - [Utils] MethodGroupsHelper.sortMethods() took 0 ms.
2026-10-03 20:34:11 INFO  org.testng.internal.Utils - [Utils] MethodGroupsHelper.collectMethodsByGroup() took 0 ms.
2026-10-03 20:34:11 INFO  org.testng.internal.Utils - [Utils] MethodGroupsHelper.sortMethods() took 0 ms.
2026-10-03 20:34:11 INFO  org.testng.internal.Utils - [Utils] MethodGroupsHelper.collectMethodsByGroup() took 0 ms.
2026-10-03 20:34:11 INFO  org.testng.internal.Utils - [Utils] MethodGroupsHelper.sortMethods() took 0 ms.
2026-10-03 20:34:11 INFO  org.testng.internal.Utils - [Utils] MethodGroupsHelper.collectMethodsByGroup() took 6 ms.
2026-10-03 20:34:11 INFO  org.testng.internal.Utils - [Utils] MethodGroupsHelper.sortMethods() took 11 ms.
2026-10-03 20:34:11 INFO  org.testng.internal.Utils - [Utils] MethodGroupsHelper.collectMethodsByGroup() took 0 ms.
2026-10-03 20:34:11 INFO  org.testng.internal.Utils - [Utils] MethodGroupsHelper.sortMethods() took 0 ms.
2026-10-03 20:34:11 INFO  org.testng.internal.Utils - [Utils] MethodGroupsHelper.collectMethodsByGroup() took 0 ms.
2026-10-03 20:34:11 INFO  org.testng.internal.Utils - [Utils] MethodGroupsHelper.sortMethods() took 0 ms.
2026-10-03 20:34:11 INFO  org.testng.internal.Utils - [Utils] MethodGroupsHelper.collectMethodsByGroup() took 0 ms.
2026-10-03 20:34:11 INFO  org.testng.internal.Utils - [Utils] MethodGroupsHelper.sortMethods() took 0 ms.
2026-10-03 20:34:11 INFO  org.testng.internal.Utils - [Utils] MethodGroupsHelper.collectMethodsByGroup() took 0 ms.
2026-10-03 20:34:11 INFO  org.testng.internal.Utils - [Utils] MethodGroupsHelper.sortMethods() took 0 ms.
2026-10-03 20:34:11 INFO  org.testng.internal.Utils - [Utils] MethodGroupsHelper.collectMethodsByGroup() took 0 ms.
2026-10-03 20:34:11 INFO  org.testng.internal.Utils - [Utils] MethodGroupsHelper.sortMethods() took 0 ms.
2026-10-03 20:34:11 INFO  org.testng.internal.Utils - [Utils] MethodGroupsHelper.collectMethodsByGroup() took 0 ms.
2026-10-03 20:34:11 INFO  org.testng.internal.Utils - [Utils] MethodGroupsHelper.sortMethods() took 0 ms.
2026-10-03 20:34:11 INFO  org.testng.internal.Utils - [TestNG] Running:
  C:\Users\Rahul Kumar\AppData\Local\Temp\testng-eclipse--1176660124\testng-customsuite.xml

2026-10-03 20:34:11 INFO  org.testng.internal.Utils - [Utils] DynamicGraphHelper.createDynamicGraph() took 4 ms.
2026-10-03 20:34:11 INFO  tests.LoginTest - ***********Initializing Page Objects***********
2026-10-03 20:34:11 INFO  pages.LoginPage - ****Initiating LoginPage********
2026-10-03 20:34:11 INFO  library.Base - ***********LAUNCHING EDGE BROWSER***********
2026-10-03 20:34:41 INFO  pages.LoginPage - ******Logging into app****
2026-10-03 20:34:41 INFO  pages.LoginPage - ****Entering Username********
2026-10-03 20:34:41 INFO  pages.LoginPage - ******Checking Presence of Username Field******
2026-10-03 20:34:41 INFO  org.testng.internal.Utils - [TestNG] Time taken by org.testng.reporters.jq.Main@7fcff1b9: 103 ms
2026-10-03 20:34:41 INFO  org.testng.internal.Utils - [TestNG] Time taken by org.testng.reporters.FailedReporter@7882c44a: 24 ms
2026-10-03 20:34:41 INFO  org.testng.internal.Utils - [TestNG] Time taken by org.testng.reporters.XMLReporter@33a630fa: 14 ms
2026-10-03 20:34:41 INFO  org.testng.internal.Utils - [TestNG] Time taken by org.testng.reporters.EmailableReporter2@4fa06f52: 13 ms
2026-10-03 20:34:41 INFO  org.testng.internal.Utils - [TestNG] Time taken by org.testng.reporters.JUnitReportReporter@7e0b9178: 10 ms
2026-10-03 20:34:41 INFO  org.testng.internal.Utils - [TestNG] Time taken by org.testng.internal.ExitCodeListener@61942c1: 0 ms
2026-10-03 20:36:53 INFO  org.testng.internal.Utils - [Utils] MethodGroupsHelper.collectMethodsByGroup() took 1 ms.
2026-10-03 20:36:53 INFO  org.testng.internal.Utils - [Utils] MethodGroupsHelper.sortMethods() took 1 ms.
2026-10-03 20:36:53 INFO  org.testng.internal.Utils - [Utils] MethodGroupsHelper.collectMethodsByGroup() took 0 ms.
2026-10-03 20:36:53 INFO  org.testng.internal.Utils - [Utils] MethodGroupsHelper.sortMethods() took 0 ms.
2026-10-03 20:36:53 INFO  org.testng.internal.Utils - [Utils] MethodGroupsHelper.collectMethodsByGroup() took 0 ms.
2026-10-03 20:36:53 INFO  org.testng.internal.Utils - [Utils] MethodGroupsHelper.sortMethods() took 0 ms.
2026-10-03 20:36:53 INFO  org.testng.internal.Utils - [Utils] MethodGroupsHelper.collectMethodsByGroup() took 0 ms.
2026-10-03 20:36:53 INFO  org.testng.internal.Utils - [Utils] MethodGroupsHelper.sortMethods() took 0 ms.
2026-10-03 20:36:53 INFO  org.testng.internal.Utils - [Utils] MethodGroupsHelper.collectMethodsByGroup() took 0 ms.
2026-10-03 20:36:53 INFO  org.testng.internal.Utils - [Utils] MethodGroupsHelper.sortMethods() took 0 ms.
2026-10-03 20:36:53 INFO  org.testng.internal.Utils - [Utils] MethodGroupsHelper.collectMethodsByGroup() took 0 ms.
2026-10-03 20:36:53 INFO  org.testng.internal.Utils - [Utils] MethodGroupsHelper.sortMethods() took 0 ms.
2026-10-03 20:36:53 INFO  org.testng.internal.Utils - [Utils] MethodGroupsHelper.collectMethodsByGroup() took 0 ms.
2026-10-03 20:36:53 INFO  org.testng.internal.Utils - [Utils] MethodGroupsHelper.sortMethods() took 0 ms.
2026-10-03 20:36:53 INFO  org.testng.internal.Utils - [Utils] MethodGroupsHelper.collectMethodsByGroup() took 0 ms.
2026-10-03 20:36:53 INFO  org.testng.internal.Utils - [Utils] MethodGroupsHelper.sortMethods() took 0 ms.
2026-10-03 20:36:53 INFO  org.testng.internal.Utils - [Utils] MethodGroupsHelper.collectMethodsByGroup() took 5 ms.
2026-10-03 20:36:53 INFO  org.testng.internal.Utils - [Utils] MethodGroupsHelper.sortMethods() took 8 ms.
2026-10-03 20:36:53 INFO  org.testng.internal.Utils - [Utils] MethodGroupsHelper.collectMethodsByGroup() took 0 ms.
2026-10-03 20:36:53 INFO  org.testng.internal.Utils - [Utils] MethodGroupsHelper.sortMethods() took 0 ms.
2026-10-03 20:36:53 INFO  org.testng.internal.Utils - [Utils] MethodGroupsHelper.collectMethodsByGroup() took 0 ms.
2026-10-03 20:36:53 INFO  org.testng.internal.Utils - [Utils] MethodGroupsHelper.sortMethods() took 0 ms.
2026-10-03 20:36:53 INFO  org.testng.internal.Utils - [Utils] MethodGroupsHelper.collectMethodsByGroup() took 0 ms.
2026-10-03 20:36:53 INFO  org.testng.internal.Utils - [Utils] MethodGroupsHelper.sortMethods() took 0 ms.
2026-10-03 20:36:53 INFO  org.testng.internal.Utils - [Utils] MethodGroupsHelper.collectMethodsByGroup() took 0 ms.
2026-10-03 20:36:53 INFO  org.testng.internal.Utils - [Utils] MethodGroupsHelper.sortMethods() took 0 ms.
2026-10-03 20:36:53 INFO  org.testng.internal.Utils - [Utils] MethodGroupsHelper.collectMethodsByGroup() took 0 ms.
2026-10-03 20:36:53 INFO  org.testng.internal.Utils - [Utils] MethodGroupsHelper.sortMethods() took 0 ms.
2026-10-03 20:36:53 INFO  org.testng.internal.Utils - [Utils] MethodGroupsHelper.collectMethodsByGroup() took 0 ms.
2026-10-03 20:36:53 INFO  org.testng.internal.Utils - [Utils] MethodGroupsHelper.sortMethods() took 0 ms.
2026-10-03 20:36:53 INFO  org.testng.internal.Utils - [TestNG] Running:
  C:\Users\Rahul Kumar\AppData\Local\Temp\testng-eclipse--1158379356\testng-customsuite.xml

2026-10-03 20:36:53 INFO  org.testng.internal.Utils - [Utils] DynamicGraphHelper.createDynamicGraph() took 3 ms.
2026-10-03 20:36:53 INFO  tests.LoginTest - ***********Initializing Page Objects***********
2026-10-03 20:36:53 INFO  library.Base - ***********LAUNCHING EDGE BROWSER***********
2026-10-03 20:37:13 INFO  pages.LoginPage - ****Initiating LoginPage********
2026-10-03 20:37:13 INFO  pages.LoginPage - ******Logging into app****
2026-10-03 20:37:13 INFO  pages.LoginPage - ****Entering Username********
2026-10-03 20:37:13 INFO  pages.LoginPage - ******Checking Presence of Username Field******
2026-10-03 20:37:13 INFO  org.testng.internal.Utils - [TestNG] Time taken by org.testng.reporters.jq.Main@3e6fd0b9: 110 ms
2026-10-03 20:37:13 INFO  org.testng.internal.Utils - [TestNG] Time taken by org.testng.reporters.FailedReporter@5d28bcd5: 20 ms
2026-10-03 20:37:13 INFO  org.testng.internal.Utils - [TestNG] Time taken by org.testng.reporters.XMLReporter@3cc20577: 19 ms
2026-10-03 20:37:13 INFO  org.testng.internal.Utils - [TestNG] Time taken by org.testng.reporters.EmailableReporter2@1d2644e3: 7 ms
2026-10-03 20:37:13 INFO  org.testng.internal.Utils - [TestNG] Time taken by org.testng.reporters.JUnitReportReporter@63998bf4: 18 ms
2026-10-03 20:37:13 INFO  org.testng.internal.Utils - [TestNG] Time taken by org.testng.internal.ExitCodeListener@7e0b9178: 0 ms
2026-10-03 20:41:47 INFO  org.testng.internal.Utils - [Utils] MethodGroupsHelper.collectMethodsByGroup() took 1 ms.
2026-10-03 20:41:47 INFO  org.testng.internal.Utils - [Utils] MethodGroupsHelper.sortMethods() took 1 ms.
2026-10-03 20:41:47 INFO  org.testng.internal.Utils - [Utils] MethodGroupsHelper.collectMethodsByGroup() took 0 ms.
2026-10-03 20:41:47 INFO  org.testng.internal.Utils - [Utils] MethodGroupsHelper.sortMethods() took 0 ms.
2026-10-03 20:41:47 INFO  org.testng.internal.Utils - [Utils] MethodGroupsHelper.collectMethodsByGroup() took 0 ms.
2026-10-03 20:41:47 INFO  org.testng.internal.Utils - [Utils] MethodGroupsHelper.sortMethods() took 0 ms.
2026-10-03 20:41:47 INFO  org.testng.internal.Utils - [Utils] MethodGroupsHelper.collectMethodsByGroup() took 0 ms.
2026-10-03 20:41:47 INFO  org.testng.internal.Utils - [Utils] MethodGroupsHelper.sortMethods() took 0 ms.
2026-10-03 20:41:47 INFO  org.testng.internal.Utils - [Utils] MethodGroupsHelper.collectMethodsByGroup() took 0 ms.
2026-10-03 20:41:47 INFO  org.testng.internal.Utils - [Utils] MethodGroupsHelper.sortMethods() took 0 ms.
2026-10-03 20:41:47 INFO  org.testng.internal.Utils - [Utils] MethodGroupsHelper.collectMethodsByGroup() took 0 ms.
2026-10-03 20:41:47 INFO  org.testng.internal.Utils - [Utils] MethodGroupsHelper.sortMethods() took 0 ms.
2026-10-03 20:41:47 INFO  org.testng.internal.Utils - [Utils] MethodGroupsHelper.collectMethodsByGroup() took 0 ms.
2026-10-03 20:41:47 INFO  org.testng.internal.Utils - [Utils] MethodGroupsHelper.sortMethods() took 0 ms.
2026-10-03 20:41:47 INFO  org.testng.internal.Utils - [Utils] MethodGroupsHelper.collectMethodsByGroup() took 0 ms.
2026-10-03 20:41:47 INFO  org.testng.internal.Utils - [Utils] MethodGroupsHelper.sortMethods() took 0 ms.
2026-10-03 20:41:47 INFO  org.testng.internal.Utils - [Utils] MethodGroupsHelper.collectMethodsByGroup() took 6 ms.
2026-10-03 20:41:47 INFO  org.testng.internal.Utils - [Utils] MethodGroupsHelper.sortMethods() took 8 ms.
2026-10-03 20:41:47 INFO  org.testng.internal.Utils - [Utils] MethodGroupsHelper.collectMethodsByGroup() took 0 ms.
2026-10-03 20:41:47 INFO  org.testng.internal.Utils - [Utils] MethodGroupsHelper.sortMethods() took 0 ms.
2026-10-03 20:41:47 INFO  org.testng.internal.Utils - [Utils] MethodGroupsHelper.collectMethodsByGroup() took 0 ms.
2026-10-03 20:41:47 INFO  org.testng.internal.Utils - [Utils] MethodGroupsHelper.sortMethods() took 0 ms.
2026-10-03 20:41:47 INFO  org.testng.internal.Utils - [Utils] MethodGroupsHelper.collectMethodsByGroup() took 0 ms.
2026-10-03 20:41:47 INFO  org.testng.internal.Utils - [Utils] MethodGroupsHelper.sortMethods() took 0 ms.
2026-10-03 20:41:47 INFO  org.testng.internal.Utils - [Utils] MethodGroupsHelper.collectMethodsByGroup() took 0 ms.
2026-10-03 20:41:47 INFO  org.testng.internal.Utils - [Utils] MethodGroupsHelper.sortMethods() took 0 ms.
2026-10-03 20:41:47 INFO  org.testng.internal.Utils - [Utils] MethodGroupsHelper.collectMethodsByGroup() took 0 ms.
2026-10-03 20:41:47 INFO  org.testng.internal.Utils - [Utils] MethodGroupsHelper.sortMethods() took 0 ms.
2026-10-03 20:41:47 INFO  org.testng.internal.Utils - [Utils] MethodGroupsHelper.collectMethodsByGroup() took 0 ms.
2026-10-03 20:41:47 INFO  org.testng.internal.Utils - [Utils] MethodGroupsHelper.sortMethods() took 0 ms.
2026-10-03 20:41:47 INFO  org.testng.internal.Utils - [TestNG] Running:
  C:\Users\Rahul Kumar\AppData\Local\Temp\testng-eclipse-671128499\testng-customsuite.xml

2026-10-03 20:41:47 INFO  org.testng.internal.Utils - [Utils] DynamicGraphHelper.createDynamicGraph() took 6 ms.
2026-10-03 20:41:47 INFO  tests.LoginTest - ***********Initializing Page Objects***********
2026-10-03 20:41:47 INFO  library.Base - ***********LAUNCHING EDGE BROWSER***********
2026-10-03 20:41:55 INFO  pages.LoginPage - ****Initiating LoginPage********
2026-10-03 20:41:55 INFO  pages.LoginPage - ******Logging into app****
2026-10-03 20:41:55 INFO  pages.LoginPage - ****Entering Username********
2026-10-03 20:41:55 INFO  pages.LoginPage - ******Checking Presence of Username Field******
2026-10-03 20:41:55 INFO  org.testng.internal.Utils - [TestNG] Time taken by org.testng.reporters.jq.Main@3e6fd0b9: 109 ms
2026-10-03 20:41:55 INFO  org.testng.internal.Utils - [TestNG] Time taken by org.testng.reporters.FailedReporter@5d28bcd5: 21 ms
2026-10-03 20:41:55 INFO  org.testng.internal.Utils - [TestNG] Time taken by org.testng.reporters.XMLReporter@3cc20577: 14 ms
2026-10-03 20:41:55 INFO  org.testng.internal.Utils - [TestNG] Time taken by org.testng.reporters.EmailableReporter2@1d2644e3: 14 ms
2026-10-03 20:41:55 INFO  org.testng.internal.Utils - [TestNG] Time taken by org.testng.reporters.JUnitReportReporter@63998bf4: 12 ms
2026-10-03 20:41:55 INFO  org.testng.internal.Utils - [TestNG] Time taken by org.testng.internal.ExitCodeListener@7e0b9178: 0 ms
2026-10-03 20:43:34 INFO  org.testng.internal.Utils - [Utils] MethodGroupsHelper.collectMethodsByGroup() took 1 ms.
2026-10-03 20:43:34 INFO  org.testng.internal.Utils - [Utils] MethodGroupsHelper.sortMethods() took 1 ms.
2026-10-03 20:43:34 INFO  org.testng.internal.Utils - [Utils] MethodGroupsHelper.collectMethodsByGroup() took 0 ms.
2026-10-03 20:43:34 INFO  org.testng.internal.Utils - [Utils] MethodGroupsHelper.sortMethods() took 0 ms.
2026-10-03 20:43:34 INFO  org.testng.internal.Utils - [Utils] MethodGroupsHelper.collectMethodsByGroup() took 0 ms.
2026-10-03 20:43:34 INFO  org.testng.internal.Utils - [Utils] MethodGroupsHelper.sortMethods() took 0 ms.
2026-10-03 20:43:34 INFO  org.testng.internal.Utils - [Utils] MethodGroupsHelper.collectMethodsByGroup() took 0 ms.
2026-10-03 20:43:34 INFO  org.testng.internal.Utils - [Utils] MethodGroupsHelper.sortMethods() took 0 ms.
2026-10-03 20:43:34 INFO  org.testng.internal.Utils - [Utils] MethodGroupsHelper.collectMethodsByGroup() took 0 ms.
2026-10-03 20:43:34 INFO  org.testng.internal.Utils - [Utils] MethodGroupsHelper.sortMethods() took 0 ms.
2026-10-03 20:43:34 INFO  org.testng.internal.Utils - [Utils] MethodGroupsHelper.collectMethodsByGroup() took 0 ms.
2026-10-03 20:43:34 INFO  org.testng.internal.Utils - [Utils] MethodGroupsHelper.sortMethods() took 0 ms.
2026-10-03 20:43:34 INFO  org.testng.internal.Utils - [Utils] MethodGroupsHelper.collectMethodsByGroup() took 0 ms.
2026-10-03 20:43:34 INFO  org.testng.internal.Utils - [Utils] MethodGroupsHelper.sortMethods() took 0 ms.
2026-10-03 20:43:34 INFO  org.testng.internal.Utils - [Utils] MethodGroupsHelper.collectMethodsByGroup() took 0 ms.
2026-10-03 20:43:34 INFO  org.testng.internal.Utils - [Utils] MethodGroupsHelper.sortMethods() took 0 ms.
2026-10-03 20:43:34 INFO  org.testng.internal.Utils - [Utils] MethodGroupsHelper.collectMethodsByGroup() took 6 ms.
2026-10-03 20:43:34 INFO  org.testng.internal.Utils - [Utils] MethodGroupsHelper.sortMethods() took 9 ms.
2026-10-03 20:43:34 INFO  org.testng.internal.Utils - [Utils] MethodGroupsHelper.collectMethodsByGroup() took 0 ms.
2026-10-03 20:43:34 INFO  org.testng.internal.Utils - [Utils] MethodGroupsHelper.sortMethods() took 0 ms.
2026-10-03 20:43:34 INFO  org.testng.internal.Utils - [Utils] MethodGroupsHelper.collectMethodsByGroup() took 0 ms.
2026-10-03 20:43:34 INFO  org.testng.internal.Utils - [Utils] MethodGroupsHelper.sortMethods() took 0 ms.
2026-10-03 20:43:34 INFO  org.testng.internal.Utils - [Utils] MethodGroupsHelper.collectMethodsByGroup() took 0 ms.
2026-10-03 20:43:34 INFO  org.testng.internal.Utils - [Utils] MethodGroupsHelper.sortMethods() took 0 ms.
2026-10-03 20:43:34 INFO  org.testng.internal.Utils - [Utils] MethodGroupsHelper.collectMethodsByGroup() took 0 ms.
2026-10-03 20:43:34 INFO  org.testng.internal.Utils - [Utils] MethodGroupsHelper.sortMethods() took 0 ms.
2026-10-03 20:43:34 INFO  org.testng.internal.Utils - [Utils] MethodGroupsHelper.collectMethodsByGroup() took 0 ms.
2026-10-03 20:43:34 INFO  org.testng.internal.Utils - [Utils] MethodGroupsHelper.sortMethods() took 0 ms.
2026-10-03 20:43:34 INFO  org.testng.internal.Utils - [Utils] MethodGroupsHelper.collectMethodsByGroup() took 0 ms.
2026-10-03 20:43:34 INFO  org.testng.internal.Utils - [Utils] MethodGroupsHelper.sortMethods() took 0 ms.
2026-10-03 20:43:34 INFO  org.testng.internal.Utils - [TestNG] Running:
  C:\Users\Rahul Kumar\AppData\Local\Temp\testng-eclipse-1370186603\testng-customsuite.xml

2026-10-03 20:43:34 INFO  org.testng.internal.Utils - [Utils] DynamicGraphHelper.createDynamicGraph() took 4 ms.
2026-10-03 20:43:34 INFO  tests.LoginTest - ***********Initializing Page Objects***********
2026-10-03 20:43:34 INFO  library.Base - ***********LAUNCHING EDGE BROWSER***********
2026-10-03 20:43:42 INFO  pages.LoginPage - ****Initiating LoginPage********
2026-10-03 20:43:42 INFO  pages.LoginPage - ******Logging into app****
2026-10-03 20:43:42 INFO  pages.LoginPage - ****Entering Username********
2026-10-03 20:43:42 INFO  pages.LoginPage - ******Checking Presence of Username Field******
2026-10-03 20:43:42 INFO  org.testng.internal.Utils - [TestNG] Time taken by org.testng.reporters.jq.Main@3e6fd0b9: 110 ms
2026-10-03 20:43:42 INFO  org.testng.internal.Utils - [TestNG] Time taken by org.testng.reporters.FailedReporter@5d28bcd5: 25 ms
2026-10-03 20:43:42 INFO  org.testng.internal.Utils - [TestNG] Time taken by org.testng.reporters.XMLReporter@3cc20577: 15 ms
2026-10-03 20:43:42 INFO  org.testng.internal.Utils - [TestNG] Time taken by org.testng.reporters.EmailableReporter2@1d2644e3: 13 ms
2026-10-03 20:43:42 INFO  org.testng.internal.Utils - [TestNG] Time taken by org.testng.reporters.JUnitReportReporter@63998bf4: 11 ms
2026-10-03 20:43:42 INFO  org.testng.internal.Utils - [TestNG] Time taken by org.testng.internal.ExitCodeListener@7e0b9178: 0 ms
2026-10-03 20:49:37 INFO  org.testng.internal.Utils - [Utils] MethodGroupsHelper.collectMethodsByGroup() took 0 ms.
2026-10-03 20:49:37 INFO  org.testng.internal.Utils - [Utils] MethodGroupsHelper.sortMethods() took 1 ms.
2026-10-03 20:49:37 INFO  org.testng.internal.Utils - [Utils] MethodGroupsHelper.collectMethodsByGroup() took 0 ms.
2026-10-03 20:49:37 INFO  org.testng.internal.Utils - [Utils] MethodGroupsHelper.sortMethods() took 0 ms.
2026-10-03 20:49:37 INFO  org.testng.internal.Utils - [Utils] MethodGroupsHelper.collectMethodsByGroup() took 0 ms.
2026-10-03 20:49:37 INFO  org.testng.internal.Utils - [Utils] MethodGroupsHelper.sortMethods() took 0 ms.
2026-10-03 20:49:37 INFO  org.testng.internal.Utils - [Utils] MethodGroupsHelper.collectMethodsByGroup() took 0 ms.
2026-10-03 20:49:37 INFO  org.testng.internal.Utils - [Utils] MethodGroupsHelper.sortMethods() took 0 ms.
2026-10-03 20:49:37 INFO  org.testng.internal.Utils - [Utils] MethodGroupsHelper.collectMethodsByGroup() took 0 ms.
2026-10-03 20:49:37 INFO  org.testng.internal.Utils - [Utils] MethodGroupsHelper.sortMethods() took 0 ms.
2026-10-03 20:49:37 INFO  org.testng.internal.Utils - [Utils] MethodGroupsHelper.collectMethodsByGroup() took 0 ms.
2026-10-03 20:49:37 INFO  org.testng.internal.Utils - [Utils] MethodGroupsHelper.sortMethods() took 0 ms.
2026-10-03 20:49:37 INFO  org.testng.internal.Utils - [Utils] MethodGroupsHelper.collectMethodsByGroup() took 0 ms.
2026-10-03 20:49:37 INFO  org.testng.internal.Utils - [Utils] MethodGroupsHelper.sortMethods() took 0 ms.
2026-10-03 20:49:37 INFO  org.testng.internal.Utils - [Utils] MethodGroupsHelper.collectMethodsByGroup() took 0 ms.
2026-10-03 20:49:37 INFO  org.testng.internal.Utils - [Utils] MethodGroupsHelper.sortMethods() took 0 ms.
2026-10-03 20:49:37 INFO  org.testng.internal.Utils - [Utils] MethodGroupsHelper.collectMethodsByGroup() took 5 ms.
2026-10-03 20:49:37 INFO  org.testng.internal.Utils - [Utils] MethodGroupsHelper.sortMethods() took 10 ms.
2026-10-03 20:49:37 INFO  org.testng.internal.Utils - [Utils] MethodGroupsHelper.collectMethodsByGroup() took 0 ms.
2026-10-03 20:49:37 INFO  org.testng.internal.Utils - [Utils] MethodGroupsHelper.sortMethods() took 0 ms.
2026-10-03 20:49:37 INFO  org.testng.internal.Utils - [Utils] MethodGroupsHelper.collectMethodsByGroup() took 0 ms.
2026-10-03 20:49:37 INFO  org.testng.internal.Utils - [Utils] MethodGroupsHelper.sortMethods() took 0 ms.
2026-10-03 20:49:37 INFO  org.testng.internal.Utils - [Utils] MethodGroupsHelper.collectMethodsByGroup() took 0 ms.
2026-10-03 20:49:37 INFO  org.testng.internal.Utils - [Utils] MethodGroupsHelper.sortMethods() took 0 ms.
2026-10-03 20:49:37 INFO  org.testng.internal.Utils - [Utils] MethodGroupsHelper.collectMethodsByGroup() took 0 ms.
2026-10-03 20:49:37 INFO  org.testng.internal.Utils - [Utils] MethodGroupsHelper.sortMethods() took 0 ms.
2026-10-03 20:49:37 INFO  org.testng.internal.Utils - [Utils] MethodGroupsHelper.collectMethodsByGroup() took 0 ms.
2026-10-03 20:49:37 INFO  org.testng.internal.Utils - [Utils] MethodGroupsHelper.sortMethods() took 0 ms.
2026-10-03 20:49:37 INFO  org.testng.internal.Utils - [Utils] MethodGroupsHelper.collectMethodsByGroup() took 0 ms.
2026-10-03 20:49:37 INFO  org.testng.internal.Utils - [Utils] MethodGroupsHelper.sortMethods() took 0 ms.
2026-10-03 20:49:37 INFO  org.testng.internal.Utils - [TestNG] Running:
  C:\Users\Rahul Kumar\AppData\Local\Temp\testng-eclipse--1959341723\testng-customsuite.xml

2026-10-03 20:49:37 INFO  org.testng.internal.Utils - [Utils] DynamicGraphHelper.createDynamicGraph() took 4 ms.
2026-10-03 20:49:37 INFO  tests.LoginTest - ***********Initializing Page Objects***********
2026-10-03 20:49:37 INFO  library.Base - ***********LAUNCHING EDGE BROWSER***********
2026-10-03 20:49:46 INFO  pages.LoginPage - ****Initiating LoginPage********
2026-10-03 20:49:46 INFO  pages.LoginPage - ******Logging into app****
2026-10-03 20:49:46 INFO  pages.LoginPage - ****Entering Username********
2026-10-03 20:49:46 INFO  pages.LoginPage - ******Checking Presence of Username Field******
2026-10-03 20:49:46 INFO  org.testng.internal.Utils - [TestNG] Time taken by org.testng.reporters.jq.Main@d59970a: 100 ms
2026-10-03 20:49:46 INFO  org.testng.internal.Utils - [TestNG] Time taken by org.testng.reporters.FailedReporter@4beddc56: 19 ms
2026-10-03 20:49:46 INFO  org.testng.internal.Utils - [TestNG] Time taken by org.testng.reporters.XMLReporter@26a529dc: 15 ms
2026-10-03 20:49:46 INFO  org.testng.internal.Utils - [TestNG] Time taken by org.testng.reporters.EmailableReporter2@4bf324f9: 14 ms
2026-10-03 20:49:46 INFO  org.testng.internal.Utils - [TestNG] Time taken by org.testng.reporters.JUnitReportReporter@3c443976: 16 ms
2026-10-03 20:49:46 INFO  org.testng.internal.Utils - [TestNG] Time taken by org.testng.internal.ExitCodeListener@3e58d65e: 0 ms
2026-10-03 20:51:03 INFO  org.testng.internal.Utils - [Utils] MethodGroupsHelper.collectMethodsByGroup() took 1 ms.
2026-10-03 20:51:03 INFO  org.testng.internal.Utils - [Utils] MethodGroupsHelper.sortMethods() took 1 ms.
2026-10-03 20:51:03 INFO  org.testng.internal.Utils - [Utils] MethodGroupsHelper.collectMethodsByGroup() took 0 ms.
2026-10-03 20:51:03 INFO  org.testng.internal.Utils - [Utils] MethodGroupsHelper.sortMethods() took 0 ms.
2026-10-03 20:51:03 INFO  org.testng.internal.Utils - [Utils] MethodGroupsHelper.collectMethodsByGroup() took 0 ms.
2026-10-03 20:51:03 INFO  org.testng.internal.Utils - [Utils] MethodGroupsHelper.sortMethods() took 0 ms.
2026-10-03 20:51:03 INFO  org.testng.internal.Utils - [Utils] MethodGroupsHelper.collectMethodsByGroup() took 0 ms.
2026-10-03 20:51:03 INFO  org.testng.internal.Utils - [Utils] MethodGroupsHelper.sortMethods() took 0 ms.
2026-10-03 20:51:03 INFO  org.testng.internal.Utils - [Utils] MethodGroupsHelper.collectMethodsByGroup() took 0 ms.
2026-10-03 20:51:03 INFO  org.testng.internal.Utils - [Utils] MethodGroupsHelper.sortMethods() took 0 ms.
2026-10-03 20:51:03 INFO  org.testng.internal.Utils - [Utils] MethodGroupsHelper.collectMethodsByGroup() took 0 ms.
2026-10-03 20:51:03 INFO  org.testng.internal.Utils - [Utils] MethodGroupsHelper.sortMethods() took 0 ms.
2026-10-03 20:51:03 INFO  org.testng.internal.Utils - [Utils] MethodGroupsHelper.collectMethodsByGroup() took 0 ms.
2026-10-03 20:51:03 INFO  org.testng.internal.Utils - [Utils] MethodGroupsHelper.sortMethods() took 0 ms.
2026-10-03 20:51:03 INFO  org.testng.internal.Utils - [Utils] MethodGroupsHelper.collectMethodsByGroup() took 0 ms.
2026-10-03 20:51:03 INFO  org.testng.internal.Utils - [Utils] MethodGroupsHelper.sortMethods() took 0 ms.
2026-10-03 20:51:03 INFO  org.testng.internal.Utils - [Utils] MethodGroupsHelper.collectMethodsByGroup() took 4 ms.
2026-10-03 20:51:03 INFO  org.testng.internal.Utils - [Utils] MethodGroupsHelper.sortMethods() took 9 ms.
2026-10-03 20:51:03 INFO  org.testng.internal.Utils - [Utils] MethodGroupsHelper.collectMethodsByGroup() took 0 ms.
2026-10-03 20:51:03 INFO  org.testng.internal.Utils - [Utils] MethodGroupsHelper.sortMethods() took 0 ms.
2026-10-03 20:51:03 INFO  org.testng.internal.Utils - [Utils] MethodGroupsHelper.collectMethodsByGroup() took 0 ms.
2026-10-03 20:51:03 INFO  org.testng.internal.Utils - [Utils] MethodGroupsHelper.sortMethods() took 0 ms.
2026-10-03 20:51:03 INFO  org.testng.internal.Utils - [Utils] MethodGroupsHelper.collectMethodsByGroup() took 0 ms.
2026-10-03 20:51:03 INFO  org.testng.internal.Utils - [Utils] MethodGroupsHelper.sortMethods() took 0 ms.
2026-10-03 20:51:03 INFO  org.testng.internal.Utils - [Utils] MethodGroupsHelper.collectMethodsByGroup() took 1 ms.
2026-10-03 20:51:03 INFO  org.testng.internal.Utils - [Utils] MethodGroupsHelper.sortMethods() took 0 ms.
2026-10-03 20:51:03 INFO  org.testng.internal.Utils - [Utils] MethodGroupsHelper.collectMethodsByGroup() took 0 ms.
2026-10-03 20:51:03 INFO  org.testng.internal.Utils - [Utils] MethodGroupsHelper.sortMethods() took 0 ms.
2026-10-03 20:51:03 INFO  org.testng.internal.Utils - [Utils] MethodGroupsHelper.collectMethodsByGroup() took 0 ms.
2026-10-03 20:51:03 INFO  org.testng.internal.Utils - [Utils] MethodGroupsHelper.sortMethods() took 0 ms.
2026-10-03 20:51:03 INFO  org.testng.internal.Utils - [TestNG] Running:
  C:\Users\Rahul Kumar\AppData\Local\Temp\testng-eclipse-1248248561\testng-customsuite.xml

2026-10-03 20:51:03 INFO  org.testng.internal.Utils - [Utils] DynamicGraphHelper.createDynamicGraph() took 3 ms.
2026-10-03 20:51:03 INFO  tests.LoginTest - ***********Initializing Page Objects***********
2026-10-03 20:51:03 INFO  library.Base - ***********LAUNCHING EDGE BROWSER***********
2026-10-03 20:51:11 INFO  pages.LoginPage - ****Initiating LoginPage********
2026-10-03 20:51:11 INFO  pages.LoginPage - ******Logging into app****
2026-10-03 20:51:11 INFO  pages.LoginPage - ****Entering Username********
2026-10-03 20:51:11 INFO  pages.LoginPage - ******Checking Presence of Username Field******
2026-10-03 20:51:11 INFO  pages.LoginPage - ******Sending Username******
2026-10-03 20:51:11 INFO  pages.LoginPage - ****Entering Password********
2026-10-03 20:51:11 INFO  pages.LoginPage - ******Checking Visibility of Password Field******
2026-10-03 20:51:11 INFO  pages.LoginPage - ******Sending Password******
2026-10-03 20:51:11 INFO  pages.LoginPage - ****Clicking on Login Button********
2026-10-03 20:51:11 INFO  pages.LoginPage - ******Checking Clickability of Login Button******
2026-10-03 20:51:11 INFO  pages.LoginPage - ******Clicking on Login Button******
2026-10-03 20:51:13 INFO  pages.HomePage - ****Initiating HomePage********
2026-10-03 20:51:13 INFO  tests.LoginTest - *****Verifying Dashboard********
2026-10-03 20:51:13 INFO  pages.HomePage - ********Getting Dashboard Element********
2026-10-03 20:51:13 INFO  pages.HomePage - ********Getting Dashboard Element********
2026-10-03 20:51:13 INFO  org.testng.internal.Utils - [TestNG] Time taken by org.testng.reporters.jq.Main@5bb3131b: 67 ms
2026-10-03 20:51:13 INFO  org.testng.internal.Utils - [TestNG] Time taken by org.testng.reporters.FailedReporter@3d7fa3ae: 12 ms
2026-10-03 20:51:13 INFO  org.testng.internal.Utils - [TestNG] Time taken by org.testng.reporters.XMLReporter@732bb66d: 10 ms
2026-10-03 20:51:13 INFO  org.testng.internal.Utils - [TestNG] Time taken by org.testng.reporters.EmailableReporter2@6569dded: 6 ms
2026-10-03 20:51:13 INFO  org.testng.internal.Utils - [TestNG] Time taken by org.testng.reporters.JUnitReportReporter@72458efc: 15 ms
2026-10-03 20:51:13 INFO  org.testng.internal.Utils - [TestNG] Time taken by org.testng.internal.ExitCodeListener@36bc415e: 0 ms
2026-10-03 21:10:55 INFO  org.testng.internal.Utils - [Utils] MethodGroupsHelper.collectMethodsByGroup() took 0 ms.
2026-10-03 21:10:55 INFO  org.testng.internal.Utils - [Utils] MethodGroupsHelper.sortMethods() took 0 ms.
2026-10-03 21:10:55 INFO  org.testng.internal.Utils - [Utils] MethodGroupsHelper.collectMethodsByGroup() took 0 ms.
2026-10-03 21:10:55 INFO  org.testng.internal.Utils - [Utils] MethodGroupsHelper.sortMethods() took 0 ms.
2026-10-03 21:10:55 INFO  org.testng.internal.Utils - [Utils] MethodGroupsHelper.collectMethodsByGroup() took 0 ms.
2026-10-03 21:10:55 INFO  org.testng.internal.Utils - [Utils] MethodGroupsHelper.sortMethods() took 0 ms.
2026-10-03 21:10:55 INFO  org.testng.internal.Utils - [Utils] MethodGroupsHelper.collectMethodsByGroup() took 0 ms.
2026-10-03 21:10:55 INFO  org.testng.internal.Utils - [Utils] MethodGroupsHelper.sortMethods() took 0 ms.
2026-10-03 21:10:55 INFO  org.testng.internal.Utils - [Utils] MethodGroupsHelper.collectMethodsByGroup() took 0 ms.
2026-10-03 21:10:55 INFO  org.testng.internal.Utils - [Utils] MethodGroupsHelper.sortMethods() took 0 ms.
2026-10-03 21:10:55 INFO  org.testng.internal.Utils - [Utils] MethodGroupsHelper.collectMethodsByGroup() took 0 ms.
2026-10-03 21:10:55 INFO  org.testng.internal.Utils - [Utils] MethodGroupsHelper.sortMethods() took 0 ms.
2026-10-03 21:10:55 INFO  org.testng.internal.Utils - [Utils] MethodGroupsHelper.collectMethodsByGroup() took 0 ms.
2026-10-03 21:10:55 INFO  org.testng.internal.Utils - [Utils] MethodGroupsHelper.sortMethods() took 0 ms.
2026-10-03 21:10:55 INFO  org.testng.internal.Utils - [Utils] MethodGroupsHelper.collectMethodsByGroup() took 0 ms.
2026-10-03 21:10:55 INFO  org.testng.internal.Utils - [Utils] MethodGroupsHelper.sortMethods() took 0 ms.
2026-10-03 21:10:55 INFO  org.testng.internal.Utils - [Utils] MethodGroupsHelper.collectMethodsByGroup() took 4 ms.
2026-10-03 21:10:55 INFO  org.testng.internal.Utils - [Utils] MethodGroupsHelper.sortMethods() took 8 ms.
2026-10-03 21:10:55 INFO  org.testng.internal.Utils - [Utils] MethodGroupsHelper.collectMethodsByGroup() took 0 ms.
2026-10-03 21:10:55 INFO  org.testng.internal.Utils - [Utils] MethodGroupsHelper.sortMethods() took 0 ms.
2026-10-03 21:10:55 INFO  org.testng.internal.Utils - [Utils] MethodGroupsHelper.collectMethodsByGroup() took 0 ms.
2026-10-03 21:10:55 INFO  org.testng.internal.Utils - [Utils] MethodGroupsHelper.sortMethods() took 0 ms.
2026-10-03 21:10:55 INFO  org.testng.internal.Utils - [Utils] MethodGroupsHelper.collectMethodsByGroup() took 0 ms.
2026-10-03 21:10:55 INFO  org.testng.internal.Utils - [Utils] MethodGroupsHelper.sortMethods() took 0 ms.
2026-10-03 21:10:55 INFO  org.testng.internal.Utils - [Utils] MethodGroupsHelper.collectMethodsByGroup() took 1 ms.
2026-10-03 21:10:55 INFO  org.testng.internal.Utils - [Utils] MethodGroupsHelper.sortMethods() took 0 ms.
2026-10-03 21:10:55 INFO  org.testng.internal.Utils - [Utils] MethodGroupsHelper.collectMethodsByGroup() took 0 ms.
2026-10-03 21:10:55 INFO  org.testng.internal.Utils - [Utils] MethodGroupsHelper.sortMethods() took 0 ms.
2026-10-03 21:10:55 INFO  org.testng.internal.Utils - [Utils] MethodGroupsHelper.collectMethodsByGroup() took 0 ms.
2026-10-03 21:10:55 INFO  org.testng.internal.Utils - [Utils] MethodGroupsHelper.sortMethods() took 0 ms.
2026-10-03 21:10:55 INFO  org.testng.internal.Utils - [TestNG] Running:
  C:\Users\Rahul Kumar\AppData\Local\Temp\testng-eclipse-1698291450\testng-customsuite.xml

2026-10-03 21:10:55 INFO  org.testng.internal.Utils - [Utils] DynamicGraphHelper.createDynamicGraph() took 4 ms.
2026-10-03 21:10:56 INFO  tests.LoginTest - ***********Initializing Page Objects***********
2026-10-03 21:10:56 INFO  library.Base - ***********LAUNCHING EDGE BROWSER***********
2026-10-03 21:11:04 INFO  pages.LoginPage - ****Initiating LoginPage********
2026-10-03 21:11:04 INFO  tests.LoginTest - **********Sending Username-Password to LoginPage*************
2026-10-03 21:11:04 INFO  pages.LoginPage - ******Logging into app****
2026-10-03 21:11:04 INFO  pages.LoginPage - ****Entering Username********
2026-10-03 21:11:04 INFO  pages.LoginPage - ******Checking Presence of Username Field******
2026-10-03 21:11:04 INFO  pages.LoginPage - ******Sending Username******
2026-10-03 21:11:05 INFO  pages.LoginPage - ****Entering Password********
2026-10-03 21:11:05 INFO  pages.LoginPage - ******Checking Visibility of Password Field******
2026-10-03 21:11:05 INFO  pages.LoginPage - ******Sending Password******
2026-10-03 21:11:05 INFO  pages.LoginPage - ****Clicking on Login Button********
2026-10-03 21:11:05 INFO  pages.LoginPage - ******Checking Clickability of Login Button******
2026-10-03 21:11:05 INFO  pages.LoginPage - ******Clicking on Login Button******
2026-10-03 21:11:06 INFO  pages.HomePage - ****Initiating HomePage********
2026-10-03 21:11:06 INFO  tests.LoginTest - *****Verifying Dashboard********
2026-10-03 21:11:06 INFO  pages.HomePage - ********Getting Dashboard Element********
2026-10-03 21:11:06 ERROR tests.LoginTest - loginSuccessTest Failed : NoSuchElementException FOUND => no such element: Unable to locate element: {"method":"xpath","selector":"//h6[normalize-space()='Dashboard']"}
2026-10-03 21:11:06 INFO  org.testng.internal.Utils - [TestNG] Time taken by org.testng.reporters.jq.Main@61e45f87: 81 ms
2026-10-03 21:11:06 INFO  org.testng.internal.Utils - [TestNG] Time taken by org.testng.reporters.FailedReporter@17ca8b92: 4 ms
2026-10-03 21:11:06 INFO  org.testng.internal.Utils - [TestNG] Time taken by org.testng.reporters.XMLReporter@4d8539de: 8 ms
2026-10-03 21:11:06 INFO  org.testng.internal.Utils - [TestNG] Time taken by org.testng.reporters.EmailableReporter2@69b2f8e5: 5 ms
2026-10-03 21:11:06 INFO  org.testng.internal.Utils - [TestNG] Time taken by org.testng.reporters.JUnitReportReporter@5f462e3b: 6 ms
2026-10-03 21:11:06 INFO  org.testng.internal.Utils - [TestNG] Time taken by org.testng.internal.ExitCodeListener@3d7fa3ae: 0 ms
2026-10-03 21:11:27 INFO  org.testng.internal.Utils - [Utils] MethodGroupsHelper.collectMethodsByGroup() took 0 ms.
2026-10-03 21:11:27 INFO  org.testng.internal.Utils - [Utils] MethodGroupsHelper.sortMethods() took 2 ms.
2026-10-03 21:11:27 INFO  org.testng.internal.Utils - [Utils] MethodGroupsHelper.collectMethodsByGroup() took 0 ms.
2026-10-03 21:11:27 INFO  org.testng.internal.Utils - [Utils] MethodGroupsHelper.sortMethods() took 0 ms.
2026-10-03 21:11:27 INFO  org.testng.internal.Utils - [Utils] MethodGroupsHelper.collectMethodsByGroup() took 0 ms.
2026-10-03 21:11:27 INFO  org.testng.internal.Utils - [Utils] MethodGroupsHelper.sortMethods() took 0 ms.
2026-10-03 21:11:27 INFO  org.testng.internal.Utils - [Utils] MethodGroupsHelper.collectMethodsByGroup() took 0 ms.
2026-10-03 21:11:27 INFO  org.testng.internal.Utils - [Utils] MethodGroupsHelper.sortMethods() took 0 ms.
2026-10-03 21:11:27 INFO  org.testng.internal.Utils - [Utils] MethodGroupsHelper.collectMethodsByGroup() took 0 ms.
2026-10-03 21:11:27 INFO  org.testng.internal.Utils - [Utils] MethodGroupsHelper.sortMethods() took 0 ms.
2026-10-03 21:11:27 INFO  org.testng.internal.Utils - [Utils] MethodGroupsHelper.collectMethodsByGroup() took 0 ms.
2026-10-03 21:11:27 INFO  org.testng.internal.Utils - [Utils] MethodGroupsHelper.sortMethods() took 0 ms.
2026-10-03 21:11:27 INFO  org.testng.internal.Utils - [Utils] MethodGroupsHelper.collectMethodsByGroup() took 0 ms.
2026-10-03 21:11:27 INFO  org.testng.internal.Utils - [Utils] MethodGroupsHelper.sortMethods() took 0 ms.
2026-10-03 21:11:27 INFO  org.testng.internal.Utils - [Utils] MethodGroupsHelper.collectMethodsByGroup() took 0 ms.
2026-10-03 21:11:27 INFO  org.testng.internal.Utils - [Utils] MethodGroupsHelper.sortMethods() took 0 ms.
2026-10-03 21:11:27 INFO  org.testng.internal.Utils - [Utils] MethodGroupsHelper.collectMethodsByGroup() took 5 ms.
2026-10-03 21:11:27 INFO  org.testng.internal.Utils - [Utils] MethodGroupsHelper.sortMethods() took 9 ms.
2026-10-03 21:11:27 INFO  org.testng.internal.Utils - [Utils] MethodGroupsHelper.collectMethodsByGroup() took 0 ms.
2026-10-03 21:11:27 INFO  org.testng.internal.Utils - [Utils] MethodGroupsHelper.sortMethods() took 0 ms.
2026-10-03 21:11:27 INFO  org.testng.internal.Utils - [Utils] MethodGroupsHelper.collectMethodsByGroup() took 0 ms.
2026-10-03 21:11:27 INFO  org.testng.internal.Utils - [Utils] MethodGroupsHelper.sortMethods() took 0 ms.
2026-10-03 21:11:27 INFO  org.testng.internal.Utils - [Utils] MethodGroupsHelper.collectMethodsByGroup() took 0 ms.
2026-10-03 21:11:27 INFO  org.testng.internal.Utils - [Utils] MethodGroupsHelper.sortMethods() took 0 ms.
2026-10-03 21:11:27 INFO  org.testng.internal.Utils - [Utils] MethodGroupsHelper.collectMethodsByGroup() took 1 ms.
2026-10-03 21:11:27 INFO  org.testng.internal.Utils - [Utils] MethodGroupsHelper.sortMethods() took 0 ms.
2026-10-03 21:11:27 INFO  org.testng.internal.Utils - [Utils] MethodGroupsHelper.collectMethodsByGroup() took 0 ms.
2026-10-03 21:11:27 INFO  org.testng.internal.Utils - [Utils] MethodGroupsHelper.sortMethods() took 0 ms.
2026-10-03 21:11:27 INFO  org.testng.internal.Utils - [Utils] MethodGroupsHelper.collectMethodsByGroup() took 0 ms.
2026-10-03 21:11:27 INFO  org.testng.internal.Utils - [Utils] MethodGroupsHelper.sortMethods() took 0 ms.
2026-10-03 21:11:27 INFO  org.testng.internal.Utils - [TestNG] Running:
  C:\Users\Rahul Kumar\AppData\Local\Temp\testng-eclipse--144024201\testng-customsuite.xml

2026-10-03 21:11:27 INFO  org.testng.internal.Utils - [Utils] DynamicGraphHelper.createDynamicGraph() took 4 ms.
2026-10-03 21:11:27 INFO  tests.LoginTest - ***********Initializing Page Objects***********
2026-10-03 21:11:27 INFO  library.Base - ***********LAUNCHING EDGE BROWSER***********
2026-10-03 21:11:42 INFO  pages.LoginPage - ****Initiating LoginPage********
2026-10-03 21:11:42 INFO  tests.LoginTest - **********Sending Username-Password to LoginPage*************
2026-10-03 21:11:42 INFO  pages.LoginPage - ******Logging into app****
2026-10-03 21:11:42 INFO  pages.LoginPage - ****Entering Username********
2026-10-03 21:11:42 INFO  pages.LoginPage - ******Checking Presence of Username Field******
2026-10-03 21:11:43 INFO  pages.LoginPage - ******Sending Username******
2026-10-03 21:11:43 INFO  pages.LoginPage - ****Entering Password********
2026-10-03 21:11:43 INFO  pages.LoginPage - ******Checking Visibility of Password Field******
2026-10-03 21:11:43 INFO  pages.LoginPage - ******Sending Password******
2026-10-03 21:11:43 INFO  pages.LoginPage - ****Clicking on Login Button********
2026-10-03 21:11:43 INFO  pages.LoginPage - ******Checking Clickability of Login Button******
2026-10-03 21:11:43 INFO  pages.LoginPage - ******Clicking on Login Button******
2026-10-03 21:11:46 INFO  pages.HomePage - ****Initiating HomePage********
2026-10-03 21:11:46 INFO  tests.LoginTest - *****Verifying Dashboard********
2026-10-03 21:11:46 INFO  pages.HomePage - ********Getting Dashboard Element********
2026-10-03 21:11:46 ERROR tests.LoginTest - loginSuccessTest Failed : NoSuchElementException FOUND => no such element: Unable to locate element: {"method":"xpath","selector":"//h6[normalize-space()='Dashboard']"}
2026-10-03 21:11:46 INFO  org.testng.internal.Utils - [TestNG] Time taken by org.testng.reporters.jq.Main@5f78de22: 85 ms
2026-10-03 21:11:46 INFO  org.testng.internal.Utils - [TestNG] Time taken by org.testng.reporters.FailedReporter@3eba57a7: 0 ms
2026-10-03 21:11:46 INFO  org.testng.internal.Utils - [TestNG] Time taken by org.testng.reporters.XMLReporter@69b2f8e5: 6 ms
2026-10-03 21:11:46 INFO  org.testng.internal.Utils - [TestNG] Time taken by org.testng.reporters.EmailableReporter2@1ee29c84: 14 ms
2026-10-03 21:11:46 INFO  org.testng.internal.Utils - [TestNG] Time taken by org.testng.reporters.JUnitReportReporter@d02f8d: 10 ms
2026-10-03 21:11:46 INFO  org.testng.internal.Utils - [TestNG] Time taken by org.testng.internal.ExitCodeListener@60baef24: 2 ms
