2026-10-04 11:13:33 INFO  org.testng.internal.Utils - [Utils] MethodGroupsHelper.collectMethodsByGroup() took 1 ms.
2026-10-04 11:13:33 INFO  org.testng.internal.Utils - [Utils] MethodGroupsHelper.sortMethods() took 5 ms.
2026-10-04 11:13:34 INFO  org.testng.internal.Utils - [Utils] MethodGroupsHelper.collectMethodsByGroup() took 0 ms.
2026-10-04 11:13:34 INFO  org.testng.internal.Utils - [Utils] MethodGroupsHelper.sortMethods() took 0 ms.
2026-10-04 11:13:34 INFO  org.testng.internal.Utils - [Utils] MethodGroupsHelper.collectMethodsByGroup() took 0 ms.
2026-10-04 11:13:34 INFO  org.testng.internal.Utils - [Utils] MethodGroupsHelper.sortMethods() took 0 ms.
2026-10-04 11:13:34 INFO  org.testng.internal.Utils - [Utils] MethodGroupsHelper.collectMethodsByGroup() took 0 ms.
2026-10-04 11:13:34 INFO  org.testng.internal.Utils - [Utils] MethodGroupsHelper.sortMethods() took 0 ms.
2026-10-04 11:13:34 INFO  org.testng.internal.Utils - [Utils] MethodGroupsHelper.collectMethodsByGroup() took 0 ms.
2026-10-04 11:13:34 INFO  org.testng.internal.Utils - [Utils] MethodGroupsHelper.sortMethods() took 0 ms.
2026-10-04 11:13:34 INFO  org.testng.internal.Utils - [Utils] MethodGroupsHelper.collectMethodsByGroup() took 0 ms.
2026-10-04 11:13:34 INFO  org.testng.internal.Utils - [Utils] MethodGroupsHelper.sortMethods() took 0 ms.
2026-10-04 11:13:34 INFO  org.testng.internal.Utils - [Utils] MethodGroupsHelper.collectMethodsByGroup() took 0 ms.
2026-10-04 11:13:34 INFO  org.testng.internal.Utils - [Utils] MethodGroupsHelper.sortMethods() took 0 ms.
2026-10-04 11:13:34 INFO  org.testng.internal.Utils - [Utils] MethodGroupsHelper.collectMethodsByGroup() took 1 ms.
2026-10-04 11:13:34 INFO  org.testng.internal.Utils - [Utils] MethodGroupsHelper.sortMethods() took 0 ms.
2026-10-04 11:13:34 INFO  org.testng.internal.Utils - [Utils] MethodGroupsHelper.collectMethodsByGroup() took 19 ms.
2026-10-04 11:13:34 INFO  org.testng.internal.Utils - [Utils] MethodGroupsHelper.sortMethods() took 28 ms.
2026-10-04 11:13:34 INFO  org.testng.internal.Utils - [Utils] MethodGroupsHelper.collectMethodsByGroup() took 0 ms.
2026-10-04 11:13:34 INFO  org.testng.internal.Utils - [Utils] MethodGroupsHelper.sortMethods() took 0 ms.
2026-10-04 11:13:34 INFO  org.testng.internal.Utils - [Utils] MethodGroupsHelper.collectMethodsByGroup() took 0 ms.
2026-10-04 11:13:34 INFO  org.testng.internal.Utils - [Utils] MethodGroupsHelper.sortMethods() took 0 ms.
2026-10-04 11:13:34 INFO  org.testng.internal.Utils - [Utils] MethodGroupsHelper.collectMethodsByGroup() took 0 ms.
2026-10-04 11:13:34 INFO  org.testng.internal.Utils - [Utils] MethodGroupsHelper.sortMethods() took 0 ms.
2026-10-04 11:13:34 INFO  org.testng.internal.Utils - [Utils] MethodGroupsHelper.collectMethodsByGroup() took 2 ms.
2026-10-04 11:13:34 INFO  org.testng.internal.Utils - [Utils] MethodGroupsHelper.sortMethods() took 0 ms.
2026-10-04 11:13:34 INFO  org.testng.internal.Utils - [Utils] MethodGroupsHelper.collectMethodsByGroup() took 0 ms.
2026-10-04 11:13:34 INFO  org.testng.internal.Utils - [Utils] MethodGroupsHelper.sortMethods() took 0 ms.
2026-10-04 11:13:34 INFO  org.testng.internal.Utils - [Utils] MethodGroupsHelper.collectMethodsByGroup() took 0 ms.
2026-10-04 11:13:34 INFO  org.testng.internal.Utils - [Utils] MethodGroupsHelper.sortMethods() took 0 ms.
2026-10-04 11:13:34 INFO  org.testng.internal.Utils - [TestNG] Running:
  C:\Users\Rahul Kumar\AppData\Local\Temp\testng-eclipse--394307059\testng-customsuite.xml

2026-10-04 11:13:34 INFO  org.testng.internal.Utils - [Utils] DynamicGraphHelper.createDynamicGraph() took 8 ms.
2026-10-04 11:13:34 INFO  tests.LoginTest - ***********Initializing Page Objects***********
2026-10-04 11:13:34 INFO  library.Base - ***********LAUNCHING EDGE BROWSER***********
2026-10-04 11:13:47 INFO  pages.LoginPage - ****Initiating LoginPage********
2026-10-04 11:13:47 INFO  tests.LoginTest - **********Sending Username-Password to LoginPage*************
2026-10-04 11:13:47 INFO  pages.LoginPage - ******Logging into app****
2026-10-04 11:13:47 INFO  pages.LoginPage - ****Entering Username********
2026-10-04 11:13:47 INFO  pages.LoginPage - ******Checking Presence of Username Field******
2026-10-04 11:13:48 INFO  pages.LoginPage - ******Sending Username******
2026-10-04 11:13:48 INFO  pages.LoginPage - ****Entering Password********
2026-10-04 11:13:48 INFO  pages.LoginPage - ******Checking Visibility of Password Field******
2026-10-04 11:13:48 INFO  pages.LoginPage - ******Sending Password******
2026-10-04 11:13:48 INFO  pages.LoginPage - ****Clicking on Login Button********
2026-10-04 11:13:48 INFO  pages.LoginPage - ******Checking Clickability of Login Button******
2026-10-04 11:13:48 INFO  pages.LoginPage - ******Clicking on Login Button******
2026-10-04 11:13:50 INFO  pages.HomePage - ****Initiating HomePage********
2026-10-04 11:13:50 INFO  tests.LoginTest - *****Verifying Dashboard********
2026-10-04 11:13:50 INFO  pages.HomePage - ********Getting Dashboard Element********
2026-10-04 11:13:50 ERROR tests.LoginTest - loginSuccessTest Failed : NoSuchElementException FOUND => no such element: Unable to locate element: {"method":"xpath","selector":"//h6[normalize-space()='Dashboard']"}
2026-10-04 11:13:51 INFO  org.testng.internal.Utils - [TestNG] Time taken by org.testng.reporters.jq.Main@5bb8f9e2: 214 ms
2026-10-04 11:13:51 INFO  org.testng.internal.Utils - [TestNG] Time taken by org.testng.reporters.FailedReporter@516ebdf8: 4 ms
2026-10-04 11:13:51 INFO  org.testng.internal.Utils - [TestNG] Time taken by org.testng.reporters.XMLReporter@378bd86d: 28 ms
2026-10-04 11:13:51 INFO  org.testng.internal.Utils - [TestNG] Time taken by org.testng.reporters.EmailableReporter2@522b2631: 7 ms
2026-10-04 11:13:51 INFO  org.testng.internal.Utils - [TestNG] Time taken by org.testng.reporters.JUnitReportReporter@6f012914: 22 ms
2026-10-04 11:13:51 INFO  org.testng.internal.Utils - [TestNG] Time taken by org.testng.internal.ExitCodeListener@18fdb6cf: 0 ms
2026-10-04 11:15:12 INFO  org.testng.internal.Utils - [Utils] MethodGroupsHelper.collectMethodsByGroup() took 2 ms.
2026-10-04 11:15:12 INFO  org.testng.internal.Utils - [Utils] MethodGroupsHelper.sortMethods() took 1 ms.
2026-10-04 11:15:12 INFO  org.testng.internal.Utils - [Utils] MethodGroupsHelper.collectMethodsByGroup() took 0 ms.
2026-10-04 11:15:12 INFO  org.testng.internal.Utils - [Utils] MethodGroupsHelper.sortMethods() took 0 ms.
2026-10-04 11:15:12 INFO  org.testng.internal.Utils - [Utils] MethodGroupsHelper.collectMethodsByGroup() took 0 ms.
2026-10-04 11:15:12 INFO  org.testng.internal.Utils - [Utils] MethodGroupsHelper.sortMethods() took 0 ms.
2026-10-04 11:15:12 INFO  org.testng.internal.Utils - [Utils] MethodGroupsHelper.collectMethodsByGroup() took 0 ms.
2026-10-04 11:15:12 INFO  org.testng.internal.Utils - [Utils] MethodGroupsHelper.sortMethods() took 0 ms.
2026-10-04 11:15:12 INFO  org.testng.internal.Utils - [Utils] MethodGroupsHelper.collectMethodsByGroup() took 0 ms.
2026-10-04 11:15:12 INFO  org.testng.internal.Utils - [Utils] MethodGroupsHelper.sortMethods() took 0 ms.
2026-10-04 11:15:12 INFO  org.testng.internal.Utils - [Utils] MethodGroupsHelper.collectMethodsByGroup() took 0 ms.
2026-10-04 11:15:12 INFO  org.testng.internal.Utils - [Utils] MethodGroupsHelper.sortMethods() took 0 ms.
2026-10-04 11:15:12 INFO  org.testng.internal.Utils - [Utils] MethodGroupsHelper.collectMethodsByGroup() took 0 ms.
2026-10-04 11:15:12 INFO  org.testng.internal.Utils - [Utils] MethodGroupsHelper.sortMethods() took 0 ms.
2026-10-04 11:15:12 INFO  org.testng.internal.Utils - [Utils] MethodGroupsHelper.collectMethodsByGroup() took 0 ms.
2026-10-04 11:15:12 INFO  org.testng.internal.Utils - [Utils] MethodGroupsHelper.sortMethods() took 0 ms.
2026-10-04 11:15:12 INFO  org.testng.internal.Utils - [Utils] MethodGroupsHelper.collectMethodsByGroup() took 9 ms.
2026-10-04 11:15:12 INFO  org.testng.internal.Utils - [Utils] MethodGroupsHelper.sortMethods() took 18 ms.
2026-10-04 11:15:12 INFO  org.testng.internal.Utils - [Utils] MethodGroupsHelper.collectMethodsByGroup() took 0 ms.
2026-10-04 11:15:12 INFO  org.testng.internal.Utils - [Utils] MethodGroupsHelper.sortMethods() took 0 ms.
2026-10-04 11:15:12 INFO  org.testng.internal.Utils - [Utils] MethodGroupsHelper.collectMethodsByGroup() took 0 ms.
2026-10-04 11:15:12 INFO  org.testng.internal.Utils - [Utils] MethodGroupsHelper.sortMethods() took 0 ms.
2026-10-04 11:15:12 INFO  org.testng.internal.Utils - [Utils] MethodGroupsHelper.collectMethodsByGroup() took 0 ms.
2026-10-04 11:15:12 INFO  org.testng.internal.Utils - [Utils] MethodGroupsHelper.sortMethods() took 0 ms.
2026-10-04 11:15:12 INFO  org.testng.internal.Utils - [Utils] MethodGroupsHelper.collectMethodsByGroup() took 1 ms.
2026-10-04 11:15:12 INFO  org.testng.internal.Utils - [Utils] MethodGroupsHelper.sortMethods() took 0 ms.
2026-10-04 11:15:12 INFO  org.testng.internal.Utils - [Utils] MethodGroupsHelper.collectMethodsByGroup() took 0 ms.
2026-10-04 11:15:12 INFO  org.testng.internal.Utils - [Utils] MethodGroupsHelper.sortMethods() took 0 ms.
2026-10-04 11:15:12 INFO  org.testng.internal.Utils - [Utils] MethodGroupsHelper.collectMethodsByGroup() took 0 ms.
2026-10-04 11:15:12 INFO  org.testng.internal.Utils - [Utils] MethodGroupsHelper.sortMethods() took 0 ms.
2026-10-04 11:15:12 INFO  org.testng.internal.Utils - [TestNG] Running:
  C:\Users\Rahul Kumar\AppData\Local\Temp\testng-eclipse--561718803\testng-customsuite.xml

2026-10-04 11:15:12 INFO  org.testng.internal.Utils - [Utils] DynamicGraphHelper.createDynamicGraph() took 10 ms.
2026-10-04 11:15:12 INFO  tests.LoginTest - ***********Initializing Page Objects***********
2026-10-04 11:15:12 INFO  library.Base - ***********LAUNCHING EDGE BROWSER***********
2026-10-04 11:15:25 INFO  pages.LoginPage - ****Initiating LoginPage********
2026-10-04 11:15:25 INFO  tests.LoginTest - **********Sending Username-Password to LoginPage*************
2026-10-04 11:15:25 INFO  pages.LoginPage - ******Logging into app****
2026-10-04 11:15:25 INFO  pages.LoginPage - ****Entering Username********
2026-10-04 11:15:25 INFO  pages.LoginPage - ******Checking Presence of Username Field******
2026-10-04 11:15:46 INFO  org.testng.internal.Utils - [TestNG] Time taken by org.testng.reporters.jq.Main@79a1728c: 187 ms
2026-10-04 11:15:46 INFO  org.testng.internal.Utils - [TestNG] Time taken by org.testng.reporters.FailedReporter@8a62297: 61 ms
2026-10-04 11:15:46 INFO  org.testng.internal.Utils - [TestNG] Time taken by org.testng.reporters.XMLReporter@6ceb7b5e: 23 ms
2026-10-04 11:15:46 INFO  org.testng.internal.Utils - [TestNG] Time taken by org.testng.reporters.EmailableReporter2@5f404594: 29 ms
2026-10-04 11:15:46 INFO  org.testng.internal.Utils - [TestNG] Time taken by org.testng.reporters.JUnitReportReporter@27b71f50: 26 ms
2026-10-04 11:15:46 INFO  org.testng.internal.Utils - [TestNG] Time taken by org.testng.internal.ExitCodeListener@383790cf: 0 ms
2026-10-04 12:00:19 INFO  org.testng.internal.Utils - [Utils] MethodGroupsHelper.collectMethodsByGroup() took 1 ms.
2026-10-04 12:00:19 INFO  org.testng.internal.Utils - [Utils] MethodGroupsHelper.sortMethods() took 2 ms.
2026-10-04 12:00:19 INFO  org.testng.internal.Utils - [Utils] MethodGroupsHelper.collectMethodsByGroup() took 0 ms.
2026-10-04 12:00:19 INFO  org.testng.internal.Utils - [Utils] MethodGroupsHelper.sortMethods() took 0 ms.
2026-10-04 12:00:19 INFO  org.testng.internal.Utils - [Utils] MethodGroupsHelper.collectMethodsByGroup() took 0 ms.
2026-10-04 12:00:19 INFO  org.testng.internal.Utils - [Utils] MethodGroupsHelper.sortMethods() took 0 ms.
2026-10-04 12:00:19 INFO  org.testng.internal.Utils - [Utils] MethodGroupsHelper.collectMethodsByGroup() took 0 ms.
2026-10-04 12:00:19 INFO  org.testng.internal.Utils - [Utils] MethodGroupsHelper.sortMethods() took 0 ms.
2026-10-04 12:00:19 INFO  org.testng.internal.Utils - [Utils] MethodGroupsHelper.collectMethodsByGroup() took 0 ms.
2026-10-04 12:00:19 INFO  org.testng.internal.Utils - [Utils] MethodGroupsHelper.sortMethods() took 0 ms.
2026-10-04 12:00:19 INFO  org.testng.internal.Utils - [Utils] MethodGroupsHelper.collectMethodsByGroup() took 0 ms.
2026-10-04 12:00:19 INFO  org.testng.internal.Utils - [Utils] MethodGroupsHelper.sortMethods() took 0 ms.
2026-10-04 12:00:19 INFO  org.testng.internal.Utils - [Utils] MethodGroupsHelper.collectMethodsByGroup() took 0 ms.
2026-10-04 12:00:19 INFO  org.testng.internal.Utils - [Utils] MethodGroupsHelper.sortMethods() took 0 ms.
2026-10-04 12:00:19 INFO  org.testng.internal.Utils - [Utils] MethodGroupsHelper.collectMethodsByGroup() took 0 ms.
2026-10-04 12:00:19 INFO  org.testng.internal.Utils - [Utils] MethodGroupsHelper.sortMethods() took 0 ms.
2026-10-04 12:00:19 INFO  org.testng.internal.Utils - [Utils] MethodGroupsHelper.collectMethodsByGroup() took 8 ms.
2026-10-04 12:00:19 INFO  org.testng.internal.Utils - [Utils] MethodGroupsHelper.sortMethods() took 15 ms.
2026-10-04 12:00:19 INFO  org.testng.internal.Utils - [Utils] MethodGroupsHelper.collectMethodsByGroup() took 0 ms.
2026-10-04 12:00:19 INFO  org.testng.internal.Utils - [Utils] MethodGroupsHelper.sortMethods() took 0 ms.
2026-10-04 12:00:19 INFO  org.testng.internal.Utils - [Utils] MethodGroupsHelper.collectMethodsByGroup() took 0 ms.
2026-10-04 12:00:19 INFO  org.testng.internal.Utils - [Utils] MethodGroupsHelper.sortMethods() took 0 ms.
2026-10-04 12:00:19 INFO  org.testng.internal.Utils - [Utils] MethodGroupsHelper.collectMethodsByGroup() took 0 ms.
2026-10-04 12:00:19 INFO  org.testng.internal.Utils - [Utils] MethodGroupsHelper.sortMethods() took 0 ms.
2026-10-04 12:00:19 INFO  org.testng.internal.Utils - [Utils] MethodGroupsHelper.collectMethodsByGroup() took 2 ms.
2026-10-04 12:00:19 INFO  org.testng.internal.Utils - [Utils] MethodGroupsHelper.sortMethods() took 0 ms.
2026-10-04 12:00:19 INFO  org.testng.internal.Utils - [Utils] MethodGroupsHelper.collectMethodsByGroup() took 0 ms.
2026-10-04 12:00:19 INFO  org.testng.internal.Utils - [Utils] MethodGroupsHelper.sortMethods() took 0 ms.
2026-10-04 12:00:19 INFO  org.testng.internal.Utils - [Utils] MethodGroupsHelper.collectMethodsByGroup() took 0 ms.
2026-10-04 12:00:19 INFO  org.testng.internal.Utils - [Utils] MethodGroupsHelper.sortMethods() took 0 ms.
2026-10-04 12:00:19 INFO  org.testng.internal.Utils - [TestNG] Running:
  C:\Users\Rahul Kumar\AppData\Local\Temp\testng-eclipse--880767062\testng-customsuite.xml

2026-10-04 12:00:19 INFO  org.testng.internal.Utils - [Utils] DynamicGraphHelper.createDynamicGraph() took 8 ms.
2026-10-04 12:00:19 INFO  tests.LoginTest - ***********Initializing Page Objects***********
2026-10-04 12:00:19 INFO  library.Base - ***********LAUNCHING EDGE BROWSER***********
2026-10-04 12:00:34 INFO  pages.LoginPage - ****Initiating LoginPage********
2026-10-04 12:00:34 INFO  tests.LoginTest - **********Sending Username-Password to LoginPage*************
2026-10-04 12:00:34 INFO  pages.LoginPage - ******Logging into app****
2026-10-04 12:00:34 INFO  pages.LoginPage - ****Entering Username********
2026-10-04 12:00:34 INFO  pages.LoginPage - ******Checking Presence of Username Field******
2026-10-04 12:00:36 INFO  pages.LoginPage - ******Sending Username******
2026-10-04 12:00:36 INFO  pages.LoginPage - ****Entering Password********
2026-10-04 12:00:36 INFO  pages.LoginPage - ******Checking Visibility of Password Field******
2026-10-04 12:00:36 INFO  pages.LoginPage - ******Sending Password******
2026-10-04 12:00:36 INFO  pages.LoginPage - ****Clicking on Login Button********
2026-10-04 12:00:36 INFO  pages.LoginPage - ******Checking Clickability of Login Button******
2026-10-04 12:00:36 INFO  pages.LoginPage - ******Clicking on Login Button******
2026-10-04 12:00:41 INFO  tests.LoginTest - ***********Verifying Login Page is Displayed after logout********
2026-10-04 12:00:41 INFO  tests.LoginTest - *****Verifying Logout********
2026-10-04 12:00:42 INFO  org.testng.internal.Utils - [TestNG] Time taken by org.testng.reporters.jq.Main@60baef24: 167 ms
2026-10-04 12:00:42 INFO  org.testng.internal.Utils - [TestNG] Time taken by org.testng.reporters.FailedReporter@720653c2: 3 ms
2026-10-04 12:00:42 INFO  org.testng.internal.Utils - [TestNG] Time taken by org.testng.reporters.XMLReporter@6569dded: 17 ms
2026-10-04 12:00:42 INFO  org.testng.internal.Utils - [TestNG] Time taken by org.testng.reporters.EmailableReporter2@4917d36b: 16 ms
2026-10-04 12:00:42 INFO  org.testng.internal.Utils - [TestNG] Time taken by org.testng.reporters.JUnitReportReporter@17ae7628: 15 ms
2026-10-04 12:00:42 INFO  org.testng.internal.Utils - [TestNG] Time taken by org.testng.internal.ExitCodeListener@1136b469: 0 ms
2026-10-04 12:01:23 INFO  org.testng.internal.Utils - [Utils] MethodGroupsHelper.collectMethodsByGroup() took 3 ms.
2026-10-04 12:01:23 INFO  org.testng.internal.Utils - [Utils] MethodGroupsHelper.sortMethods() took 5 ms.
2026-10-04 12:01:23 INFO  org.testng.internal.Utils - [Utils] MethodGroupsHelper.collectMethodsByGroup() took 0 ms.
2026-10-04 12:01:23 INFO  org.testng.internal.Utils - [Utils] MethodGroupsHelper.sortMethods() took 0 ms.
2026-10-04 12:01:23 INFO  org.testng.internal.Utils - [Utils] MethodGroupsHelper.collectMethodsByGroup() took 0 ms.
2026-10-04 12:01:23 INFO  org.testng.internal.Utils - [Utils] MethodGroupsHelper.sortMethods() took 0 ms.
2026-10-04 12:01:23 INFO  org.testng.internal.Utils - [Utils] MethodGroupsHelper.collectMethodsByGroup() took 0 ms.
2026-10-04 12:01:23 INFO  org.testng.internal.Utils - [Utils] MethodGroupsHelper.sortMethods() took 0 ms.
2026-10-04 12:01:23 INFO  org.testng.internal.Utils - [Utils] MethodGroupsHelper.collectMethodsByGroup() took 0 ms.
2026-10-04 12:01:23 INFO  org.testng.internal.Utils - [Utils] MethodGroupsHelper.sortMethods() took 0 ms.
2026-10-04 12:01:23 INFO  org.testng.internal.Utils - [Utils] MethodGroupsHelper.collectMethodsByGroup() took 0 ms.
2026-10-04 12:01:23 INFO  org.testng.internal.Utils - [Utils] MethodGroupsHelper.sortMethods() took 0 ms.
2026-10-04 12:01:23 INFO  org.testng.internal.Utils - [Utils] MethodGroupsHelper.collectMethodsByGroup() took 0 ms.
2026-10-04 12:01:23 INFO  org.testng.internal.Utils - [Utils] MethodGroupsHelper.sortMethods() took 0 ms.
2026-10-04 12:01:23 INFO  org.testng.internal.Utils - [Utils] MethodGroupsHelper.collectMethodsByGroup() took 0 ms.
2026-10-04 12:01:23 INFO  org.testng.internal.Utils - [Utils] MethodGroupsHelper.sortMethods() took 0 ms.
2026-10-04 12:01:23 INFO  org.testng.internal.Utils - [Utils] MethodGroupsHelper.collectMethodsByGroup() took 8 ms.
2026-10-04 12:01:23 INFO  org.testng.internal.Utils - [Utils] MethodGroupsHelper.sortMethods() took 14 ms.
2026-10-04 12:01:23 INFO  org.testng.internal.Utils - [Utils] MethodGroupsHelper.collectMethodsByGroup() took 0 ms.
2026-10-04 12:01:23 INFO  org.testng.internal.Utils - [Utils] MethodGroupsHelper.sortMethods() took 0 ms.
2026-10-04 12:01:23 INFO  org.testng.internal.Utils - [Utils] MethodGroupsHelper.collectMethodsByGroup() took 0 ms.
2026-10-04 12:01:23 INFO  org.testng.internal.Utils - [Utils] MethodGroupsHelper.sortMethods() took 0 ms.
2026-10-04 12:01:23 INFO  org.testng.internal.Utils - [Utils] MethodGroupsHelper.collectMethodsByGroup() took 0 ms.
2026-10-04 12:01:23 INFO  org.testng.internal.Utils - [Utils] MethodGroupsHelper.sortMethods() took 0 ms.
2026-10-04 12:01:23 INFO  org.testng.internal.Utils - [Utils] MethodGroupsHelper.collectMethodsByGroup() took 1 ms.
2026-10-04 12:01:23 INFO  org.testng.internal.Utils - [Utils] MethodGroupsHelper.sortMethods() took 0 ms.
2026-10-04 12:01:23 INFO  org.testng.internal.Utils - [Utils] MethodGroupsHelper.collectMethodsByGroup() took 0 ms.
2026-10-04 12:01:23 INFO  org.testng.internal.Utils - [Utils] MethodGroupsHelper.sortMethods() took 0 ms.
2026-10-04 12:01:23 INFO  org.testng.internal.Utils - [Utils] MethodGroupsHelper.collectMethodsByGroup() took 0 ms.
2026-10-04 12:01:23 INFO  org.testng.internal.Utils - [Utils] MethodGroupsHelper.sortMethods() took 0 ms.
2026-10-04 12:01:23 INFO  org.testng.internal.Utils - [TestNG] Running:
  C:\Users\Rahul Kumar\AppData\Local\Temp\testng-eclipse--1102908384\testng-customsuite.xml

2026-10-04 12:01:23 INFO  org.testng.internal.Utils - [Utils] DynamicGraphHelper.createDynamicGraph() took 7 ms.
2026-10-04 12:01:23 INFO  tests.LoginTest - ***********Initializing Page Objects***********
2026-10-04 12:01:23 INFO  library.Base - ***********LAUNCHING EDGE BROWSER***********
2026-10-04 12:01:37 INFO  pages.LoginPage - ****Initiating LoginPage********
2026-10-04 12:01:37 INFO  tests.LoginTest - **********Sending Username-Password to LoginPage*************
2026-10-04 12:01:37 INFO  pages.LoginPage - ******Logging into app****
2026-10-04 12:01:37 INFO  pages.LoginPage - ****Entering Username********
2026-10-04 12:01:37 INFO  pages.LoginPage - ******Checking Presence of Username Field******
2026-10-04 12:01:38 INFO  pages.LoginPage - ******Sending Username******
2026-10-04 12:01:39 INFO  pages.LoginPage - ****Entering Password********
2026-10-04 12:01:39 INFO  pages.LoginPage - ******Checking Visibility of Password Field******
2026-10-04 12:01:39 INFO  pages.LoginPage - ******Sending Password******
2026-10-04 12:01:39 INFO  pages.LoginPage - ****Clicking on Login Button********
2026-10-04 12:01:39 INFO  pages.LoginPage - ******Checking Clickability of Login Button******
2026-10-04 12:01:39 INFO  pages.LoginPage - ******Clicking on Login Button******
2026-10-04 12:01:42 INFO  tests.LoginTest - ***********Verifying Login Page is Displayed after logout********
2026-10-04 12:01:42 INFO  tests.LoginTest - *****Verifying Logout********
2026-10-04 12:02:02 ERROR tests.LoginTest - loginSuccessTest Failed : TimeoutException FOUND => Expected condition failed: waiting for visibility of Proxy element for: DefaultElementLocator 'By.xpath: //h5'
2026-10-04 12:02:02 INFO  org.testng.internal.Utils - [TestNG] Time taken by org.testng.reporters.jq.Main@61f3fbb8: 190 ms
2026-10-04 12:02:02 INFO  org.testng.internal.Utils - [TestNG] Time taken by org.testng.reporters.FailedReporter@78de58ea: 3 ms
2026-10-04 12:02:02 INFO  org.testng.internal.Utils - [TestNG] Time taken by org.testng.reporters.XMLReporter@35d3ab60: 20 ms
2026-10-04 12:02:02 INFO  org.testng.internal.Utils - [TestNG] Time taken by org.testng.reporters.EmailableReporter2@2e380628: 17 ms
2026-10-04 12:02:02 INFO  org.testng.internal.Utils - [TestNG] Time taken by org.testng.reporters.JUnitReportReporter@652ab8d9: 20 ms
2026-10-04 12:02:02 INFO  org.testng.internal.Utils - [TestNG] Time taken by org.testng.internal.ExitCodeListener@14fc5d40: 0 ms
2026-10-04 12:09:10 INFO  org.testng.internal.Utils - [Utils] MethodGroupsHelper.collectMethodsByGroup() took 1 ms.
2026-10-04 12:09:10 INFO  org.testng.internal.Utils - [Utils] MethodGroupsHelper.sortMethods() took 4 ms.
2026-10-04 12:09:10 INFO  org.testng.internal.Utils - [Utils] MethodGroupsHelper.collectMethodsByGroup() took 0 ms.
2026-10-04 12:09:10 INFO  org.testng.internal.Utils - [Utils] MethodGroupsHelper.sortMethods() took 0 ms.
2026-10-04 12:09:10 INFO  org.testng.internal.Utils - [Utils] MethodGroupsHelper.collectMethodsByGroup() took 0 ms.
2026-10-04 12:09:10 INFO  org.testng.internal.Utils - [Utils] MethodGroupsHelper.sortMethods() took 0 ms.
2026-10-04 12:09:10 INFO  org.testng.internal.Utils - [Utils] MethodGroupsHelper.collectMethodsByGroup() took 0 ms.
2026-10-04 12:09:10 INFO  org.testng.internal.Utils - [Utils] MethodGroupsHelper.sortMethods() took 0 ms.
2026-10-04 12:09:10 INFO  org.testng.internal.Utils - [Utils] MethodGroupsHelper.collectMethodsByGroup() took 0 ms.
2026-10-04 12:09:10 INFO  org.testng.internal.Utils - [Utils] MethodGroupsHelper.sortMethods() took 0 ms.
2026-10-04 12:09:10 INFO  org.testng.internal.Utils - [Utils] MethodGroupsHelper.collectMethodsByGroup() took 0 ms.
2026-10-04 12:09:10 INFO  org.testng.internal.Utils - [Utils] MethodGroupsHelper.sortMethods() took 0 ms.
2026-10-04 12:09:10 INFO  org.testng.internal.Utils - [Utils] MethodGroupsHelper.collectMethodsByGroup() took 0 ms.
2026-10-04 12:09:10 INFO  org.testng.internal.Utils - [Utils] MethodGroupsHelper.sortMethods() took 0 ms.
2026-10-04 12:09:10 INFO  org.testng.internal.Utils - [Utils] MethodGroupsHelper.collectMethodsByGroup() took 0 ms.
2026-10-04 12:09:10 INFO  org.testng.internal.Utils - [Utils] MethodGroupsHelper.sortMethods() took 0 ms.
2026-10-04 12:09:10 INFO  org.testng.internal.Utils - [Utils] MethodGroupsHelper.collectMethodsByGroup() took 10 ms.
2026-10-04 12:09:10 INFO  org.testng.internal.Utils - [Utils] MethodGroupsHelper.sortMethods() took 18 ms.
2026-10-04 12:09:10 INFO  org.testng.internal.Utils - [Utils] MethodGroupsHelper.collectMethodsByGroup() took 0 ms.
2026-10-04 12:09:10 INFO  org.testng.internal.Utils - [Utils] MethodGroupsHelper.sortMethods() took 0 ms.
2026-10-04 12:09:10 INFO  org.testng.internal.Utils - [Utils] MethodGroupsHelper.collectMethodsByGroup() took 0 ms.
2026-10-04 12:09:10 INFO  org.testng.internal.Utils - [Utils] MethodGroupsHelper.sortMethods() took 0 ms.
2026-10-04 12:09:10 INFO  org.testng.internal.Utils - [Utils] MethodGroupsHelper.collectMethodsByGroup() took 0 ms.
2026-10-04 12:09:10 INFO  org.testng.internal.Utils - [Utils] MethodGroupsHelper.sortMethods() took 0 ms.
2026-10-04 12:09:10 INFO  org.testng.internal.Utils - [Utils] MethodGroupsHelper.collectMethodsByGroup() took 1 ms.
2026-10-04 12:09:10 INFO  org.testng.internal.Utils - [Utils] MethodGroupsHelper.sortMethods() took 0 ms.
2026-10-04 12:09:10 INFO  org.testng.internal.Utils - [Utils] MethodGroupsHelper.collectMethodsByGroup() took 0 ms.
2026-10-04 12:09:10 INFO  org.testng.internal.Utils - [Utils] MethodGroupsHelper.sortMethods() took 0 ms.
2026-10-04 12:09:10 INFO  org.testng.internal.Utils - [Utils] MethodGroupsHelper.collectMethodsByGroup() took 0 ms.
2026-10-04 12:09:10 INFO  org.testng.internal.Utils - [Utils] MethodGroupsHelper.sortMethods() took 0 ms.
2026-10-04 12:09:10 INFO  org.testng.internal.Utils - [TestNG] Running:
  C:\Users\Rahul Kumar\AppData\Local\Temp\testng-eclipse-1419415628\testng-customsuite.xml

2026-10-04 12:09:10 INFO  org.testng.internal.Utils - [Utils] DynamicGraphHelper.createDynamicGraph() took 7 ms.
2026-10-04 12:09:10 INFO  tests.LoginTest - ***********Initializing Page Objects***********
2026-10-04 12:09:10 INFO  library.Base - ***********LAUNCHING EDGE BROWSER***********
2026-10-04 12:10:03 INFO  pages.LoginPage - ****Initiating LoginPage********
2026-10-04 12:10:03 INFO  tests.LoginTest - **********Sending Username-Password to LoginPage*************
2026-10-04 12:10:03 INFO  pages.LoginPage - ******Logging into app****
2026-10-04 12:10:03 INFO  pages.LoginPage - ****Entering Username********
2026-10-04 12:10:03 INFO  pages.LoginPage - ******Checking Presence of Username Field******
2026-10-04 12:10:03 INFO  pages.LoginPage - ******Sending Username******
2026-10-04 12:10:04 INFO  pages.LoginPage - ****Entering Password********
2026-10-04 12:10:04 INFO  pages.LoginPage - ******Checking Visibility of Password Field******
2026-10-04 12:10:04 INFO  pages.LoginPage - ******Sending Password******
2026-10-04 12:10:04 INFO  pages.LoginPage - ****Clicking on Login Button********
2026-10-04 12:10:04 INFO  pages.LoginPage - ******Checking Clickability of Login Button******
2026-10-04 12:10:04 INFO  pages.LoginPage - ******Clicking on Login Button******
2026-10-04 12:10:06 INFO  tests.LoginTest - **********Loading HomePage*************
2026-10-04 12:10:06 INFO  pages.HomePage - ****Initiating HomePage********
2026-10-04 12:10:06 INFO  tests.LoginTest - **********Clicking on Logged in User*************
2026-10-04 12:10:06 INFO  pages.HomePage - ********Checking Clickability of LoggedInUser********
2026-10-04 12:10:06 INFO  pages.HomePage - ********Clicking on LoggedInUser Button********
2026-10-04 12:10:06 INFO  pages.HomePage - ********Checking Visibility of Logout Button********
2026-10-04 12:10:07 INFO  tests.LoginTest - **********Clicking on Logout Button*************
2026-10-04 12:10:07 INFO  pages.HomePage - ********Checking Clickability of Logout Button********
2026-10-04 12:10:08 INFO  tests.LoginTest - ***********Verifying Login Page is Displayed after logout********
2026-10-04 12:10:08 INFO  tests.LoginTest - *****Verifying Logout********
2026-10-04 12:10:09 INFO  org.testng.internal.Utils - [TestNG] Time taken by org.testng.reporters.jq.Main@6ef81f31: 105 ms
2026-10-04 12:10:09 INFO  org.testng.internal.Utils - [TestNG] Time taken by org.testng.reporters.FailedReporter@997d532: 4 ms
2026-10-04 12:10:09 INFO  org.testng.internal.Utils - [TestNG] Time taken by org.testng.reporters.XMLReporter@c4c0b41: 15 ms
2026-10-04 12:10:09 INFO  org.testng.internal.Utils - [TestNG] Time taken by org.testng.reporters.EmailableReporter2@6b3871d6: 4 ms
2026-10-04 12:10:09 INFO  org.testng.internal.Utils - [TestNG] Time taken by org.testng.reporters.JUnitReportReporter@30b2b76f: 12 ms
2026-10-04 12:10:09 INFO  org.testng.internal.Utils - [TestNG] Time taken by org.testng.internal.ExitCodeListener@56da52a7: 0 ms
2026-10-04 12:16:26 INFO  org.testng.internal.Utils - [Utils] MethodGroupsHelper.collectMethodsByGroup() took 1 ms.
2026-10-04 12:16:26 INFO  org.testng.internal.Utils - [Utils] MethodGroupsHelper.sortMethods() took 2 ms.
2026-10-04 12:16:26 INFO  org.testng.internal.Utils - [Utils] MethodGroupsHelper.collectMethodsByGroup() took 0 ms.
2026-10-04 12:16:26 INFO  org.testng.internal.Utils - [Utils] MethodGroupsHelper.sortMethods() took 0 ms.
2026-10-04 12:16:26 INFO  org.testng.internal.Utils - [Utils] MethodGroupsHelper.collectMethodsByGroup() took 0 ms.
2026-10-04 12:16:26 INFO  org.testng.internal.Utils - [Utils] MethodGroupsHelper.sortMethods() took 0 ms.
2026-10-04 12:16:26 INFO  org.testng.internal.Utils - [Utils] MethodGroupsHelper.collectMethodsByGroup() took 0 ms.
2026-10-04 12:16:26 INFO  org.testng.internal.Utils - [Utils] MethodGroupsHelper.sortMethods() took 0 ms.
2026-10-04 12:16:26 INFO  org.testng.internal.Utils - [Utils] MethodGroupsHelper.collectMethodsByGroup() took 0 ms.
2026-10-04 12:16:26 INFO  org.testng.internal.Utils - [Utils] MethodGroupsHelper.sortMethods() took 0 ms.
2026-10-04 12:16:26 INFO  org.testng.internal.Utils - [Utils] MethodGroupsHelper.collectMethodsByGroup() took 0 ms.
2026-10-04 12:16:26 INFO  org.testng.internal.Utils - [Utils] MethodGroupsHelper.sortMethods() took 0 ms.
2026-10-04 12:16:26 INFO  org.testng.internal.Utils - [Utils] MethodGroupsHelper.collectMethodsByGroup() took 0 ms.
2026-10-04 12:16:26 INFO  org.testng.internal.Utils - [Utils] MethodGroupsHelper.sortMethods() took 0 ms.
2026-10-04 12:16:26 INFO  org.testng.internal.Utils - [Utils] MethodGroupsHelper.collectMethodsByGroup() took 0 ms.
2026-10-04 12:16:26 INFO  org.testng.internal.Utils - [Utils] MethodGroupsHelper.sortMethods() took 0 ms.
2026-10-04 12:16:26 INFO  org.testng.internal.Utils - [Utils] MethodGroupsHelper.collectMethodsByGroup() took 9 ms.
2026-10-04 12:16:26 INFO  org.testng.internal.Utils - [Utils] MethodGroupsHelper.sortMethods() took 16 ms.
2026-10-04 12:16:26 INFO  org.testng.internal.Utils - [Utils] MethodGroupsHelper.collectMethodsByGroup() took 0 ms.
2026-10-04 12:16:26 INFO  org.testng.internal.Utils - [Utils] MethodGroupsHelper.sortMethods() took 0 ms.
2026-10-04 12:16:26 INFO  org.testng.internal.Utils - [Utils] MethodGroupsHelper.collectMethodsByGroup() took 0 ms.
2026-10-04 12:16:26 INFO  org.testng.internal.Utils - [Utils] MethodGroupsHelper.sortMethods() took 0 ms.
2026-10-04 12:16:26 INFO  org.testng.internal.Utils - [Utils] MethodGroupsHelper.collectMethodsByGroup() took 1 ms.
2026-10-04 12:16:26 INFO  org.testng.internal.Utils - [Utils] MethodGroupsHelper.sortMethods() took 0 ms.
2026-10-04 12:16:26 INFO  org.testng.internal.Utils - [Utils] MethodGroupsHelper.collectMethodsByGroup() took 1 ms.
2026-10-04 12:16:26 INFO  org.testng.internal.Utils - [Utils] MethodGroupsHelper.sortMethods() took 0 ms.
2026-10-04 12:16:26 INFO  org.testng.internal.Utils - [Utils] MethodGroupsHelper.collectMethodsByGroup() took 0 ms.
2026-10-04 12:16:26 INFO  org.testng.internal.Utils - [Utils] MethodGroupsHelper.sortMethods() took 0 ms.
2026-10-04 12:16:26 INFO  org.testng.internal.Utils - [Utils] MethodGroupsHelper.collectMethodsByGroup() took 0 ms.
2026-10-04 12:16:26 INFO  org.testng.internal.Utils - [Utils] MethodGroupsHelper.sortMethods() took 0 ms.
2026-10-04 12:16:26 INFO  org.testng.internal.Utils - [TestNG] Running:
  C:\Users\Rahul Kumar\AppData\Local\Temp\testng-eclipse-592386094\testng-customsuite.xml

2026-10-04 12:16:26 INFO  org.testng.internal.Utils - [Utils] DynamicGraphHelper.createDynamicGraph() took 9 ms.
2026-10-04 12:16:26 INFO  tests.LoginTest - ***********Initializing Page Objects***********
2026-10-04 12:16:26 INFO  library.Base - ***********LAUNCHING EDGE BROWSER***********
2026-10-04 12:16:40 INFO  pages.LoginPage - ****Initiating LoginPage********
2026-10-04 12:16:40 INFO  tests.LoginTest - **********Sending Username-Password to LoginPage*************
2026-10-04 12:16:40 INFO  pages.LoginPage - ******Logging into app****
2026-10-04 12:16:40 INFO  pages.LoginPage - ****Entering Username********
2026-10-04 12:16:40 INFO  pages.LoginPage - ******Checking Presence of Username Field******
2026-10-04 12:16:41 INFO  pages.LoginPage - ******Sending Username******
2026-10-04 12:16:41 INFO  pages.LoginPage - ****Entering Password********
2026-10-04 12:16:41 INFO  pages.LoginPage - ******Checking Visibility of Password Field******
2026-10-04 12:16:41 INFO  pages.LoginPage - ******Sending Password******
2026-10-04 12:16:41 INFO  pages.LoginPage - ****Clicking on Login Button********
2026-10-04 12:16:41 INFO  pages.LoginPage - ******Checking Clickability of Login Button******
2026-10-04 12:16:41 INFO  pages.LoginPage - ******Clicking on Login Button******
2026-10-04 12:16:43 INFO  tests.LoginTest - **********Loading HomePage*************
2026-10-04 12:16:43 INFO  pages.HomePage - ****Initiating HomePage********
2026-10-04 12:16:43 INFO  tests.LoginTest - **********Clicking on Logged in User*************
2026-10-04 12:16:43 INFO  pages.HomePage - ********Checking Clickability of LoggedInUser********
2026-10-04 12:16:43 INFO  pages.HomePage - ********Clicking on LoggedInUser Button********
2026-10-04 12:16:44 INFO  pages.HomePage - ********Checking Visibility of Logout Button********
2026-10-04 12:16:44 INFO  tests.LoginTest - **********Clicking on Logout Button*************
2026-10-04 12:16:44 INFO  pages.HomePage - ********Checking Clickability of Logout Button********
2026-10-04 12:16:46 INFO  tests.LoginTest - ***********Verifying Login Page is Displayed after logout********
2026-10-04 12:16:46 INFO  tests.LoginTest - *****Verifying Logout********
2026-10-04 12:16:47 INFO  org.testng.internal.Utils - [TestNG] Time taken by org.testng.reporters.jq.Main@21719a0: 204 ms
2026-10-04 12:16:47 INFO  org.testng.internal.Utils - [TestNG] Time taken by org.testng.reporters.FailedReporter@3af356f: 43 ms
2026-10-04 12:16:47 INFO  org.testng.internal.Utils - [TestNG] Time taken by org.testng.reporters.XMLReporter@41f35f7c: 18 ms
2026-10-04 12:16:47 INFO  org.testng.internal.Utils - [TestNG] Time taken by org.testng.reporters.EmailableReporter2@4bb8855f: 12 ms
2026-10-04 12:16:47 INFO  org.testng.internal.Utils - [TestNG] Time taken by org.testng.reporters.JUnitReportReporter@21325036: 20 ms
2026-10-04 12:16:47 INFO  org.testng.internal.Utils - [TestNG] Time taken by org.testng.internal.ExitCodeListener@489543a6: 0 ms
2026-10-04 12:41:25 INFO  org.testng.internal.Utils - [Utils] MethodGroupsHelper.collectMethodsByGroup() took 1 ms.
2026-10-04 12:41:25 INFO  org.testng.internal.Utils - [Utils] MethodGroupsHelper.sortMethods() took 2 ms.
2026-10-04 12:41:25 INFO  org.testng.internal.Utils - [Utils] MethodGroupsHelper.collectMethodsByGroup() took 0 ms.
2026-10-04 12:41:25 INFO  org.testng.internal.Utils - [Utils] MethodGroupsHelper.sortMethods() took 0 ms.
2026-10-04 12:41:25 INFO  org.testng.internal.Utils - [Utils] MethodGroupsHelper.collectMethodsByGroup() took 0 ms.
2026-10-04 12:41:25 INFO  org.testng.internal.Utils - [Utils] MethodGroupsHelper.sortMethods() took 0 ms.
2026-10-04 12:41:25 INFO  org.testng.internal.Utils - [Utils] MethodGroupsHelper.collectMethodsByGroup() took 0 ms.
2026-10-04 12:41:25 INFO  org.testng.internal.Utils - [Utils] MethodGroupsHelper.sortMethods() took 0 ms.
2026-10-04 12:41:25 INFO  org.testng.internal.Utils - [Utils] MethodGroupsHelper.collectMethodsByGroup() took 0 ms.
2026-10-04 12:41:25 INFO  org.testng.internal.Utils - [Utils] MethodGroupsHelper.sortMethods() took 0 ms.
2026-10-04 12:41:25 INFO  org.testng.internal.Utils - [Utils] MethodGroupsHelper.collectMethodsByGroup() took 0 ms.
2026-10-04 12:41:25 INFO  org.testng.internal.Utils - [Utils] MethodGroupsHelper.sortMethods() took 0 ms.
2026-10-04 12:41:25 INFO  org.testng.internal.Utils - [Utils] MethodGroupsHelper.collectMethodsByGroup() took 0 ms.
2026-10-04 12:41:25 INFO  org.testng.internal.Utils - [Utils] MethodGroupsHelper.sortMethods() took 0 ms.
2026-10-04 12:41:25 INFO  org.testng.internal.Utils - [Utils] MethodGroupsHelper.collectMethodsByGroup() took 0 ms.
2026-10-04 12:41:25 INFO  org.testng.internal.Utils - [Utils] MethodGroupsHelper.sortMethods() took 0 ms.
2026-10-04 12:41:25 INFO  org.testng.internal.Utils - [Utils] MethodGroupsHelper.collectMethodsByGroup() took 7 ms.
2026-10-04 12:41:25 INFO  org.testng.internal.Utils - [Utils] MethodGroupsHelper.sortMethods() took 15 ms.
2026-10-04 12:41:25 INFO  org.testng.internal.Utils - [Utils] MethodGroupsHelper.collectMethodsByGroup() took 0 ms.
2026-10-04 12:41:25 INFO  org.testng.internal.Utils - [Utils] MethodGroupsHelper.sortMethods() took 0 ms.
2026-10-04 12:41:25 INFO  org.testng.internal.Utils - [Utils] MethodGroupsHelper.collectMethodsByGroup() took 0 ms.
2026-10-04 12:41:25 INFO  org.testng.internal.Utils - [Utils] MethodGroupsHelper.sortMethods() took 0 ms.
2026-10-04 12:41:25 INFO  org.testng.internal.Utils - [Utils] MethodGroupsHelper.collectMethodsByGroup() took 0 ms.
2026-10-04 12:41:25 INFO  org.testng.internal.Utils - [Utils] MethodGroupsHelper.sortMethods() took 0 ms.
2026-10-04 12:41:25 INFO  org.testng.internal.Utils - [Utils] MethodGroupsHelper.collectMethodsByGroup() took 0 ms.
2026-10-04 12:41:25 INFO  org.testng.internal.Utils - [Utils] MethodGroupsHelper.sortMethods() took 0 ms.
2026-10-04 12:41:25 INFO  org.testng.internal.Utils - [Utils] MethodGroupsHelper.collectMethodsByGroup() took 0 ms.
2026-10-04 12:41:25 INFO  org.testng.internal.Utils - [Utils] MethodGroupsHelper.sortMethods() took 0 ms.
2026-10-04 12:41:25 INFO  org.testng.internal.Utils - [Utils] MethodGroupsHelper.collectMethodsByGroup() took 0 ms.
2026-10-04 12:41:25 INFO  org.testng.internal.Utils - [Utils] MethodGroupsHelper.sortMethods() took 0 ms.
2026-10-04 12:41:25 INFO  org.testng.internal.Utils - [TestNG] Running:
  C:\Users\Rahul Kumar\AppData\Local\Temp\testng-eclipse-390321757\testng-customsuite.xml

2026-10-04 12:41:25 INFO  org.testng.internal.Utils - [Utils] DynamicGraphHelper.createDynamicGraph() took 6 ms.
2026-10-04 12:41:25 INFO  tests.LoginTest - ***********Initializing Page Objects***********
2026-10-04 12:41:25 INFO  library.Base - ***********LAUNCHING EDGE BROWSER***********
2026-10-04 12:41:36 INFO  pages.LoginPage - ****Initiating LoginPage********
2026-10-04 12:41:36 INFO  tests.LoginTest - *******Initiating loginFailedTest********
2026-10-04 12:41:36 INFO  tests.LoginTest - **********Sending Invalid Username-Password to LoginPage*************
2026-10-04 12:41:36 INFO  pages.LoginPage - ******Logging into app****
2026-10-04 12:41:36 INFO  pages.LoginPage - ****Entering Username********
2026-10-04 12:41:36 INFO  pages.LoginPage - ******Checking Presence of Username Field******
2026-10-04 12:41:37 INFO  pages.LoginPage - ******Sending Username******
2026-10-04 12:41:37 ERROR tests.LoginTest - loginSuccessTest Failed : IllegalArgumentException FOUND => Keys to send must be set
2026-10-04 12:41:37 INFO  org.testng.internal.Utils - [TestNG] Time taken by org.testng.reporters.jq.Main@27ead29e: 202 ms
2026-10-04 12:41:37 INFO  org.testng.internal.Utils - [TestNG] Time taken by org.testng.reporters.FailedReporter@383f3558: 4 ms
2026-10-04 12:41:37 INFO  org.testng.internal.Utils - [TestNG] Time taken by org.testng.reporters.XMLReporter@f2c488: 18 ms
2026-10-04 12:41:37 INFO  org.testng.internal.Utils - [TestNG] Time taken by org.testng.reporters.EmailableReporter2@7af1cd63: 10 ms
2026-10-04 12:41:37 INFO  org.testng.internal.Utils - [TestNG] Time taken by org.testng.reporters.JUnitReportReporter@988246e: 12 ms
2026-10-04 12:41:37 INFO  org.testng.internal.Utils - [TestNG] Time taken by org.testng.internal.ExitCodeListener@62515a47: 0 ms
2026-10-04 12:42:46 INFO  org.testng.internal.Utils - [Utils] MethodGroupsHelper.collectMethodsByGroup() took 1 ms.
2026-10-04 12:42:46 INFO  org.testng.internal.Utils - [Utils] MethodGroupsHelper.sortMethods() took 2 ms.
2026-10-04 12:42:46 INFO  org.testng.internal.Utils - [Utils] MethodGroupsHelper.collectMethodsByGroup() took 0 ms.
2026-10-04 12:42:46 INFO  org.testng.internal.Utils - [Utils] MethodGroupsHelper.sortMethods() took 0 ms.
2026-10-04 12:42:46 INFO  org.testng.internal.Utils - [Utils] MethodGroupsHelper.collectMethodsByGroup() took 0 ms.
2026-10-04 12:42:46 INFO  org.testng.internal.Utils - [Utils] MethodGroupsHelper.sortMethods() took 0 ms.
2026-10-04 12:42:46 INFO  org.testng.internal.Utils - [Utils] MethodGroupsHelper.collectMethodsByGroup() took 0 ms.
2026-10-04 12:42:46 INFO  org.testng.internal.Utils - [Utils] MethodGroupsHelper.sortMethods() took 0 ms.
2026-10-04 12:42:46 INFO  org.testng.internal.Utils - [Utils] MethodGroupsHelper.collectMethodsByGroup() took 0 ms.
2026-10-04 12:42:46 INFO  org.testng.internal.Utils - [Utils] MethodGroupsHelper.sortMethods() took 0 ms.
2026-10-04 12:42:46 INFO  org.testng.internal.Utils - [Utils] MethodGroupsHelper.collectMethodsByGroup() took 0 ms.
2026-10-04 12:42:46 INFO  org.testng.internal.Utils - [Utils] MethodGroupsHelper.sortMethods() took 0 ms.
2026-10-04 12:42:46 INFO  org.testng.internal.Utils - [Utils] MethodGroupsHelper.collectMethodsByGroup() took 0 ms.
2026-10-04 12:42:46 INFO  org.testng.internal.Utils - [Utils] MethodGroupsHelper.sortMethods() took 0 ms.
2026-10-04 12:42:46 INFO  org.testng.internal.Utils - [Utils] MethodGroupsHelper.collectMethodsByGroup() took 0 ms.
2026-10-04 12:42:46 INFO  org.testng.internal.Utils - [Utils] MethodGroupsHelper.sortMethods() took 0 ms.
2026-10-04 12:42:46 INFO  org.testng.internal.Utils - [Utils] MethodGroupsHelper.collectMethodsByGroup() took 7 ms.
2026-10-04 12:42:46 INFO  org.testng.internal.Utils - [Utils] MethodGroupsHelper.sortMethods() took 14 ms.
2026-10-04 12:42:46 INFO  org.testng.internal.Utils - [Utils] MethodGroupsHelper.collectMethodsByGroup() took 0 ms.
2026-10-04 12:42:46 INFO  org.testng.internal.Utils - [Utils] MethodGroupsHelper.sortMethods() took 0 ms.
2026-10-04 12:42:46 INFO  org.testng.internal.Utils - [Utils] MethodGroupsHelper.collectMethodsByGroup() took 0 ms.
2026-10-04 12:42:46 INFO  org.testng.internal.Utils - [Utils] MethodGroupsHelper.sortMethods() took 0 ms.
2026-10-04 12:42:46 INFO  org.testng.internal.Utils - [Utils] MethodGroupsHelper.collectMethodsByGroup() took 0 ms.
2026-10-04 12:42:46 INFO  org.testng.internal.Utils - [Utils] MethodGroupsHelper.sortMethods() took 0 ms.
2026-10-04 12:42:46 INFO  org.testng.internal.Utils - [Utils] MethodGroupsHelper.collectMethodsByGroup() took 0 ms.
2026-10-04 12:42:46 INFO  org.testng.internal.Utils - [Utils] MethodGroupsHelper.sortMethods() took 0 ms.
2026-10-04 12:42:46 INFO  org.testng.internal.Utils - [Utils] MethodGroupsHelper.collectMethodsByGroup() took 0 ms.
2026-10-04 12:42:46 INFO  org.testng.internal.Utils - [Utils] MethodGroupsHelper.sortMethods() took 0 ms.
2026-10-04 12:42:46 INFO  org.testng.internal.Utils - [Utils] MethodGroupsHelper.collectMethodsByGroup() took 0 ms.
2026-10-04 12:42:46 INFO  org.testng.internal.Utils - [Utils] MethodGroupsHelper.sortMethods() took 0 ms.
2026-10-04 12:42:46 INFO  org.testng.internal.Utils - [TestNG] Running:
  C:\Users\Rahul Kumar\AppData\Local\Temp\testng-eclipse--303240947\testng-customsuite.xml

2026-10-04 12:42:46 INFO  org.testng.internal.Utils - [Utils] DynamicGraphHelper.createDynamicGraph() took 7 ms.
2026-10-04 12:42:46 INFO  tests.LoginTest - ***********Initializing Page Objects***********
2026-10-04 12:42:46 INFO  library.Base - ***********LAUNCHING EDGE BROWSER***********
2026-10-04 12:43:00 INFO  pages.LoginPage - ****Initiating LoginPage********
2026-10-04 12:43:00 INFO  tests.LoginTest - *******Initiating loginFailedTest********
2026-10-04 12:43:00 INFO  tests.LoginTest - **********Sending Invalid Username-Password to LoginPage*************
2026-10-04 12:43:00 INFO  pages.LoginPage - ******Logging into app****
2026-10-04 12:43:00 INFO  pages.LoginPage - ****Entering Username********
2026-10-04 12:43:00 INFO  pages.LoginPage - ******Checking Presence of Username Field******
2026-10-04 12:43:01 INFO  pages.LoginPage - ******Sending Username******
2026-10-04 12:43:01 INFO  pages.LoginPage - ****Entering Password********
2026-10-04 12:43:01 INFO  pages.LoginPage - ******Checking Visibility of Password Field******
2026-10-04 12:43:01 INFO  pages.LoginPage - ******Sending Password******
2026-10-04 12:43:01 INFO  pages.LoginPage - ****Clicking on Login Button********
2026-10-04 12:43:01 INFO  pages.LoginPage - ******Checking Clickability of Login Button******
2026-10-04 12:43:01 INFO  pages.LoginPage - ******Clicking on Login Button******
2026-10-04 12:43:03 INFO  tests.LoginTest - **********Verifying Login Error Message*************
2026-10-04 12:43:03 ERROR tests.LoginTest - loginSuccessTest Failed : NoSuchElementException FOUND => no such element: Unable to locate element: {"method":"xpath","selector":"//p[normalize-space()='Invalid credentials']"}
2026-10-04 12:43:04 INFO  org.testng.internal.Utils - [TestNG] Time taken by org.testng.reporters.jq.Main@3068b369: 187 ms
2026-10-04 12:43:04 INFO  org.testng.internal.Utils - [TestNG] Time taken by org.testng.reporters.FailedReporter@736ac09a: 7 ms
2026-10-04 12:43:04 INFO  org.testng.internal.Utils - [TestNG] Time taken by org.testng.reporters.XMLReporter@272a179c: 9 ms
2026-10-04 12:43:04 INFO  org.testng.internal.Utils - [TestNG] Time taken by org.testng.reporters.EmailableReporter2@a10c1b5: 7 ms
2026-10-04 12:43:04 INFO  org.testng.internal.Utils - [TestNG] Time taken by org.testng.reporters.JUnitReportReporter@58065f0c: 11 ms
2026-10-04 12:43:04 INFO  org.testng.internal.Utils - [TestNG] Time taken by org.testng.internal.ExitCodeListener@3605c4d3: 0 ms
2026-10-04 12:44:00 INFO  org.testng.internal.Utils - [Utils] MethodGroupsHelper.collectMethodsByGroup() took 1 ms.
2026-10-04 12:44:00 INFO  org.testng.internal.Utils - [Utils] MethodGroupsHelper.sortMethods() took 4 ms.
2026-10-04 12:44:00 INFO  org.testng.internal.Utils - [Utils] MethodGroupsHelper.collectMethodsByGroup() took 0 ms.
2026-10-04 12:44:00 INFO  org.testng.internal.Utils - [Utils] MethodGroupsHelper.sortMethods() took 0 ms.
2026-10-04 12:44:00 INFO  org.testng.internal.Utils - [Utils] MethodGroupsHelper.collectMethodsByGroup() took 0 ms.
2026-10-04 12:44:00 INFO  org.testng.internal.Utils - [Utils] MethodGroupsHelper.sortMethods() took 0 ms.
2026-10-04 12:44:00 INFO  org.testng.internal.Utils - [Utils] MethodGroupsHelper.collectMethodsByGroup() took 0 ms.
2026-10-04 12:44:00 INFO  org.testng.internal.Utils - [Utils] MethodGroupsHelper.sortMethods() took 0 ms.
2026-10-04 12:44:00 INFO  org.testng.internal.Utils - [Utils] MethodGroupsHelper.collectMethodsByGroup() took 0 ms.
2026-10-04 12:44:00 INFO  org.testng.internal.Utils - [Utils] MethodGroupsHelper.sortMethods() took 0 ms.
2026-10-04 12:44:00 INFO  org.testng.internal.Utils - [Utils] MethodGroupsHelper.collectMethodsByGroup() took 0 ms.
2026-10-04 12:44:00 INFO  org.testng.internal.Utils - [Utils] MethodGroupsHelper.sortMethods() took 0 ms.
2026-10-04 12:44:00 INFO  org.testng.internal.Utils - [Utils] MethodGroupsHelper.collectMethodsByGroup() took 0 ms.
2026-10-04 12:44:00 INFO  org.testng.internal.Utils - [Utils] MethodGroupsHelper.sortMethods() took 0 ms.
2026-10-04 12:44:00 INFO  org.testng.internal.Utils - [Utils] MethodGroupsHelper.collectMethodsByGroup() took 0 ms.
2026-10-04 12:44:00 INFO  org.testng.internal.Utils - [Utils] MethodGroupsHelper.sortMethods() took 0 ms.
2026-10-04 12:44:00 INFO  org.testng.internal.Utils - [Utils] MethodGroupsHelper.collectMethodsByGroup() took 22 ms.
2026-10-04 12:44:00 INFO  org.testng.internal.Utils - [Utils] MethodGroupsHelper.sortMethods() took 22 ms.
2026-10-04 12:44:00 INFO  org.testng.internal.Utils - [Utils] MethodGroupsHelper.collectMethodsByGroup() took 0 ms.
2026-10-04 12:44:00 INFO  org.testng.internal.Utils - [Utils] MethodGroupsHelper.sortMethods() took 0 ms.
2026-10-04 12:44:00 INFO  org.testng.internal.Utils - [Utils] MethodGroupsHelper.collectMethodsByGroup() took 0 ms.
2026-10-04 12:44:00 INFO  org.testng.internal.Utils - [Utils] MethodGroupsHelper.sortMethods() took 0 ms.
2026-10-04 12:44:00 INFO  org.testng.internal.Utils - [Utils] MethodGroupsHelper.collectMethodsByGroup() took 0 ms.
2026-10-04 12:44:00 INFO  org.testng.internal.Utils - [Utils] MethodGroupsHelper.sortMethods() took 0 ms.
2026-10-04 12:44:00 INFO  org.testng.internal.Utils - [Utils] MethodGroupsHelper.collectMethodsByGroup() took 0 ms.
2026-10-04 12:44:00 INFO  org.testng.internal.Utils - [Utils] MethodGroupsHelper.sortMethods() took 0 ms.
2026-10-04 12:44:00 INFO  org.testng.internal.Utils - [Utils] MethodGroupsHelper.collectMethodsByGroup() took 0 ms.
2026-10-04 12:44:00 INFO  org.testng.internal.Utils - [Utils] MethodGroupsHelper.sortMethods() took 0 ms.
2026-10-04 12:44:00 INFO  org.testng.internal.Utils - [Utils] MethodGroupsHelper.collectMethodsByGroup() took 0 ms.
2026-10-04 12:44:00 INFO  org.testng.internal.Utils - [Utils] MethodGroupsHelper.sortMethods() took 0 ms.
2026-10-04 12:44:00 INFO  org.testng.internal.Utils - [TestNG] Running:
  C:\Users\Rahul Kumar\AppData\Local\Temp\testng-eclipse-324592637\testng-customsuite.xml

2026-10-04 12:44:00 INFO  org.testng.internal.Utils - [Utils] DynamicGraphHelper.createDynamicGraph() took 7 ms.
2026-10-04 12:44:00 INFO  tests.LoginTest - ***********Initializing Page Objects***********
2026-10-04 12:44:00 INFO  library.Base - ***********LAUNCHING EDGE BROWSER***********
2026-10-04 12:44:14 INFO  pages.LoginPage - ****Initiating LoginPage********
2026-10-04 12:44:14 INFO  tests.LoginTest - *******Initiating loginFailedTest********
2026-10-04 12:44:14 INFO  tests.LoginTest - **********Sending Invalid Username-Password to LoginPage*************
2026-10-04 12:44:14 INFO  pages.LoginPage - ******Logging into app****
2026-10-04 12:44:14 INFO  pages.LoginPage - ****Entering Username********
2026-10-04 12:44:14 INFO  pages.LoginPage - ******Checking Presence of Username Field******
2026-10-04 12:44:15 INFO  pages.LoginPage - ******Sending Username******
2026-10-04 12:44:15 INFO  pages.LoginPage - ****Entering Password********
2026-10-04 12:44:15 INFO  pages.LoginPage - ******Checking Visibility of Password Field******
2026-10-04 12:44:15 INFO  pages.LoginPage - ******Sending Password******
2026-10-04 12:44:15 INFO  pages.LoginPage - ****Clicking on Login Button********
2026-10-04 12:44:15 INFO  pages.LoginPage - ******Checking Clickability of Login Button******
2026-10-04 12:44:16 INFO  pages.LoginPage - ******Clicking on Login Button******
2026-10-04 12:44:16 INFO  tests.LoginTest - **********Verifying Login Error Message*************
2026-10-04 12:44:17 ERROR tests.LoginTest - loginFailedTest Failed : NoSuchElementException FOUND => no such element: Unable to locate element: {"method":"xpath","selector":"//p[normalize-space()='Invalid credentials']"}
2026-10-04 12:44:18 INFO  org.testng.internal.Utils - [TestNG] Time taken by org.testng.reporters.jq.Main@7c9b78e3: 110 ms
2026-10-04 12:44:18 INFO  org.testng.internal.Utils - [TestNG] Time taken by org.testng.reporters.FailedReporter@5491f68b: 2 ms
2026-10-04 12:44:18 INFO  org.testng.internal.Utils - [TestNG] Time taken by org.testng.reporters.XMLReporter@3eba57a7: 13 ms
2026-10-04 12:44:18 INFO  org.testng.internal.Utils - [TestNG] Time taken by org.testng.reporters.EmailableReporter2@6331250e: 4 ms
2026-10-04 12:44:18 INFO  org.testng.internal.Utils - [TestNG] Time taken by org.testng.reporters.JUnitReportReporter@3d7fa3ae: 18 ms
2026-10-04 12:44:18 INFO  org.testng.internal.Utils - [TestNG] Time taken by org.testng.internal.ExitCodeListener@58065f0c: 0 ms
2026-10-04 12:51:39 INFO  org.testng.internal.Utils - [Utils] MethodGroupsHelper.collectMethodsByGroup() took 2 ms.
2026-10-04 12:51:39 INFO  org.testng.internal.Utils - [Utils] MethodGroupsHelper.sortMethods() took 3 ms.
2026-10-04 12:51:39 INFO  org.testng.internal.Utils - [Utils] MethodGroupsHelper.collectMethodsByGroup() took 0 ms.
2026-10-04 12:51:39 INFO  org.testng.internal.Utils - [Utils] MethodGroupsHelper.sortMethods() took 0 ms.
2026-10-04 12:51:39 INFO  org.testng.internal.Utils - [Utils] MethodGroupsHelper.collectMethodsByGroup() took 0 ms.
2026-10-04 12:51:39 INFO  org.testng.internal.Utils - [Utils] MethodGroupsHelper.sortMethods() took 0 ms.
2026-10-04 12:51:39 INFO  org.testng.internal.Utils - [Utils] MethodGroupsHelper.collectMethodsByGroup() took 0 ms.
2026-10-04 12:51:39 INFO  org.testng.internal.Utils - [Utils] MethodGroupsHelper.sortMethods() took 0 ms.
2026-10-04 12:51:39 INFO  org.testng.internal.Utils - [Utils] MethodGroupsHelper.collectMethodsByGroup() took 0 ms.
2026-10-04 12:51:39 INFO  org.testng.internal.Utils - [Utils] MethodGroupsHelper.sortMethods() took 0 ms.
2026-10-04 12:51:39 INFO  org.testng.internal.Utils - [Utils] MethodGroupsHelper.collectMethodsByGroup() took 0 ms.
2026-10-04 12:51:39 INFO  org.testng.internal.Utils - [Utils] MethodGroupsHelper.sortMethods() took 0 ms.
2026-10-04 12:51:39 INFO  org.testng.internal.Utils - [Utils] MethodGroupsHelper.collectMethodsByGroup() took 0 ms.
2026-10-04 12:51:39 INFO  org.testng.internal.Utils - [Utils] MethodGroupsHelper.sortMethods() took 0 ms.
2026-10-04 12:51:39 INFO  org.testng.internal.Utils - [Utils] MethodGroupsHelper.collectMethodsByGroup() took 0 ms.
2026-10-04 12:51:39 INFO  org.testng.internal.Utils - [Utils] MethodGroupsHelper.sortMethods() took 0 ms.
2026-10-04 12:51:39 INFO  org.testng.internal.Utils - [Utils] MethodGroupsHelper.collectMethodsByGroup() took 17 ms.
2026-10-04 12:51:39 INFO  org.testng.internal.Utils - [Utils] MethodGroupsHelper.sortMethods() took 27 ms.
2026-10-04 12:51:39 INFO  org.testng.internal.Utils - [Utils] MethodGroupsHelper.collectMethodsByGroup() took 0 ms.
2026-10-04 12:51:39 INFO  org.testng.internal.Utils - [Utils] MethodGroupsHelper.sortMethods() took 0 ms.
2026-10-04 12:51:39 INFO  org.testng.internal.Utils - [Utils] MethodGroupsHelper.collectMethodsByGroup() took 0 ms.
2026-10-04 12:51:39 INFO  org.testng.internal.Utils - [Utils] MethodGroupsHelper.sortMethods() took 0 ms.
2026-10-04 12:51:39 INFO  org.testng.internal.Utils - [Utils] MethodGroupsHelper.collectMethodsByGroup() took 0 ms.
2026-10-04 12:51:39 INFO  org.testng.internal.Utils - [Utils] MethodGroupsHelper.sortMethods() took 0 ms.
2026-10-04 12:51:39 INFO  org.testng.internal.Utils - [Utils] MethodGroupsHelper.collectMethodsByGroup() took 0 ms.
2026-10-04 12:51:39 INFO  org.testng.internal.Utils - [Utils] MethodGroupsHelper.sortMethods() took 1 ms.
2026-10-04 12:51:39 INFO  org.testng.internal.Utils - [Utils] MethodGroupsHelper.collectMethodsByGroup() took 0 ms.
2026-10-04 12:51:40 INFO  org.testng.internal.Utils - [Utils] MethodGroupsHelper.sortMethods() took 0 ms.
2026-10-04 12:51:40 INFO  org.testng.internal.Utils - [Utils] MethodGroupsHelper.collectMethodsByGroup() took 0 ms.
2026-10-04 12:51:40 INFO  org.testng.internal.Utils - [Utils] MethodGroupsHelper.sortMethods() took 0 ms.
2026-10-04 12:51:40 INFO  org.testng.internal.Utils - [TestNG] Running:
  C:\Users\Rahul Kumar\AppData\Local\Temp\testng-eclipse--2064285925\testng-customsuite.xml

2026-10-04 12:51:40 INFO  org.testng.internal.Utils - [Utils] DynamicGraphHelper.createDynamicGraph() took 14 ms.
2026-10-04 12:51:40 INFO  tests.LoginTest - ***********Initializing Page Objects***********
2026-10-04 12:51:40 INFO  library.Base - ***********LAUNCHING EDGE BROWSER***********
2026-10-04 12:52:06 INFO  pages.LoginPage - ****Initiating LoginPage********
2026-10-04 12:52:06 INFO  tests.LoginTest - *******Initiating loginFailedTest********
2026-10-04 12:52:06 INFO  tests.LoginTest - **********Sending Invalid Username-Password to LoginPage*************
2026-10-04 12:52:06 INFO  pages.LoginPage - ******Logging into app****
2026-10-04 12:52:06 INFO  pages.LoginPage - ****Entering Username********
2026-10-04 12:52:06 INFO  pages.LoginPage - ******Checking Presence of Username Field******
2026-10-04 12:52:08 INFO  pages.LoginPage - ******Sending Username******
2026-10-04 12:52:08 INFO  pages.LoginPage - ****Entering Password********
2026-10-04 12:52:08 INFO  pages.LoginPage - ******Checking Visibility of Password Field******
2026-10-04 12:52:08 INFO  pages.LoginPage - ******Sending Password******
2026-10-04 12:52:08 INFO  pages.LoginPage - ****Clicking on Login Button********
2026-10-04 12:52:08 INFO  pages.LoginPage - ******Checking Clickability of Login Button******
2026-10-04 12:52:08 INFO  pages.LoginPage - ******Clicking on Login Button******
2026-10-04 12:52:12 INFO  tests.LoginTest - **********Verifying Login Error Message*************
2026-10-04 12:52:12 INFO  org.testng.internal.Utils - [TestNG] Time taken by org.testng.reporters.jq.Main@375b5b7f: 112 ms
2026-10-04 12:52:12 INFO  org.testng.internal.Utils - [TestNG] Time taken by org.testng.reporters.FailedReporter@61533ae: 24 ms
2026-10-04 12:52:12 INFO  org.testng.internal.Utils - [TestNG] Time taken by org.testng.reporters.XMLReporter@466d49f0: 24 ms
2026-10-04 12:52:12 INFO  org.testng.internal.Utils - [TestNG] Time taken by org.testng.reporters.EmailableReporter2@35c09b94: 14 ms
2026-10-04 12:52:12 INFO  org.testng.internal.Utils - [TestNG] Time taken by org.testng.reporters.JUnitReportReporter@1136b469: 17 ms
2026-10-04 12:52:12 INFO  org.testng.internal.Utils - [TestNG] Time taken by org.testng.internal.ExitCodeListener@6579c3d9: 3 ms
2026-10-04 12:56:55 INFO  org.testng.internal.Utils - [Utils] MethodGroupsHelper.collectMethodsByGroup() took 2 ms.
2026-10-04 12:56:55 INFO  org.testng.internal.Utils - [Utils] MethodGroupsHelper.sortMethods() took 3 ms.
2026-10-04 12:56:55 INFO  org.testng.internal.Utils - [Utils] MethodGroupsHelper.collectMethodsByGroup() took 0 ms.
2026-10-04 12:56:55 INFO  org.testng.internal.Utils - [Utils] MethodGroupsHelper.sortMethods() took 0 ms.
2026-10-04 12:56:55 INFO  org.testng.internal.Utils - [Utils] MethodGroupsHelper.collectMethodsByGroup() took 0 ms.
2026-10-04 12:56:55 INFO  org.testng.internal.Utils - [Utils] MethodGroupsHelper.sortMethods() took 0 ms.
2026-10-04 12:56:55 INFO  org.testng.internal.Utils - [Utils] MethodGroupsHelper.collectMethodsByGroup() took 0 ms.
2026-10-04 12:56:55 INFO  org.testng.internal.Utils - [Utils] MethodGroupsHelper.sortMethods() took 0 ms.
2026-10-04 12:56:55 INFO  org.testng.internal.Utils - [Utils] MethodGroupsHelper.collectMethodsByGroup() took 0 ms.
2026-10-04 12:56:55 INFO  org.testng.internal.Utils - [Utils] MethodGroupsHelper.sortMethods() took 0 ms.
2026-10-04 12:56:55 INFO  org.testng.internal.Utils - [Utils] MethodGroupsHelper.collectMethodsByGroup() took 0 ms.
2026-10-04 12:56:55 INFO  org.testng.internal.Utils - [Utils] MethodGroupsHelper.sortMethods() took 0 ms.
2026-10-04 12:56:55 INFO  org.testng.internal.Utils - [Utils] MethodGroupsHelper.collectMethodsByGroup() took 0 ms.
2026-10-04 12:56:55 INFO  org.testng.internal.Utils - [Utils] MethodGroupsHelper.sortMethods() took 0 ms.
2026-10-04 12:56:55 INFO  org.testng.internal.Utils - [Utils] MethodGroupsHelper.collectMethodsByGroup() took 0 ms.
2026-10-04 12:56:55 INFO  org.testng.internal.Utils - [Utils] MethodGroupsHelper.sortMethods() took 0 ms.
2026-10-04 12:56:55 INFO  org.testng.internal.Utils - [Utils] MethodGroupsHelper.collectMethodsByGroup() took 13 ms.
2026-10-04 12:56:55 INFO  org.testng.internal.Utils - [Utils] MethodGroupsHelper.sortMethods() took 20 ms.
2026-10-04 12:56:55 INFO  org.testng.internal.Utils - [Utils] MethodGroupsHelper.collectMethodsByGroup() took 0 ms.
2026-10-04 12:56:55 INFO  org.testng.internal.Utils - [Utils] MethodGroupsHelper.sortMethods() took 0 ms.
2026-10-04 12:56:55 INFO  org.testng.internal.Utils - [Utils] MethodGroupsHelper.collectMethodsByGroup() took 0 ms.
2026-10-04 12:56:55 INFO  org.testng.internal.Utils - [Utils] MethodGroupsHelper.sortMethods() took 0 ms.
2026-10-04 12:56:55 INFO  org.testng.internal.Utils - [Utils] MethodGroupsHelper.collectMethodsByGroup() took 0 ms.
2026-10-04 12:56:55 INFO  org.testng.internal.Utils - [Utils] MethodGroupsHelper.sortMethods() took 0 ms.
2026-10-04 12:56:55 INFO  org.testng.internal.Utils - [Utils] MethodGroupsHelper.collectMethodsByGroup() took 1 ms.
2026-10-04 12:56:55 INFO  org.testng.internal.Utils - [Utils] MethodGroupsHelper.sortMethods() took 0 ms.
2026-10-04 12:56:55 INFO  org.testng.internal.Utils - [Utils] MethodGroupsHelper.collectMethodsByGroup() took 0 ms.
2026-10-04 12:56:55 INFO  org.testng.internal.Utils - [Utils] MethodGroupsHelper.sortMethods() took 0 ms.
2026-10-04 12:56:55 INFO  org.testng.internal.Utils - [Utils] MethodGroupsHelper.collectMethodsByGroup() took 0 ms.
2026-10-04 12:56:55 INFO  org.testng.internal.Utils - [Utils] MethodGroupsHelper.sortMethods() took 0 ms.
2026-10-04 12:56:55 INFO  org.testng.internal.Utils - [TestNG] Running:
  C:\Users\Rahul Kumar\AppData\Local\Temp\testng-eclipse--112795175\testng-customsuite.xml

2026-10-04 12:56:56 INFO  org.testng.internal.Utils - [Utils] DynamicGraphHelper.createDynamicGraph() took 16 ms.
2026-10-04 12:56:56 INFO  tests.LoginTest - ***********Initializing Page Objects***********
2026-10-04 12:56:56 INFO  library.Base - ***********LAUNCHING EDGE BROWSER***********
2026-10-04 12:57:28 INFO  pages.LoginPage - ****Initiating LoginPage********
2026-10-04 12:57:28 INFO  tests.LoginTest - *******Initiating loginFailedTest********
2026-10-04 12:57:28 INFO  tests.LoginTest - **********Sending Invalid Username-Password to LoginPage*************
2026-10-04 12:57:28 INFO  pages.LoginPage - ******Logging into app****
2026-10-04 12:57:28 INFO  pages.LoginPage - ****Entering Username********
2026-10-04 12:57:28 INFO  pages.LoginPage - ******Checking Presence of Username Field******
2026-10-04 12:57:29 INFO  pages.LoginPage - ******Sending Username******
2026-10-04 12:57:29 INFO  pages.LoginPage - ****Entering Password********
2026-10-04 12:57:29 INFO  pages.LoginPage - ******Checking Visibility of Password Field******
2026-10-04 12:57:29 INFO  pages.LoginPage - ******Sending Password******
2026-10-04 12:57:29 INFO  pages.LoginPage - ****Clicking on Login Button********
2026-10-04 12:57:29 INFO  pages.LoginPage - ******Checking Clickability of Login Button******
2026-10-04 12:57:29 INFO  pages.LoginPage - ******Clicking on Login Button******
2026-10-04 12:57:31 INFO  tests.LoginTest - **********Verifying Login Error Message*************
2026-10-04 12:57:31 INFO  org.testng.internal.Utils - [TestNG] Time taken by org.testng.reporters.jq.Main@74fef3f7: 141 ms
2026-10-04 12:57:31 INFO  org.testng.internal.Utils - [TestNG] Time taken by org.testng.reporters.FailedReporter@3605c4d3: 24 ms
2026-10-04 12:57:31 INFO  org.testng.internal.Utils - [TestNG] Time taken by org.testng.reporters.XMLReporter@45f24169: 17 ms
2026-10-04 12:57:31 INFO  org.testng.internal.Utils - [TestNG] Time taken by org.testng.reporters.EmailableReporter2@710d7aff: 15 ms
2026-10-04 12:57:31 INFO  org.testng.internal.Utils - [TestNG] Time taken by org.testng.reporters.JUnitReportReporter@6a74d228: 24 ms
2026-10-04 12:57:31 INFO  org.testng.internal.Utils - [TestNG] Time taken by org.testng.internal.ExitCodeListener@349d0836: 0 ms
2026-10-04 12:58:38 INFO  org.testng.internal.Utils - [Utils] MethodGroupsHelper.collectMethodsByGroup() took 0 ms.
2026-10-04 12:58:38 INFO  org.testng.internal.Utils - [Utils] MethodGroupsHelper.sortMethods() took 3 ms.
2026-10-04 12:58:38 INFO  org.testng.internal.Utils - [Utils] MethodGroupsHelper.collectMethodsByGroup() took 0 ms.
2026-10-04 12:58:38 INFO  org.testng.internal.Utils - [Utils] MethodGroupsHelper.sortMethods() took 0 ms.
2026-10-04 12:58:38 INFO  org.testng.internal.Utils - [Utils] MethodGroupsHelper.collectMethodsByGroup() took 0 ms.
2026-10-04 12:58:38 INFO  org.testng.internal.Utils - [Utils] MethodGroupsHelper.sortMethods() took 0 ms.
2026-10-04 12:58:38 INFO  org.testng.internal.Utils - [Utils] MethodGroupsHelper.collectMethodsByGroup() took 0 ms.
2026-10-04 12:58:38 INFO  org.testng.internal.Utils - [Utils] MethodGroupsHelper.sortMethods() took 0 ms.
2026-10-04 12:58:38 INFO  org.testng.internal.Utils - [Utils] MethodGroupsHelper.collectMethodsByGroup() took 0 ms.
2026-10-04 12:58:38 INFO  org.testng.internal.Utils - [Utils] MethodGroupsHelper.sortMethods() took 0 ms.
2026-10-04 12:58:38 INFO  org.testng.internal.Utils - [Utils] MethodGroupsHelper.collectMethodsByGroup() took 0 ms.
2026-10-04 12:58:38 INFO  org.testng.internal.Utils - [Utils] MethodGroupsHelper.sortMethods() took 0 ms.
2026-10-04 12:58:38 INFO  org.testng.internal.Utils - [Utils] MethodGroupsHelper.collectMethodsByGroup() took 0 ms.
2026-10-04 12:58:38 INFO  org.testng.internal.Utils - [Utils] MethodGroupsHelper.sortMethods() took 0 ms.
2026-10-04 12:58:38 INFO  org.testng.internal.Utils - [Utils] MethodGroupsHelper.collectMethodsByGroup() took 0 ms.
2026-10-04 12:58:38 INFO  org.testng.internal.Utils - [Utils] MethodGroupsHelper.sortMethods() took 0 ms.
2026-10-04 12:58:38 INFO  org.testng.internal.Utils - [Utils] MethodGroupsHelper.collectMethodsByGroup() took 10 ms.
2026-10-04 12:58:38 INFO  org.testng.internal.Utils - [Utils] MethodGroupsHelper.sortMethods() took 19 ms.
2026-10-04 12:58:38 INFO  org.testng.internal.Utils - [Utils] MethodGroupsHelper.collectMethodsByGroup() took 0 ms.
2026-10-04 12:58:38 INFO  org.testng.internal.Utils - [Utils] MethodGroupsHelper.sortMethods() took 0 ms.
2026-10-04 12:58:38 INFO  org.testng.internal.Utils - [Utils] MethodGroupsHelper.collectMethodsByGroup() took 0 ms.
2026-10-04 12:58:38 INFO  org.testng.internal.Utils - [Utils] MethodGroupsHelper.sortMethods() took 0 ms.
2026-10-04 12:58:38 INFO  org.testng.internal.Utils - [Utils] MethodGroupsHelper.collectMethodsByGroup() took 0 ms.
2026-10-04 12:58:38 INFO  org.testng.internal.Utils - [Utils] MethodGroupsHelper.sortMethods() took 0 ms.
2026-10-04 12:58:38 INFO  org.testng.internal.Utils - [Utils] MethodGroupsHelper.collectMethodsByGroup() took 1 ms.
2026-10-04 12:58:38 INFO  org.testng.internal.Utils - [Utils] MethodGroupsHelper.sortMethods() took 0 ms.
2026-10-04 12:58:38 INFO  org.testng.internal.Utils - [Utils] MethodGroupsHelper.collectMethodsByGroup() took 0 ms.
2026-10-04 12:58:38 INFO  org.testng.internal.Utils - [Utils] MethodGroupsHelper.sortMethods() took 0 ms.
2026-10-04 12:58:38 INFO  org.testng.internal.Utils - [Utils] MethodGroupsHelper.collectMethodsByGroup() took 0 ms.
2026-10-04 12:58:38 INFO  org.testng.internal.Utils - [Utils] MethodGroupsHelper.sortMethods() took 0 ms.
2026-10-04 12:58:38 INFO  org.testng.internal.Utils - [TestNG] Running:
  C:\Users\Rahul Kumar\AppData\Local\Temp\testng-eclipse-1723944644\testng-customsuite.xml

2026-10-04 12:58:39 INFO  org.testng.internal.Utils - [Utils] DynamicGraphHelper.createDynamicGraph() took 8 ms.
2026-10-04 12:58:39 INFO  tests.LoginTest - ***********Initializing Page Objects***********
2026-10-04 12:58:39 INFO  library.Base - ***********LAUNCHING EDGE BROWSER***********
2026-10-04 12:58:51 INFO  pages.LoginPage - ****Initiating LoginPage********
2026-10-04 12:58:51 INFO  tests.LoginTest - *******Initiating loginFailedTest********
2026-10-04 12:58:51 INFO  tests.LoginTest - **********Sending Invalid Username-Password to LoginPage*************
2026-10-04 12:58:51 INFO  pages.LoginPage - ******Logging into app****
2026-10-04 12:58:51 INFO  pages.LoginPage - ****Entering Username********
2026-10-04 12:58:51 INFO  pages.LoginPage - ******Checking Presence of Username Field******
2026-10-04 12:58:52 INFO  pages.LoginPage - ******Sending Username******
2026-10-04 12:58:53 INFO  pages.LoginPage - ****Entering Password********
2026-10-04 12:58:53 INFO  pages.LoginPage - ******Checking Visibility of Password Field******
2026-10-04 12:58:53 INFO  pages.LoginPage - ******Sending Password******
2026-10-04 12:58:53 INFO  pages.LoginPage - ****Clicking on Login Button********
2026-10-04 12:58:53 INFO  pages.LoginPage - ******Checking Clickability of Login Button******
2026-10-04 12:58:53 INFO  pages.LoginPage - ******Clicking on Login Button******
2026-10-04 12:58:56 INFO  tests.LoginTest - **********Verifying Login Error Message*************
2026-10-04 12:58:56 INFO  org.testng.internal.Utils - [TestNG] Time taken by org.testng.reporters.jq.Main@375b5b7f: 198 ms
2026-10-04 12:58:57 INFO  org.testng.internal.Utils - [TestNG] Time taken by org.testng.reporters.FailedReporter@61533ae: 44 ms
2026-10-04 12:58:57 INFO  org.testng.internal.Utils - [TestNG] Time taken by org.testng.reporters.XMLReporter@466d49f0: 38 ms
2026-10-04 12:58:57 INFO  org.testng.internal.Utils - [TestNG] Time taken by org.testng.reporters.EmailableReporter2@35c09b94: 33 ms
2026-10-04 12:58:57 INFO  org.testng.internal.Utils - [TestNG] Time taken by org.testng.reporters.JUnitReportReporter@1136b469: 36 ms
2026-10-04 12:58:57 INFO  org.testng.internal.Utils - [TestNG] Time taken by org.testng.internal.ExitCodeListener@6579c3d9: 0 ms
2026-10-04 12:59:46 INFO  org.testng.internal.Utils - [Utils] MethodGroupsHelper.collectMethodsByGroup() took 0 ms.
2026-10-04 12:59:46 INFO  org.testng.internal.Utils - [Utils] MethodGroupsHelper.sortMethods() took 0 ms.
2026-10-04 12:59:46 INFO  org.testng.internal.Utils - [Utils] MethodGroupsHelper.collectMethodsByGroup() took 0 ms.
2026-10-04 12:59:46 INFO  org.testng.internal.Utils - [Utils] MethodGroupsHelper.sortMethods() took 0 ms.
2026-10-04 12:59:46 INFO  org.testng.internal.Utils - [Utils] MethodGroupsHelper.collectMethodsByGroup() took 0 ms.
2026-10-04 12:59:46 INFO  org.testng.internal.Utils - [Utils] MethodGroupsHelper.sortMethods() took 0 ms.
2026-10-04 12:59:46 INFO  org.testng.internal.Utils - [Utils] MethodGroupsHelper.collectMethodsByGroup() took 0 ms.
2026-10-04 12:59:46 INFO  org.testng.internal.Utils - [Utils] MethodGroupsHelper.sortMethods() took 0 ms.
2026-10-04 12:59:46 INFO  org.testng.internal.Utils - [Utils] MethodGroupsHelper.collectMethodsByGroup() took 1 ms.
2026-10-04 12:59:46 INFO  org.testng.internal.Utils - [Utils] MethodGroupsHelper.sortMethods() took 0 ms.
2026-10-04 12:59:46 INFO  org.testng.internal.Utils - [Utils] MethodGroupsHelper.collectMethodsByGroup() took 0 ms.
2026-10-04 12:59:46 INFO  org.testng.internal.Utils - [Utils] MethodGroupsHelper.sortMethods() took 0 ms.
2026-10-04 12:59:46 INFO  org.testng.internal.Utils - [Utils] MethodGroupsHelper.collectMethodsByGroup() took 0 ms.
2026-10-04 12:59:46 INFO  org.testng.internal.Utils - [Utils] MethodGroupsHelper.sortMethods() took 0 ms.
2026-10-04 12:59:46 INFO  org.testng.internal.Utils - [Utils] MethodGroupsHelper.collectMethodsByGroup() took 0 ms.
2026-10-04 12:59:46 INFO  org.testng.internal.Utils - [Utils] MethodGroupsHelper.sortMethods() took 0 ms.
2026-10-04 12:59:46 INFO  org.testng.internal.Utils - [Utils] MethodGroupsHelper.collectMethodsByGroup() took 7 ms.
2026-10-04 12:59:46 INFO  org.testng.internal.Utils - [Utils] MethodGroupsHelper.sortMethods() took 17 ms.
2026-10-04 12:59:46 INFO  org.testng.internal.Utils - [Utils] MethodGroupsHelper.collectMethodsByGroup() took 0 ms.
2026-10-04 12:59:46 INFO  org.testng.internal.Utils - [Utils] MethodGroupsHelper.sortMethods() took 0 ms.
2026-10-04 12:59:46 INFO  org.testng.internal.Utils - [Utils] MethodGroupsHelper.collectMethodsByGroup() took 0 ms.
2026-10-04 12:59:46 INFO  org.testng.internal.Utils - [Utils] MethodGroupsHelper.sortMethods() took 0 ms.
2026-10-04 12:59:46 INFO  org.testng.internal.Utils - [Utils] MethodGroupsHelper.collectMethodsByGroup() took 0 ms.
2026-10-04 12:59:46 INFO  org.testng.internal.Utils - [Utils] MethodGroupsHelper.sortMethods() took 0 ms.
2026-10-04 12:59:46 INFO  org.testng.internal.Utils - [Utils] MethodGroupsHelper.collectMethodsByGroup() took 0 ms.
2026-10-04 12:59:46 INFO  org.testng.internal.Utils - [Utils] MethodGroupsHelper.sortMethods() took 0 ms.
2026-10-04 12:59:46 INFO  org.testng.internal.Utils - [Utils] MethodGroupsHelper.collectMethodsByGroup() took 0 ms.
2026-10-04 12:59:46 INFO  org.testng.internal.Utils - [Utils] MethodGroupsHelper.sortMethods() took 0 ms.
2026-10-04 12:59:46 INFO  org.testng.internal.Utils - [Utils] MethodGroupsHelper.collectMethodsByGroup() took 0 ms.
2026-10-04 12:59:46 INFO  org.testng.internal.Utils - [Utils] MethodGroupsHelper.sortMethods() took 0 ms.
2026-10-04 12:59:46 INFO  org.testng.internal.Utils - [TestNG] Running:
  C:\Users\Rahul Kumar\AppData\Local\Temp\testng-eclipse-1968168250\testng-customsuite.xml

2026-10-04 12:59:46 INFO  org.testng.internal.Utils - [Utils] DynamicGraphHelper.createDynamicGraph() took 11 ms.
2026-10-04 12:59:46 INFO  tests.LoginTest - ***********Initializing Page Objects***********
2026-10-04 12:59:46 INFO  library.Base - ***********LAUNCHING EDGE BROWSER***********
2026-10-04 13:00:00 INFO  pages.LoginPage - ****Initiating LoginPage********
2026-10-04 13:00:00 INFO  tests.LoginTest - *******Initiating loginFailedTest********
2026-10-04 13:00:00 INFO  tests.LoginTest - **********Sending Invalid Username-Password to LoginPage*************
2026-10-04 13:00:00 INFO  pages.LoginPage - ******Logging into app****
2026-10-04 13:00:00 INFO  pages.LoginPage - ****Entering Username********
2026-10-04 13:00:00 INFO  pages.LoginPage - ******Checking Presence of Username Field******
2026-10-04 13:00:02 INFO  pages.LoginPage - ******Sending Username******
2026-10-04 13:00:02 INFO  pages.LoginPage - ****Entering Password********
2026-10-04 13:00:02 INFO  pages.LoginPage - ******Checking Visibility of Password Field******
2026-10-04 13:00:02 INFO  pages.LoginPage - ******Sending Password******
2026-10-04 13:00:02 INFO  pages.LoginPage - ****Clicking on Login Button********
2026-10-04 13:00:02 INFO  pages.LoginPage - ******Checking Clickability of Login Button******
2026-10-04 13:00:02 INFO  pages.LoginPage - ******Clicking on Login Button******
2026-10-04 13:00:09 INFO  tests.LoginTest - **********Verifying Login Error Message*************
2026-10-04 13:00:10 ERROR tests.LoginTest - loginFailedTest Failed : NoSuchElementException FOUND => no such element: Unable to locate element: {"method":"xpath","selector":"//p[normalize-space()='Invalid credentials']"}
2026-10-04 13:00:10 INFO  org.testng.internal.Utils - [TestNG] Time taken by org.testng.reporters.jq.Main@378bd86d: 193 ms
2026-10-04 13:00:10 INFO  org.testng.internal.Utils - [TestNG] Time taken by org.testng.reporters.FailedReporter@6331250e: 3 ms
2026-10-04 13:00:10 INFO  org.testng.internal.Utils - [TestNG] Time taken by org.testng.reporters.XMLReporter@1ee29c84: 15 ms
2026-10-04 13:00:10 INFO  org.testng.internal.Utils - [TestNG] Time taken by org.testng.reporters.EmailableReporter2@1517f633: 8 ms
2026-10-04 13:00:10 INFO  org.testng.internal.Utils - [TestNG] Time taken by org.testng.reporters.JUnitReportReporter@599f571f: 4 ms
2026-10-04 13:00:10 INFO  org.testng.internal.Utils - [TestNG] Time taken by org.testng.internal.ExitCodeListener@7b60c3e: 0 ms
2026-10-04 13:02:20 INFO  org.testng.internal.Utils - [Utils] MethodGroupsHelper.collectMethodsByGroup() took 1 ms.
2026-10-04 13:02:20 INFO  org.testng.internal.Utils - [Utils] MethodGroupsHelper.sortMethods() took 2 ms.
2026-10-04 13:02:20 INFO  org.testng.internal.Utils - [Utils] MethodGroupsHelper.collectMethodsByGroup() took 0 ms.
2026-10-04 13:02:20 INFO  org.testng.internal.Utils - [Utils] MethodGroupsHelper.sortMethods() took 0 ms.
2026-10-04 13:02:20 INFO  org.testng.internal.Utils - [Utils] MethodGroupsHelper.collectMethodsByGroup() took 0 ms.
2026-10-04 13:02:20 INFO  org.testng.internal.Utils - [Utils] MethodGroupsHelper.sortMethods() took 0 ms.
2026-10-04 13:02:20 INFO  org.testng.internal.Utils - [Utils] MethodGroupsHelper.collectMethodsByGroup() took 0 ms.
2026-10-04 13:02:20 INFO  org.testng.internal.Utils - [Utils] MethodGroupsHelper.sortMethods() took 0 ms.
2026-10-04 13:02:20 INFO  org.testng.internal.Utils - [Utils] MethodGroupsHelper.collectMethodsByGroup() took 0 ms.
2026-10-04 13:02:20 INFO  org.testng.internal.Utils - [Utils] MethodGroupsHelper.sortMethods() took 0 ms.
2026-10-04 13:02:20 INFO  org.testng.internal.Utils - [Utils] MethodGroupsHelper.collectMethodsByGroup() took 0 ms.
2026-10-04 13:02:20 INFO  org.testng.internal.Utils - [Utils] MethodGroupsHelper.sortMethods() took 0 ms.
2026-10-04 13:02:20 INFO  org.testng.internal.Utils - [Utils] MethodGroupsHelper.collectMethodsByGroup() took 0 ms.
2026-10-04 13:02:20 INFO  org.testng.internal.Utils - [Utils] MethodGroupsHelper.sortMethods() took 0 ms.
2026-10-04 13:02:20 INFO  org.testng.internal.Utils - [Utils] MethodGroupsHelper.collectMethodsByGroup() took 0 ms.
2026-10-04 13:02:20 INFO  org.testng.internal.Utils - [Utils] MethodGroupsHelper.sortMethods() took 0 ms.
2026-10-04 13:02:20 INFO  org.testng.internal.Utils - [Utils] MethodGroupsHelper.collectMethodsByGroup() took 9 ms.
2026-10-04 13:02:20 INFO  org.testng.internal.Utils - [Utils] MethodGroupsHelper.sortMethods() took 18 ms.
2026-10-04 13:02:20 INFO  org.testng.internal.Utils - [Utils] MethodGroupsHelper.collectMethodsByGroup() took 0 ms.
2026-10-04 13:02:20 INFO  org.testng.internal.Utils - [Utils] MethodGroupsHelper.sortMethods() took 0 ms.
2026-10-04 13:02:20 INFO  org.testng.internal.Utils - [Utils] MethodGroupsHelper.collectMethodsByGroup() took 0 ms.
2026-10-04 13:02:20 INFO  org.testng.internal.Utils - [Utils] MethodGroupsHelper.sortMethods() took 0 ms.
2026-10-04 13:02:20 INFO  org.testng.internal.Utils - [Utils] MethodGroupsHelper.collectMethodsByGroup() took 0 ms.
2026-10-04 13:02:20 INFO  org.testng.internal.Utils - [Utils] MethodGroupsHelper.sortMethods() took 0 ms.
2026-10-04 13:02:20 INFO  org.testng.internal.Utils - [Utils] MethodGroupsHelper.collectMethodsByGroup() took 1 ms.
2026-10-04 13:02:20 INFO  org.testng.internal.Utils - [Utils] MethodGroupsHelper.sortMethods() took 0 ms.
2026-10-04 13:02:20 INFO  org.testng.internal.Utils - [Utils] MethodGroupsHelper.collectMethodsByGroup() took 0 ms.
2026-10-04 13:02:20 INFO  org.testng.internal.Utils - [Utils] MethodGroupsHelper.sortMethods() took 0 ms.
2026-10-04 13:02:20 INFO  org.testng.internal.Utils - [Utils] MethodGroupsHelper.collectMethodsByGroup() took 0 ms.
2026-10-04 13:02:20 INFO  org.testng.internal.Utils - [Utils] MethodGroupsHelper.sortMethods() took 0 ms.
2026-10-04 13:02:20 INFO  org.testng.internal.Utils - [TestNG] Running:
  C:\Users\Rahul Kumar\AppData\Local\Temp\testng-eclipse--734846015\testng-customsuite.xml

2026-10-04 13:02:20 INFO  org.testng.internal.Utils - [Utils] DynamicGraphHelper.createDynamicGraph() took 8 ms.
2026-10-04 13:02:20 INFO  tests.LoginTest - ***********Initializing Page Objects***********
2026-10-04 13:02:20 INFO  library.Base - ***********LAUNCHING EDGE BROWSER***********
2026-10-04 13:03:29 INFO  pages.LoginPage - ****Initiating LoginPage********
2026-10-04 13:03:29 INFO  tests.LoginTest - *******Initiating loginFailedTest********
2026-10-04 13:03:29 INFO  tests.LoginTest - **********Sending Invalid Username-Password to LoginPage*************
2026-10-04 13:03:29 INFO  pages.LoginPage - ******Logging into app****
2026-10-04 13:03:29 INFO  pages.LoginPage - ****Entering Username********
2026-10-04 13:03:29 INFO  pages.LoginPage - ******Checking Presence of Username Field******
2026-10-04 13:03:31 INFO  pages.LoginPage - ******Sending Username******
2026-10-04 13:03:31 INFO  pages.LoginPage - ****Entering Password********
2026-10-04 13:03:31 INFO  pages.LoginPage - ******Checking Visibility of Password Field******
2026-10-04 13:03:31 INFO  pages.LoginPage - ******Sending Password******
2026-10-04 13:03:31 INFO  pages.LoginPage - ****Clicking on Login Button********
2026-10-04 13:03:31 INFO  pages.LoginPage - ******Checking Clickability of Login Button******
2026-10-04 13:03:32 INFO  pages.LoginPage - ******Clicking on Login Button******
2026-10-04 13:03:37 INFO  tests.LoginTest - **********Verifying Login Error Message*************
2026-10-04 13:03:37 ERROR tests.LoginTest - loginFailedTest Failed : NoSuchElementException FOUND => no such element: Unable to locate element: {"method":"xpath","selector":"//p[normalize-space()='Invalid credentials']"}
2026-10-04 13:03:37 INFO  org.testng.internal.Utils - [TestNG] Time taken by org.testng.reporters.jq.Main@6ad11a56: 108 ms
2026-10-04 13:03:37 INFO  org.testng.internal.Utils - [TestNG] Time taken by org.testng.reporters.FailedReporter@1ee29c84: 2 ms
2026-10-04 13:03:37 INFO  org.testng.internal.Utils - [TestNG] Time taken by org.testng.reporters.XMLReporter@5395ea39: 13 ms
2026-10-04 13:03:37 INFO  org.testng.internal.Utils - [TestNG] Time taken by org.testng.reporters.EmailableReporter2@301d8120: 11 ms
2026-10-04 13:03:37 INFO  org.testng.internal.Utils - [TestNG] Time taken by org.testng.reporters.JUnitReportReporter@72ba28ee: 8 ms
2026-10-04 13:03:37 INFO  org.testng.internal.Utils - [TestNG] Time taken by org.testng.internal.ExitCodeListener@2e3a5237: 0 ms
2026-10-04 13:08:16 INFO  org.testng.internal.Utils - [Utils] MethodGroupsHelper.collectMethodsByGroup() took 2 ms.
2026-10-04 13:08:16 INFO  org.testng.internal.Utils - [Utils] MethodGroupsHelper.sortMethods() took 3 ms.
2026-10-04 13:08:16 INFO  org.testng.internal.Utils - [Utils] MethodGroupsHelper.collectMethodsByGroup() took 0 ms.
2026-10-04 13:08:16 INFO  org.testng.internal.Utils - [Utils] MethodGroupsHelper.sortMethods() took 0 ms.
2026-10-04 13:08:16 INFO  org.testng.internal.Utils - [Utils] MethodGroupsHelper.collectMethodsByGroup() took 0 ms.
2026-10-04 13:08:16 INFO  org.testng.internal.Utils - [Utils] MethodGroupsHelper.sortMethods() took 0 ms.
2026-10-04 13:08:16 INFO  org.testng.internal.Utils - [Utils] MethodGroupsHelper.collectMethodsByGroup() took 0 ms.
2026-10-04 13:08:16 INFO  org.testng.internal.Utils - [Utils] MethodGroupsHelper.sortMethods() took 0 ms.
2026-10-04 13:08:16 INFO  org.testng.internal.Utils - [Utils] MethodGroupsHelper.collectMethodsByGroup() took 0 ms.
2026-10-04 13:08:16 INFO  org.testng.internal.Utils - [Utils] MethodGroupsHelper.sortMethods() took 0 ms.
2026-10-04 13:08:16 INFO  org.testng.internal.Utils - [Utils] MethodGroupsHelper.collectMethodsByGroup() took 0 ms.
2026-10-04 13:08:16 INFO  org.testng.internal.Utils - [Utils] MethodGroupsHelper.sortMethods() took 0 ms.
2026-10-04 13:08:16 INFO  org.testng.internal.Utils - [Utils] MethodGroupsHelper.collectMethodsByGroup() took 0 ms.
2026-10-04 13:08:16 INFO  org.testng.internal.Utils - [Utils] MethodGroupsHelper.sortMethods() took 0 ms.
2026-10-04 13:08:16 INFO  org.testng.internal.Utils - [Utils] MethodGroupsHelper.collectMethodsByGroup() took 0 ms.
2026-10-04 13:08:16 INFO  org.testng.internal.Utils - [Utils] MethodGroupsHelper.sortMethods() took 0 ms.
2026-10-04 13:08:16 INFO  org.testng.internal.Utils - [Utils] MethodGroupsHelper.collectMethodsByGroup() took 13 ms.
2026-10-04 13:08:16 INFO  org.testng.internal.Utils - [Utils] MethodGroupsHelper.sortMethods() took 26 ms.
2026-10-04 13:08:16 INFO  org.testng.internal.Utils - [Utils] MethodGroupsHelper.collectMethodsByGroup() took 0 ms.
2026-10-04 13:08:16 INFO  org.testng.internal.Utils - [Utils] MethodGroupsHelper.sortMethods() took 0 ms.
2026-10-04 13:08:16 INFO  org.testng.internal.Utils - [Utils] MethodGroupsHelper.collectMethodsByGroup() took 0 ms.
2026-10-04 13:08:16 INFO  org.testng.internal.Utils - [Utils] MethodGroupsHelper.sortMethods() took 0 ms.
2026-10-04 13:08:16 INFO  org.testng.internal.Utils - [Utils] MethodGroupsHelper.collectMethodsByGroup() took 0 ms.
2026-10-04 13:08:16 INFO  org.testng.internal.Utils - [Utils] MethodGroupsHelper.sortMethods() took 0 ms.
2026-10-04 13:08:16 INFO  org.testng.internal.Utils - [Utils] MethodGroupsHelper.collectMethodsByGroup() took 0 ms.
2026-10-04 13:08:16 INFO  org.testng.internal.Utils - [Utils] MethodGroupsHelper.sortMethods() took 1 ms.
2026-10-04 13:08:16 INFO  org.testng.internal.Utils - [Utils] MethodGroupsHelper.collectMethodsByGroup() took 0 ms.
2026-10-04 13:08:16 INFO  org.testng.internal.Utils - [Utils] MethodGroupsHelper.sortMethods() took 0 ms.
2026-10-04 13:08:16 INFO  org.testng.internal.Utils - [Utils] MethodGroupsHelper.collectMethodsByGroup() took 0 ms.
2026-10-04 13:08:16 INFO  org.testng.internal.Utils - [Utils] MethodGroupsHelper.sortMethods() took 0 ms.
2026-10-04 13:08:16 INFO  org.testng.internal.Utils - [TestNG] Running:
  C:\Users\Rahul Kumar\AppData\Local\Temp\testng-eclipse-647630115\testng-customsuite.xml

2026-10-04 13:08:16 INFO  org.testng.internal.Utils - [Utils] DynamicGraphHelper.createDynamicGraph() took 11 ms.
2026-10-04 13:08:16 INFO  tests.LoginTest - ***********Initializing Page Objects***********
2026-10-04 13:08:16 INFO  library.Base - ***********LAUNCHING EDGE BROWSER***********
2026-10-04 13:09:19 INFO  pages.LoginPage - ****Initiating LoginPage********
2026-10-04 13:09:19 INFO  tests.LoginTest - *******Initiating loginFailedTest********
2026-10-04 13:09:19 INFO  tests.LoginTest - **********Sending Invalid Username-Password to LoginPage*************
2026-10-04 13:09:19 INFO  pages.LoginPage - ******Logging into app****
2026-10-04 13:09:19 INFO  pages.LoginPage - ****Entering Username********
2026-10-04 13:09:19 INFO  pages.LoginPage - ******Checking Presence of Username Field******
2026-10-04 13:09:21 INFO  pages.LoginPage - ******Sending Username******
2026-10-04 13:09:21 INFO  pages.LoginPage - ****Entering Password********
2026-10-04 13:09:21 INFO  pages.LoginPage - ******Checking Visibility of Password Field******
2026-10-04 13:09:21 INFO  pages.LoginPage - ******Sending Password******
2026-10-04 13:09:21 INFO  pages.LoginPage - ****Clicking on Login Button********
2026-10-04 13:09:21 INFO  pages.LoginPage - ******Checking Clickability of Login Button******
2026-10-04 13:09:21 INFO  pages.LoginPage - ******Clicking on Login Button******
2026-10-04 13:09:30 INFO  tests.LoginTest - **********Verifying Login Error Message*************
2026-10-04 13:09:30 INFO  pages.LoginPage - ******Checking Visibility of Login Credential Error Message****
2026-10-04 13:09:32 INFO  org.testng.internal.Utils - [TestNG] Time taken by org.testng.reporters.jq.Main@45f24169: 188 ms
2026-10-04 13:09:32 INFO  org.testng.internal.Utils - [TestNG] Time taken by org.testng.reporters.FailedReporter@43b0ade: 8 ms
2026-10-04 13:09:32 INFO  org.testng.internal.Utils - [TestNG] Time taken by org.testng.reporters.XMLReporter@65327f5: 20 ms
2026-10-04 13:09:32 INFO  org.testng.internal.Utils - [TestNG] Time taken by org.testng.reporters.EmailableReporter2@7b44b63d: 18 ms
2026-10-04 13:09:32 INFO  org.testng.internal.Utils - [TestNG] Time taken by org.testng.reporters.JUnitReportReporter@66434cc8: 6 ms
2026-10-04 13:09:32 INFO  org.testng.internal.Utils - [TestNG] Time taken by org.testng.internal.ExitCodeListener@42f22995: 0 ms
2026-10-04 13:10:21 INFO  org.testng.internal.Utils - [Utils] MethodGroupsHelper.collectMethodsByGroup() took 0 ms.
2026-10-04 13:10:21 INFO  org.testng.internal.Utils - [Utils] MethodGroupsHelper.sortMethods() took 3 ms.
2026-10-04 13:10:21 INFO  org.testng.internal.Utils - [Utils] MethodGroupsHelper.collectMethodsByGroup() took 0 ms.
2026-10-04 13:10:21 INFO  org.testng.internal.Utils - [Utils] MethodGroupsHelper.sortMethods() took 0 ms.
2026-10-04 13:10:21 INFO  org.testng.internal.Utils - [Utils] MethodGroupsHelper.collectMethodsByGroup() took 0 ms.
2026-10-04 13:10:21 INFO  org.testng.internal.Utils - [Utils] MethodGroupsHelper.sortMethods() took 0 ms.
2026-10-04 13:10:21 INFO  org.testng.internal.Utils - [Utils] MethodGroupsHelper.collectMethodsByGroup() took 0 ms.
2026-10-04 13:10:21 INFO  org.testng.internal.Utils - [Utils] MethodGroupsHelper.sortMethods() took 0 ms.
2026-10-04 13:10:21 INFO  org.testng.internal.Utils - [Utils] MethodGroupsHelper.collectMethodsByGroup() took 0 ms.
2026-10-04 13:10:21 INFO  org.testng.internal.Utils - [Utils] MethodGroupsHelper.sortMethods() took 0 ms.
2026-10-04 13:10:21 INFO  org.testng.internal.Utils - [Utils] MethodGroupsHelper.collectMethodsByGroup() took 1 ms.
2026-10-04 13:10:21 INFO  org.testng.internal.Utils - [Utils] MethodGroupsHelper.sortMethods() took 0 ms.
2026-10-04 13:10:21 INFO  org.testng.internal.Utils - [Utils] MethodGroupsHelper.collectMethodsByGroup() took 0 ms.
2026-10-04 13:10:21 INFO  org.testng.internal.Utils - [Utils] MethodGroupsHelper.sortMethods() took 0 ms.
2026-10-04 13:10:21 INFO  org.testng.internal.Utils - [Utils] MethodGroupsHelper.collectMethodsByGroup() took 0 ms.
2026-10-04 13:10:21 INFO  org.testng.internal.Utils - [Utils] MethodGroupsHelper.sortMethods() took 0 ms.
2026-10-04 13:10:21 INFO  org.testng.internal.Utils - [Utils] MethodGroupsHelper.collectMethodsByGroup() took 10 ms.
2026-10-04 13:10:21 INFO  org.testng.internal.Utils - [Utils] MethodGroupsHelper.sortMethods() took 18 ms.
2026-10-04 13:10:21 INFO  org.testng.internal.Utils - [Utils] MethodGroupsHelper.collectMethodsByGroup() took 0 ms.
2026-10-04 13:10:21 INFO  org.testng.internal.Utils - [Utils] MethodGroupsHelper.sortMethods() took 0 ms.
2026-10-04 13:10:21 INFO  org.testng.internal.Utils - [Utils] MethodGroupsHelper.collectMethodsByGroup() took 0 ms.
2026-10-04 13:10:21 INFO  org.testng.internal.Utils - [Utils] MethodGroupsHelper.sortMethods() took 0 ms.
2026-10-04 13:10:21 INFO  org.testng.internal.Utils - [Utils] MethodGroupsHelper.collectMethodsByGroup() took 0 ms.
2026-10-04 13:10:21 INFO  org.testng.internal.Utils - [Utils] MethodGroupsHelper.sortMethods() took 0 ms.
2026-10-04 13:10:21 INFO  org.testng.internal.Utils - [Utils] MethodGroupsHelper.collectMethodsByGroup() took 1 ms.
2026-10-04 13:10:21 INFO  org.testng.internal.Utils - [Utils] MethodGroupsHelper.sortMethods() took 1 ms.
2026-10-04 13:10:21 INFO  org.testng.internal.Utils - [Utils] MethodGroupsHelper.collectMethodsByGroup() took 0 ms.
2026-10-04 13:10:21 INFO  org.testng.internal.Utils - [Utils] MethodGroupsHelper.sortMethods() took 0 ms.
2026-10-04 13:10:21 INFO  org.testng.internal.Utils - [Utils] MethodGroupsHelper.collectMethodsByGroup() took 0 ms.
2026-10-04 13:10:21 INFO  org.testng.internal.Utils - [Utils] MethodGroupsHelper.sortMethods() took 1 ms.
2026-10-04 13:10:21 INFO  org.testng.internal.Utils - [TestNG] Running:
  C:\Users\Rahul Kumar\AppData\Local\Temp\testng-eclipse-1216505173\testng-customsuite.xml

2026-10-04 13:10:21 INFO  org.testng.internal.Utils - [Utils] DynamicGraphHelper.createDynamicGraph() took 7 ms.
2026-10-04 13:10:22 INFO  tests.LoginTest - ***********Initializing Page Objects***********
2026-10-04 13:10:22 INFO  library.Base - ***********LAUNCHING EDGE BROWSER***********
2026-10-04 13:11:04 INFO  pages.LoginPage - ****Initiating LoginPage********
2026-10-04 13:11:04 INFO  tests.LoginTest - *******Initiating loginFailedTest********
2026-10-04 13:11:04 INFO  tests.LoginTest - **********Sending Invalid Username-Password to LoginPage*************
2026-10-04 13:11:04 INFO  pages.LoginPage - ******Logging into app****
2026-10-04 13:11:04 INFO  pages.LoginPage - ****Entering Username********
2026-10-04 13:11:04 INFO  pages.LoginPage - ******Checking Presence of Username Field******
2026-10-04 13:11:06 INFO  pages.LoginPage - ******Sending Username******
2026-10-04 13:11:06 INFO  pages.LoginPage - ****Entering Password********
2026-10-04 13:11:06 INFO  pages.LoginPage - ******Checking Visibility of Password Field******
2026-10-04 13:11:06 INFO  pages.LoginPage - ******Sending Password******
2026-10-04 13:11:06 INFO  pages.LoginPage - ****Clicking on Login Button********
2026-10-04 13:11:06 INFO  pages.LoginPage - ******Checking Clickability of Login Button******
2026-10-04 13:11:06 INFO  pages.LoginPage - ******Clicking on Login Button******
2026-10-04 13:11:13 INFO  tests.LoginTest - **********Verifying Login Error Message*************
2026-10-04 13:11:13 INFO  pages.LoginPage - ******Checking Visibility of Login Credential Error Message****
2026-10-04 13:11:14 INFO  org.testng.internal.Utils - [TestNG] Time taken by org.testng.reporters.jq.Main@66434cc8: 127 ms
2026-10-04 13:11:14 INFO  org.testng.internal.Utils - [TestNG] Time taken by org.testng.reporters.FailedReporter@6e6fce47: 33 ms
2026-10-04 13:11:14 INFO  org.testng.internal.Utils - [TestNG] Time taken by org.testng.reporters.XMLReporter@4482469c: 20 ms
2026-10-04 13:11:14 INFO  org.testng.internal.Utils - [TestNG] Time taken by org.testng.reporters.EmailableReporter2@264c5d07: 9 ms
2026-10-04 13:11:14 INFO  org.testng.internal.Utils - [TestNG] Time taken by org.testng.reporters.JUnitReportReporter@175acfb2: 21 ms
2026-10-04 13:11:14 INFO  org.testng.internal.Utils - [TestNG] Time taken by org.testng.internal.ExitCodeListener@4a03bb68: 0 ms
2026-10-04 13:14:52 INFO  org.testng.internal.Utils - [Utils] MethodGroupsHelper.collectMethodsByGroup() took 3 ms.
2026-10-04 13:14:52 INFO  org.testng.internal.Utils - [Utils] MethodGroupsHelper.sortMethods() took 3 ms.
2026-10-04 13:14:52 INFO  org.testng.internal.Utils - [Utils] MethodGroupsHelper.collectMethodsByGroup() took 0 ms.
2026-10-04 13:14:52 INFO  org.testng.internal.Utils - [Utils] MethodGroupsHelper.sortMethods() took 0 ms.
2026-10-04 13:14:52 INFO  org.testng.internal.Utils - [Utils] MethodGroupsHelper.collectMethodsByGroup() took 0 ms.
2026-10-04 13:14:52 INFO  org.testng.internal.Utils - [Utils] MethodGroupsHelper.sortMethods() took 0 ms.
2026-10-04 13:14:52 INFO  org.testng.internal.Utils - [Utils] MethodGroupsHelper.collectMethodsByGroup() took 0 ms.
2026-10-04 13:14:52 INFO  org.testng.internal.Utils - [Utils] MethodGroupsHelper.sortMethods() took 0 ms.
2026-10-04 13:14:52 INFO  org.testng.internal.Utils - [Utils] MethodGroupsHelper.collectMethodsByGroup() took 0 ms.
2026-10-04 13:14:52 INFO  org.testng.internal.Utils - [Utils] MethodGroupsHelper.sortMethods() took 0 ms.
2026-10-04 13:14:52 INFO  org.testng.internal.Utils - [Utils] MethodGroupsHelper.collectMethodsByGroup() took 0 ms.
2026-10-04 13:14:52 INFO  org.testng.internal.Utils - [Utils] MethodGroupsHelper.sortMethods() took 0 ms.
2026-10-04 13:14:52 INFO  org.testng.internal.Utils - [Utils] MethodGroupsHelper.collectMethodsByGroup() took 0 ms.
2026-10-04 13:14:52 INFO  org.testng.internal.Utils - [Utils] MethodGroupsHelper.sortMethods() took 0 ms.
2026-10-04 13:14:52 INFO  org.testng.internal.Utils - [Utils] MethodGroupsHelper.collectMethodsByGroup() took 0 ms.
2026-10-04 13:14:52 INFO  org.testng.internal.Utils - [Utils] MethodGroupsHelper.sortMethods() took 0 ms.
2026-10-04 13:14:52 INFO  org.testng.internal.Utils - [Utils] MethodGroupsHelper.collectMethodsByGroup() took 13 ms.
2026-10-04 13:14:52 INFO  org.testng.internal.Utils - [Utils] MethodGroupsHelper.sortMethods() took 25 ms.
2026-10-04 13:14:52 INFO  org.testng.internal.Utils - [Utils] MethodGroupsHelper.collectMethodsByGroup() took 0 ms.
2026-10-04 13:14:52 INFO  org.testng.internal.Utils - [Utils] MethodGroupsHelper.sortMethods() took 0 ms.
2026-10-04 13:14:52 INFO  org.testng.internal.Utils - [Utils] MethodGroupsHelper.collectMethodsByGroup() took 0 ms.
2026-10-04 13:14:52 INFO  org.testng.internal.Utils - [Utils] MethodGroupsHelper.sortMethods() took 0 ms.
2026-10-04 13:14:52 INFO  org.testng.internal.Utils - [Utils] MethodGroupsHelper.collectMethodsByGroup() took 0 ms.
2026-10-04 13:14:52 INFO  org.testng.internal.Utils - [Utils] MethodGroupsHelper.sortMethods() took 0 ms.
2026-10-04 13:14:52 INFO  org.testng.internal.Utils - [Utils] MethodGroupsHelper.collectMethodsByGroup() took 1 ms.
2026-10-04 13:14:52 INFO  org.testng.internal.Utils - [Utils] MethodGroupsHelper.sortMethods() took 1 ms.
2026-10-04 13:14:52 INFO  org.testng.internal.Utils - [Utils] MethodGroupsHelper.collectMethodsByGroup() took 0 ms.
2026-10-04 13:14:52 INFO  org.testng.internal.Utils - [Utils] MethodGroupsHelper.sortMethods() took 0 ms.
2026-10-04 13:14:52 INFO  org.testng.internal.Utils - [Utils] MethodGroupsHelper.collectMethodsByGroup() took 0 ms.
2026-10-04 13:14:52 INFO  org.testng.internal.Utils - [Utils] MethodGroupsHelper.sortMethods() took 0 ms.
2026-10-04 13:14:52 INFO  org.testng.internal.Utils - [TestNG] Running:
  C:\Users\Rahul Kumar\AppData\Local\Temp\testng-eclipse-1647022223\testng-customsuite.xml

2026-10-04 13:14:52 INFO  org.testng.internal.Utils - [Utils] DynamicGraphHelper.createDynamicGraph() took 10 ms.
2026-10-04 13:14:53 INFO  tests.LoginTest - ***********Initializing Page Objects***********
2026-10-04 13:14:53 INFO  library.Base - ***********LAUNCHING EDGE BROWSER***********
2026-10-04 13:15:08 INFO  pages.LoginPage - ****Initiating LoginPage********
2026-10-04 13:15:08 INFO  tests.LoginTest - *******Initiating loginFailedTest********
2026-10-04 13:15:08 INFO  tests.LoginTest - **********Sending Invalid Username-Password to LoginPage*************
2026-10-04 13:15:08 INFO  pages.LoginPage - ******Logging into app****
2026-10-04 13:15:08 INFO  pages.LoginPage - ****Entering Username********
2026-10-04 13:15:08 INFO  pages.LoginPage - ******Checking Presence of Username Field******
2026-10-04 13:15:08 INFO  pages.LoginPage - ******Sending Username******
2026-10-04 13:15:09 INFO  pages.LoginPage - ****Entering Password********
2026-10-04 13:15:09 INFO  pages.LoginPage - ******Checking Visibility of Password Field******
2026-10-04 13:15:09 INFO  pages.LoginPage - ******Sending Password******
2026-10-04 13:15:09 INFO  pages.LoginPage - ****Clicking on Login Button********
2026-10-04 13:15:09 INFO  pages.LoginPage - ******Checking Clickability of Login Button******
2026-10-04 13:15:09 INFO  pages.LoginPage - ******Clicking on Login Button******
2026-10-04 13:15:11 INFO  tests.LoginTest - **********Verifying Login Error Message*************
2026-10-04 13:15:11 INFO  pages.LoginPage - ******Checking Visibility of Login Credential Error Message****
2026-10-04 13:15:31 ERROR tests.LoginTest - loginFailedTest Failed : TimeoutException FOUND => Expected condition failed: waiting for visibility of Proxy element for: DefaultElementLocator 'By.xpath: //p[normalize-space()='Invalid credentials']'
2026-10-04 13:15:31 INFO  org.testng.internal.Utils - [TestNG] Time taken by org.testng.reporters.jq.Main@7435a578: 151 ms
2026-10-04 13:15:31 INFO  org.testng.internal.Utils - [TestNG] Time taken by org.testng.reporters.FailedReporter@3c7cfcbb: 3 ms
2026-10-04 13:15:31 INFO  org.testng.internal.Utils - [TestNG] Time taken by org.testng.reporters.XMLReporter@69c93ca4: 20 ms
2026-10-04 13:15:31 INFO  org.testng.internal.Utils - [TestNG] Time taken by org.testng.reporters.EmailableReporter2@45792847: 18 ms
2026-10-04 13:15:31 INFO  org.testng.internal.Utils - [TestNG] Time taken by org.testng.reporters.JUnitReportReporter@5631962: 16 ms
2026-10-04 13:15:31 INFO  org.testng.internal.Utils - [TestNG] Time taken by org.testng.internal.ExitCodeListener@52a70627: 0 ms
2026-10-04 13:16:49 INFO  org.testng.internal.Utils - [Utils] MethodGroupsHelper.collectMethodsByGroup() took 2 ms.
2026-10-04 13:16:49 INFO  org.testng.internal.Utils - [Utils] MethodGroupsHelper.sortMethods() took 3 ms.
2026-10-04 13:16:49 INFO  org.testng.internal.Utils - [Utils] MethodGroupsHelper.collectMethodsByGroup() took 0 ms.
2026-10-04 13:16:49 INFO  org.testng.internal.Utils - [Utils] MethodGroupsHelper.sortMethods() took 0 ms.
2026-10-04 13:16:49 INFO  org.testng.internal.Utils - [Utils] MethodGroupsHelper.collectMethodsByGroup() took 0 ms.
2026-10-04 13:16:49 INFO  org.testng.internal.Utils - [Utils] MethodGroupsHelper.sortMethods() took 0 ms.
2026-10-04 13:16:49 INFO  org.testng.internal.Utils - [Utils] MethodGroupsHelper.collectMethodsByGroup() took 0 ms.
2026-10-04 13:16:49 INFO  org.testng.internal.Utils - [Utils] MethodGroupsHelper.sortMethods() took 0 ms.
2026-10-04 13:16:49 INFO  org.testng.internal.Utils - [Utils] MethodGroupsHelper.collectMethodsByGroup() took 0 ms.
2026-10-04 13:16:49 INFO  org.testng.internal.Utils - [Utils] MethodGroupsHelper.sortMethods() took 0 ms.
2026-10-04 13:16:49 INFO  org.testng.internal.Utils - [Utils] MethodGroupsHelper.collectMethodsByGroup() took 0 ms.
2026-10-04 13:16:49 INFO  org.testng.internal.Utils - [Utils] MethodGroupsHelper.sortMethods() took 0 ms.
2026-10-04 13:16:49 INFO  org.testng.internal.Utils - [Utils] MethodGroupsHelper.collectMethodsByGroup() took 0 ms.
2026-10-04 13:16:49 INFO  org.testng.internal.Utils - [Utils] MethodGroupsHelper.sortMethods() took 0 ms.
2026-10-04 13:16:49 INFO  org.testng.internal.Utils - [Utils] MethodGroupsHelper.collectMethodsByGroup() took 0 ms.
2026-10-04 13:16:49 INFO  org.testng.internal.Utils - [Utils] MethodGroupsHelper.sortMethods() took 0 ms.
2026-10-04 13:16:49 INFO  org.testng.internal.Utils - [Utils] MethodGroupsHelper.collectMethodsByGroup() took 11 ms.
2026-10-04 13:16:49 INFO  org.testng.internal.Utils - [Utils] MethodGroupsHelper.sortMethods() took 21 ms.
2026-10-04 13:16:49 INFO  org.testng.internal.Utils - [Utils] MethodGroupsHelper.collectMethodsByGroup() took 0 ms.
2026-10-04 13:16:49 INFO  org.testng.internal.Utils - [Utils] MethodGroupsHelper.sortMethods() took 0 ms.
2026-10-04 13:16:49 INFO  org.testng.internal.Utils - [Utils] MethodGroupsHelper.collectMethodsByGroup() took 0 ms.
2026-10-04 13:16:49 INFO  org.testng.internal.Utils - [Utils] MethodGroupsHelper.sortMethods() took 0 ms.
2026-10-04 13:16:49 INFO  org.testng.internal.Utils - [Utils] MethodGroupsHelper.collectMethodsByGroup() took 0 ms.
2026-10-04 13:16:49 INFO  org.testng.internal.Utils - [Utils] MethodGroupsHelper.sortMethods() took 0 ms.
2026-10-04 13:16:49 INFO  org.testng.internal.Utils - [Utils] MethodGroupsHelper.collectMethodsByGroup() took 1 ms.
2026-10-04 13:16:49 INFO  org.testng.internal.Utils - [Utils] MethodGroupsHelper.sortMethods() took 1 ms.
2026-10-04 13:16:49 INFO  org.testng.internal.Utils - [Utils] MethodGroupsHelper.collectMethodsByGroup() took 0 ms.
2026-10-04 13:16:49 INFO  org.testng.internal.Utils - [Utils] MethodGroupsHelper.sortMethods() took 0 ms.
2026-10-04 13:16:49 INFO  org.testng.internal.Utils - [Utils] MethodGroupsHelper.collectMethodsByGroup() took 0 ms.
2026-10-04 13:16:49 INFO  org.testng.internal.Utils - [Utils] MethodGroupsHelper.sortMethods() took 0 ms.
2026-10-04 13:16:49 INFO  org.testng.internal.Utils - [TestNG] Running:
  C:\Users\Rahul Kumar\AppData\Local\Temp\testng-eclipse--278337370\testng-customsuite.xml

2026-10-04 13:16:49 INFO  org.testng.internal.Utils - [Utils] DynamicGraphHelper.createDynamicGraph() took 11 ms.
2026-10-04 13:16:49 INFO  tests.LoginTest - ***********Initializing Page Objects***********
2026-10-04 13:16:49 INFO  library.Base - ***********LAUNCHING EDGE BROWSER***********
2026-10-04 13:17:05 INFO  pages.LoginPage - ****Initiating LoginPage********
2026-10-04 13:17:05 INFO  tests.LoginTest - *******Initiating loginFailedTest********
2026-10-04 13:17:05 INFO  tests.LoginTest - **********Sending Invalid Username-Password to LoginPage*************
2026-10-04 13:17:05 INFO  pages.LoginPage - ******Logging into app****
2026-10-04 13:17:05 INFO  pages.LoginPage - ****Entering Username********
2026-10-04 13:17:05 INFO  pages.LoginPage - ******Checking Presence of Username Field******
2026-10-04 13:17:06 INFO  pages.LoginPage - ******Sending Username******
2026-10-04 13:17:06 INFO  pages.LoginPage - ****Entering Password********
2026-10-04 13:17:06 INFO  pages.LoginPage - ******Checking Visibility of Password Field******
2026-10-04 13:17:06 INFO  pages.LoginPage - ******Sending Password******
2026-10-04 13:17:07 INFO  pages.LoginPage - ****Clicking on Login Button********
2026-10-04 13:17:07 INFO  pages.LoginPage - ******Checking Clickability of Login Button******
2026-10-04 13:17:07 INFO  pages.LoginPage - ******Clicking on Login Button******
2026-10-04 13:17:10 INFO  tests.LoginTest - **********Verifying Login Error Message*************
2026-10-04 13:17:10 INFO  pages.LoginPage - ******Checking Visibility of Login Credential Error Message****
2026-10-04 13:17:30 ERROR tests.LoginTest - loginFailedTest Failed : TimeoutException FOUND => Expected condition failed: waiting for visibility of Proxy element for: DefaultElementLocator 'By.xpath: //p[normalize-space()='Invalid credentials']'
2026-10-04 13:17:30 INFO  org.testng.internal.Utils - [TestNG] Time taken by org.testng.reporters.jq.Main@78de58ea: 197 ms
2026-10-04 13:17:30 INFO  org.testng.internal.Utils - [TestNG] Time taken by org.testng.reporters.FailedReporter@69c93ca4: 3 ms
2026-10-04 13:17:30 INFO  org.testng.internal.Utils - [TestNG] Time taken by org.testng.reporters.XMLReporter@6dd91637: 20 ms
2026-10-04 13:17:30 INFO  org.testng.internal.Utils - [TestNG] Time taken by org.testng.reporters.EmailableReporter2@c81fd12: 19 ms
2026-10-04 13:17:30 INFO  org.testng.internal.Utils - [TestNG] Time taken by org.testng.reporters.JUnitReportReporter@47d7bfb3: 14 ms
2026-10-04 13:17:30 INFO  org.testng.internal.Utils - [TestNG] Time taken by org.testng.internal.ExitCodeListener@770b3be0: 0 ms
2026-10-04 13:20:33 INFO  org.testng.internal.Utils - [Utils] MethodGroupsHelper.collectMethodsByGroup() took 1 ms.
2026-10-04 13:20:34 INFO  org.testng.internal.Utils - [Utils] MethodGroupsHelper.sortMethods() took 2 ms.
2026-10-04 13:20:34 INFO  org.testng.internal.Utils - [Utils] MethodGroupsHelper.collectMethodsByGroup() took 0 ms.
2026-10-04 13:20:34 INFO  org.testng.internal.Utils - [Utils] MethodGroupsHelper.sortMethods() took 0 ms.
2026-10-04 13:20:34 INFO  org.testng.internal.Utils - [Utils] MethodGroupsHelper.collectMethodsByGroup() took 0 ms.
2026-10-04 13:20:34 INFO  org.testng.internal.Utils - [Utils] MethodGroupsHelper.sortMethods() took 0 ms.
2026-10-04 13:20:34 INFO  org.testng.internal.Utils - [Utils] MethodGroupsHelper.collectMethodsByGroup() took 0 ms.
2026-10-04 13:20:34 INFO  org.testng.internal.Utils - [Utils] MethodGroupsHelper.sortMethods() took 0 ms.
2026-10-04 13:20:34 INFO  org.testng.internal.Utils - [Utils] MethodGroupsHelper.collectMethodsByGroup() took 0 ms.
2026-10-04 13:20:34 INFO  org.testng.internal.Utils - [Utils] MethodGroupsHelper.sortMethods() took 0 ms.
2026-10-04 13:20:34 INFO  org.testng.internal.Utils - [Utils] MethodGroupsHelper.collectMethodsByGroup() took 0 ms.
2026-10-04 13:20:34 INFO  org.testng.internal.Utils - [Utils] MethodGroupsHelper.sortMethods() took 0 ms.
2026-10-04 13:20:34 INFO  org.testng.internal.Utils - [Utils] MethodGroupsHelper.collectMethodsByGroup() took 0 ms.
2026-10-04 13:20:34 INFO  org.testng.internal.Utils - [Utils] MethodGroupsHelper.sortMethods() took 0 ms.
2026-10-04 13:20:34 INFO  org.testng.internal.Utils - [Utils] MethodGroupsHelper.collectMethodsByGroup() took 0 ms.
2026-10-04 13:20:34 INFO  org.testng.internal.Utils - [Utils] MethodGroupsHelper.sortMethods() took 0 ms.
2026-10-04 13:20:34 INFO  org.testng.internal.Utils - [Utils] MethodGroupsHelper.collectMethodsByGroup() took 9 ms.
2026-10-04 13:20:34 INFO  org.testng.internal.Utils - [Utils] MethodGroupsHelper.sortMethods() took 17 ms.
2026-10-04 13:20:34 INFO  org.testng.internal.Utils - [Utils] MethodGroupsHelper.collectMethodsByGroup() took 0 ms.
2026-10-04 13:20:34 INFO  org.testng.internal.Utils - [Utils] MethodGroupsHelper.sortMethods() took 0 ms.
2026-10-04 13:20:34 INFO  org.testng.internal.Utils - [Utils] MethodGroupsHelper.collectMethodsByGroup() took 0 ms.
2026-10-04 13:20:34 INFO  org.testng.internal.Utils - [Utils] MethodGroupsHelper.sortMethods() took 0 ms.
2026-10-04 13:20:34 INFO  org.testng.internal.Utils - [Utils] MethodGroupsHelper.collectMethodsByGroup() took 0 ms.
2026-10-04 13:20:34 INFO  org.testng.internal.Utils - [Utils] MethodGroupsHelper.sortMethods() took 0 ms.
2026-10-04 13:20:34 INFO  org.testng.internal.Utils - [Utils] MethodGroupsHelper.collectMethodsByGroup() took 1 ms.
2026-10-04 13:20:34 INFO  org.testng.internal.Utils - [Utils] MethodGroupsHelper.sortMethods() took 0 ms.
2026-10-04 13:20:34 INFO  org.testng.internal.Utils - [Utils] MethodGroupsHelper.collectMethodsByGroup() took 0 ms.
2026-10-04 13:20:34 INFO  org.testng.internal.Utils - [Utils] MethodGroupsHelper.sortMethods() took 0 ms.
2026-10-04 13:20:34 INFO  org.testng.internal.Utils - [Utils] MethodGroupsHelper.collectMethodsByGroup() took 0 ms.
2026-10-04 13:20:34 INFO  org.testng.internal.Utils - [Utils] MethodGroupsHelper.sortMethods() took 0 ms.
2026-10-04 13:20:34 INFO  org.testng.internal.Utils - [TestNG] Running:
  C:\Users\Rahul Kumar\AppData\Local\Temp\testng-eclipse-1821727751\testng-customsuite.xml

2026-10-04 13:20:34 INFO  org.testng.internal.Utils - [Utils] DynamicGraphHelper.createDynamicGraph() took 8 ms.
2026-10-04 13:20:34 INFO  tests.LoginTest - ***********Initializing Page Objects***********
2026-10-04 13:20:34 INFO  library.Base - ***********LAUNCHING EDGE BROWSER***********
2026-10-04 13:20:44 INFO  pages.LoginPage - ****Initiating LoginPage********
2026-10-04 13:20:44 INFO  tests.LoginTest - *******Initiating loginFailedTest********
2026-10-04 13:20:44 INFO  tests.LoginTest - **********Sending Invalid Username-Password to LoginPage*************
2026-10-04 13:20:44 INFO  pages.LoginPage - ******Logging into app****
2026-10-04 13:20:44 INFO  pages.LoginPage - ****Entering Username********
2026-10-04 13:20:44 INFO  pages.LoginPage - ******Checking Presence of Username Field******
2026-10-04 13:20:45 INFO  pages.LoginPage - ******Sending Username******
2026-10-04 13:20:45 INFO  pages.LoginPage - ****Entering Password********
2026-10-04 13:20:45 INFO  pages.LoginPage - ******Checking Visibility of Password Field******
2026-10-04 13:20:45 INFO  pages.LoginPage - ******Sending Password******
2026-10-04 13:20:45 INFO  pages.LoginPage - ****Clicking on Login Button********
2026-10-04 13:20:45 INFO  pages.LoginPage - ******Checking Clickability of Login Button******
2026-10-04 13:20:45 INFO  pages.LoginPage - ******Clicking on Login Button******
2026-10-04 13:20:46 INFO  tests.LoginTest - **********Verifying Login Error Message*************
2026-10-04 13:20:46 INFO  pages.LoginPage - ******Checking Visibility of Login Credential Error Message****
2026-10-04 13:21:07 ERROR tests.LoginTest - loginFailedTest Failed : TimeoutException FOUND => Expected condition failed: waiting for visibility of Proxy element for: DefaultElementLocator 'By.xpath: //p[normalize-space()='Invalid credentials']'
2026-10-04 13:21:07 INFO  org.testng.internal.Utils - [TestNG] Time taken by org.testng.reporters.jq.Main@60e5272: 221 ms
2026-10-04 13:21:07 INFO  org.testng.internal.Utils - [TestNG] Time taken by org.testng.reporters.FailedReporter@63da207f: 0 ms
2026-10-04 13:21:07 INFO  org.testng.internal.Utils - [TestNG] Time taken by org.testng.reporters.XMLReporter@45792847: 22 ms
2026-10-04 13:21:07 INFO  org.testng.internal.Utils - [TestNG] Time taken by org.testng.reporters.EmailableReporter2@62e6a3ec: 19 ms
2026-10-04 13:21:07 INFO  org.testng.internal.Utils - [TestNG] Time taken by org.testng.reporters.JUnitReportReporter@770b3be0: 16 ms
2026-10-04 13:21:07 INFO  org.testng.internal.Utils - [TestNG] Time taken by org.testng.internal.ExitCodeListener@1eb6e1c: 0 ms
2026-10-04 13:28:02 INFO  org.testng.internal.Utils - [Utils] MethodGroupsHelper.collectMethodsByGroup() took 1 ms.
2026-10-04 13:28:02 INFO  org.testng.internal.Utils - [Utils] MethodGroupsHelper.sortMethods() took 2 ms.
2026-10-04 13:28:02 INFO  org.testng.internal.Utils - [Utils] MethodGroupsHelper.collectMethodsByGroup() took 0 ms.
2026-10-04 13:28:02 INFO  org.testng.internal.Utils - [Utils] MethodGroupsHelper.sortMethods() took 0 ms.
2026-10-04 13:28:02 INFO  org.testng.internal.Utils - [Utils] MethodGroupsHelper.collectMethodsByGroup() took 0 ms.
2026-10-04 13:28:02 INFO  org.testng.internal.Utils - [Utils] MethodGroupsHelper.sortMethods() took 0 ms.
2026-10-04 13:28:02 INFO  org.testng.internal.Utils - [Utils] MethodGroupsHelper.collectMethodsByGroup() took 0 ms.
2026-10-04 13:28:02 INFO  org.testng.internal.Utils - [Utils] MethodGroupsHelper.sortMethods() took 0 ms.
2026-10-04 13:28:02 INFO  org.testng.internal.Utils - [Utils] MethodGroupsHelper.collectMethodsByGroup() took 0 ms.
2026-10-04 13:28:02 INFO  org.testng.internal.Utils - [Utils] MethodGroupsHelper.sortMethods() took 0 ms.
2026-10-04 13:28:02 INFO  org.testng.internal.Utils - [Utils] MethodGroupsHelper.collectMethodsByGroup() took 0 ms.
2026-10-04 13:28:02 INFO  org.testng.internal.Utils - [Utils] MethodGroupsHelper.sortMethods() took 0 ms.
2026-10-04 13:28:02 INFO  org.testng.internal.Utils - [Utils] MethodGroupsHelper.collectMethodsByGroup() took 0 ms.
2026-10-04 13:28:02 INFO  org.testng.internal.Utils - [Utils] MethodGroupsHelper.sortMethods() took 0 ms.
2026-10-04 13:28:02 INFO  org.testng.internal.Utils - [Utils] MethodGroupsHelper.collectMethodsByGroup() took 0 ms.
2026-10-04 13:28:02 INFO  org.testng.internal.Utils - [Utils] MethodGroupsHelper.sortMethods() took 0 ms.
2026-10-04 13:28:02 INFO  org.testng.internal.Utils - [Utils] MethodGroupsHelper.collectMethodsByGroup() took 7 ms.
2026-10-04 13:28:02 INFO  org.testng.internal.Utils - [Utils] MethodGroupsHelper.sortMethods() took 14 ms.
2026-10-04 13:28:02 INFO  org.testng.internal.Utils - [Utils] MethodGroupsHelper.collectMethodsByGroup() took 0 ms.
2026-10-04 13:28:02 INFO  org.testng.internal.Utils - [Utils] MethodGroupsHelper.sortMethods() took 0 ms.
2026-10-04 13:28:02 INFO  org.testng.internal.Utils - [Utils] MethodGroupsHelper.collectMethodsByGroup() took 0 ms.
2026-10-04 13:28:02 INFO  org.testng.internal.Utils - [Utils] MethodGroupsHelper.sortMethods() took 0 ms.
2026-10-04 13:28:02 INFO  org.testng.internal.Utils - [Utils] MethodGroupsHelper.collectMethodsByGroup() took 0 ms.
2026-10-04 13:28:02 INFO  org.testng.internal.Utils - [Utils] MethodGroupsHelper.sortMethods() took 0 ms.
2026-10-04 13:28:02 INFO  org.testng.internal.Utils - [Utils] MethodGroupsHelper.collectMethodsByGroup() took 1 ms.
2026-10-04 13:28:02 INFO  org.testng.internal.Utils - [Utils] MethodGroupsHelper.sortMethods() took 0 ms.
2026-10-04 13:28:02 INFO  org.testng.internal.Utils - [Utils] MethodGroupsHelper.collectMethodsByGroup() took 0 ms.
2026-10-04 13:28:02 INFO  org.testng.internal.Utils - [Utils] MethodGroupsHelper.sortMethods() took 0 ms.
2026-10-04 13:28:02 INFO  org.testng.internal.Utils - [Utils] MethodGroupsHelper.collectMethodsByGroup() took 0 ms.
2026-10-04 13:28:02 INFO  org.testng.internal.Utils - [Utils] MethodGroupsHelper.sortMethods() took 0 ms.
2026-10-04 13:28:02 INFO  org.testng.internal.Utils - [TestNG] Running:
  C:\Users\Rahul Kumar\AppData\Local\Temp\testng-eclipse-752202430\testng-customsuite.xml

2026-10-04 13:28:02 INFO  org.testng.internal.Utils - [Utils] DynamicGraphHelper.createDynamicGraph() took 7 ms.
2026-10-04 13:28:02 INFO  tests.LoginTest - ***********Initializing Page Objects***********
2026-10-04 13:28:02 INFO  library.Base - ***********LAUNCHING EDGE BROWSER***********
2026-10-04 13:28:14 INFO  pages.LoginPage - ****Initiating LoginPage********
2026-10-04 13:28:14 INFO  tests.LoginTest - *******Initiating loginFailedTest********
2026-10-04 13:28:14 INFO  tests.LoginTest - **********Sending Invalid Username-Password to LoginPage*************
2026-10-04 13:28:14 INFO  pages.LoginPage - ******Logging into app****
2026-10-04 13:28:14 INFO  pages.LoginPage - ****Entering Username********
2026-10-04 13:28:14 INFO  pages.LoginPage - ******Checking Presence of Username Field******
2026-10-04 13:28:15 INFO  pages.LoginPage - ******Sending Username******
2026-10-04 13:28:15 INFO  pages.LoginPage - ****Entering Password********
2026-10-04 13:28:15 INFO  pages.LoginPage - ******Checking Visibility of Password Field******
2026-10-04 13:28:15 INFO  pages.LoginPage - ******Sending Password******
2026-10-04 13:28:16 INFO  pages.LoginPage - ****Clicking on Login Button********
2026-10-04 13:28:16 INFO  pages.LoginPage - ******Checking Clickability of Login Button******
2026-10-04 13:28:16 INFO  pages.LoginPage - ******Clicking on Login Button******
2026-10-04 13:28:21 INFO  tests.LoginTest - **********Verifying Login Error Message*************
2026-10-04 13:28:21 INFO  pages.LoginPage - ******Checking Visibility of Login Credential Error Message****
2026-10-04 13:28:41 ERROR tests.LoginTest - loginFailedTest Failed : TimeoutException FOUND => Expected condition failed: waiting for visibility of Proxy element for: DefaultElementLocator 'By.xpath: //p[normalize-space()='Invalid credentials']'
2026-10-04 13:28:42 INFO  org.testng.internal.Utils - [TestNG] Time taken by org.testng.reporters.jq.Main@46d8f407: 103 ms
2026-10-04 13:28:42 INFO  org.testng.internal.Utils - [TestNG] Time taken by org.testng.reporters.FailedReporter@5cd61783: 22 ms
2026-10-04 13:28:42 INFO  org.testng.internal.Utils - [TestNG] Time taken by org.testng.reporters.XMLReporter@15fdd1f2: 17 ms
2026-10-04 13:28:42 INFO  org.testng.internal.Utils - [TestNG] Time taken by org.testng.reporters.EmailableReporter2@57adfab0: 12 ms
2026-10-04 13:28:42 INFO  org.testng.internal.Utils - [TestNG] Time taken by org.testng.reporters.JUnitReportReporter@48c3205a: 19 ms
2026-10-04 13:28:42 INFO  org.testng.internal.Utils - [TestNG] Time taken by org.testng.internal.ExitCodeListener@121c54fa: 0 ms
2026-10-04 13:29:52 INFO  org.testng.internal.Utils - [Utils] MethodGroupsHelper.collectMethodsByGroup() took 1 ms.
2026-10-04 13:29:52 INFO  org.testng.internal.Utils - [Utils] MethodGroupsHelper.sortMethods() took 2 ms.
2026-10-04 13:29:52 INFO  org.testng.internal.Utils - [Utils] MethodGroupsHelper.collectMethodsByGroup() took 0 ms.
2026-10-04 13:29:52 INFO  org.testng.internal.Utils - [Utils] MethodGroupsHelper.sortMethods() took 0 ms.
2026-10-04 13:29:52 INFO  org.testng.internal.Utils - [Utils] MethodGroupsHelper.collectMethodsByGroup() took 0 ms.
2026-10-04 13:29:52 INFO  org.testng.internal.Utils - [Utils] MethodGroupsHelper.sortMethods() took 0 ms.
2026-10-04 13:29:52 INFO  org.testng.internal.Utils - [Utils] MethodGroupsHelper.collectMethodsByGroup() took 0 ms.
2026-10-04 13:29:52 INFO  org.testng.internal.Utils - [Utils] MethodGroupsHelper.sortMethods() took 0 ms.
2026-10-04 13:29:52 INFO  org.testng.internal.Utils - [Utils] MethodGroupsHelper.collectMethodsByGroup() took 0 ms.
2026-10-04 13:29:52 INFO  org.testng.internal.Utils - [Utils] MethodGroupsHelper.sortMethods() took 0 ms.
2026-10-04 13:29:52 INFO  org.testng.internal.Utils - [Utils] MethodGroupsHelper.collectMethodsByGroup() took 0 ms.
2026-10-04 13:29:52 INFO  org.testng.internal.Utils - [Utils] MethodGroupsHelper.sortMethods() took 0 ms.
2026-10-04 13:29:52 INFO  org.testng.internal.Utils - [Utils] MethodGroupsHelper.collectMethodsByGroup() took 0 ms.
2026-10-04 13:29:52 INFO  org.testng.internal.Utils - [Utils] MethodGroupsHelper.sortMethods() took 0 ms.
2026-10-04 13:29:52 INFO  org.testng.internal.Utils - [Utils] MethodGroupsHelper.collectMethodsByGroup() took 0 ms.
2026-10-04 13:29:52 INFO  org.testng.internal.Utils - [Utils] MethodGroupsHelper.sortMethods() took 1 ms.
2026-10-04 13:29:52 INFO  org.testng.internal.Utils - [Utils] MethodGroupsHelper.collectMethodsByGroup() took 10 ms.
2026-10-04 13:29:52 INFO  org.testng.internal.Utils - [Utils] MethodGroupsHelper.sortMethods() took 19 ms.
2026-10-04 13:29:52 INFO  org.testng.internal.Utils - [Utils] MethodGroupsHelper.collectMethodsByGroup() took 1 ms.
2026-10-04 13:29:52 INFO  org.testng.internal.Utils - [Utils] MethodGroupsHelper.sortMethods() took 1 ms.
2026-10-04 13:29:52 INFO  org.testng.internal.Utils - [Utils] MethodGroupsHelper.collectMethodsByGroup() took 0 ms.
2026-10-04 13:29:52 INFO  org.testng.internal.Utils - [Utils] MethodGroupsHelper.sortMethods() took 0 ms.
2026-10-04 13:29:52 INFO  org.testng.internal.Utils - [Utils] MethodGroupsHelper.collectMethodsByGroup() took 0 ms.
2026-10-04 13:29:52 INFO  org.testng.internal.Utils - [Utils] MethodGroupsHelper.sortMethods() took 0 ms.
2026-10-04 13:29:52 INFO  org.testng.internal.Utils - [Utils] MethodGroupsHelper.collectMethodsByGroup() took 0 ms.
2026-10-04 13:29:52 INFO  org.testng.internal.Utils - [Utils] MethodGroupsHelper.sortMethods() took 1 ms.
2026-10-04 13:29:52 INFO  org.testng.internal.Utils - [Utils] MethodGroupsHelper.collectMethodsByGroup() took 0 ms.
2026-10-04 13:29:52 INFO  org.testng.internal.Utils - [Utils] MethodGroupsHelper.sortMethods() took 0 ms.
2026-10-04 13:29:52 INFO  org.testng.internal.Utils - [Utils] MethodGroupsHelper.collectMethodsByGroup() took 0 ms.
2026-10-04 13:29:52 INFO  org.testng.internal.Utils - [Utils] MethodGroupsHelper.sortMethods() took 0 ms.
2026-10-04 13:29:52 INFO  org.testng.internal.Utils - [TestNG] Running:
  C:\Users\Rahul Kumar\AppData\Local\Temp\testng-eclipse-455312552\testng-customsuite.xml

2026-10-04 13:29:52 INFO  org.testng.internal.Utils - [Utils] DynamicGraphHelper.createDynamicGraph() took 7 ms.
2026-10-04 13:29:52 INFO  tests.LoginTest - ***********Initializing Page Objects***********
2026-10-04 13:29:52 INFO  library.Base - ***********LAUNCHING EDGE BROWSER***********
2026-10-04 13:30:17 INFO  pages.LoginPage - ****Initiating LoginPage********
2026-10-04 13:30:17 INFO  tests.LoginTest - *******Initiating loginFailedTest********
2026-10-04 13:30:17 INFO  tests.LoginTest - **********Sending Invalid Username-Password to LoginPage*************
2026-10-04 13:30:17 INFO  pages.LoginPage - ******Logging into app****
2026-10-04 13:30:17 INFO  pages.LoginPage - ****Entering Username********
2026-10-04 13:30:17 INFO  pages.LoginPage - ******Checking Presence of Username Field******
2026-10-04 13:30:18 INFO  pages.LoginPage - ******Sending Username******
2026-10-04 13:30:18 INFO  pages.LoginPage - ****Entering Password********
2026-10-04 13:30:18 INFO  pages.LoginPage - ******Checking Visibility of Password Field******
2026-10-04 13:30:18 INFO  pages.LoginPage - ******Sending Password******
2026-10-04 13:30:18 INFO  pages.LoginPage - ****Clicking on Login Button********
2026-10-04 13:30:18 INFO  pages.LoginPage - ******Checking Clickability of Login Button******
2026-10-04 13:30:18 INFO  pages.LoginPage - ******Clicking on Login Button******
2026-10-04 13:30:20 INFO  tests.LoginTest - **********Verifying Login Error Message*************
2026-10-04 13:30:20 INFO  pages.LoginPage - ******Checking Visibility of Login Credential Error Message****
2026-10-04 13:30:22 INFO  org.testng.internal.Utils - [TestNG] Time taken by org.testng.reporters.jq.Main@693e4d19: 187 ms
2026-10-04 13:30:22 INFO  org.testng.internal.Utils - [TestNG] Time taken by org.testng.reporters.FailedReporter@6ce90bc5: 24 ms
2026-10-04 13:30:22 INFO  org.testng.internal.Utils - [TestNG] Time taken by org.testng.reporters.XMLReporter@34cf5a97: 13 ms
2026-10-04 13:30:22 INFO  org.testng.internal.Utils - [TestNG] Time taken by org.testng.reporters.EmailableReporter2@69cac930: 10 ms
2026-10-04 13:30:22 INFO  org.testng.internal.Utils - [TestNG] Time taken by org.testng.reporters.JUnitReportReporter@4e868ef5: 10 ms
2026-10-04 13:30:22 INFO  org.testng.internal.Utils - [TestNG] Time taken by org.testng.internal.ExitCodeListener@71c905a3: 0 ms
2026-10-04 13:30:46 INFO  org.testng.internal.Utils - [Utils] MethodGroupsHelper.collectMethodsByGroup() took 1 ms.
2026-10-04 13:30:46 INFO  org.testng.internal.Utils - [Utils] MethodGroupsHelper.sortMethods() took 2 ms.
2026-10-04 13:30:46 INFO  org.testng.internal.Utils - [Utils] MethodGroupsHelper.collectMethodsByGroup() took 0 ms.
2026-10-04 13:30:46 INFO  org.testng.internal.Utils - [Utils] MethodGroupsHelper.sortMethods() took 0 ms.
2026-10-04 13:30:46 INFO  org.testng.internal.Utils - [Utils] MethodGroupsHelper.collectMethodsByGroup() took 0 ms.
2026-10-04 13:30:46 INFO  org.testng.internal.Utils - [Utils] MethodGroupsHelper.sortMethods() took 0 ms.
2026-10-04 13:30:46 INFO  org.testng.internal.Utils - [Utils] MethodGroupsHelper.collectMethodsByGroup() took 0 ms.
2026-10-04 13:30:46 INFO  org.testng.internal.Utils - [Utils] MethodGroupsHelper.sortMethods() took 0 ms.
2026-10-04 13:30:46 INFO  org.testng.internal.Utils - [Utils] MethodGroupsHelper.collectMethodsByGroup() took 0 ms.
2026-10-04 13:30:46 INFO  org.testng.internal.Utils - [Utils] MethodGroupsHelper.sortMethods() took 0 ms.
2026-10-04 13:30:46 INFO  org.testng.internal.Utils - [Utils] MethodGroupsHelper.collectMethodsByGroup() took 0 ms.
2026-10-04 13:30:46 INFO  org.testng.internal.Utils - [Utils] MethodGroupsHelper.sortMethods() took 0 ms.
2026-10-04 13:30:46 INFO  org.testng.internal.Utils - [Utils] MethodGroupsHelper.collectMethodsByGroup() took 0 ms.
2026-10-04 13:30:46 INFO  org.testng.internal.Utils - [Utils] MethodGroupsHelper.sortMethods() took 0 ms.
2026-10-04 13:30:46 INFO  org.testng.internal.Utils - [Utils] MethodGroupsHelper.collectMethodsByGroup() took 0 ms.
2026-10-04 13:30:46 INFO  org.testng.internal.Utils - [Utils] MethodGroupsHelper.sortMethods() took 0 ms.
2026-10-04 13:30:46 INFO  org.testng.internal.Utils - [Utils] MethodGroupsHelper.collectMethodsByGroup() took 9 ms.
2026-10-04 13:30:46 INFO  org.testng.internal.Utils - [Utils] MethodGroupsHelper.sortMethods() took 12 ms.
2026-10-04 13:30:46 INFO  org.testng.internal.Utils - [Utils] MethodGroupsHelper.collectMethodsByGroup() took 0 ms.
2026-10-04 13:30:46 INFO  org.testng.internal.Utils - [Utils] MethodGroupsHelper.sortMethods() took 0 ms.
2026-10-04 13:30:46 INFO  org.testng.internal.Utils - [Utils] MethodGroupsHelper.collectMethodsByGroup() took 0 ms.
2026-10-04 13:30:46 INFO  org.testng.internal.Utils - [Utils] MethodGroupsHelper.sortMethods() took 0 ms.
2026-10-04 13:30:46 INFO  org.testng.internal.Utils - [Utils] MethodGroupsHelper.collectMethodsByGroup() took 0 ms.
2026-10-04 13:30:46 INFO  org.testng.internal.Utils - [Utils] MethodGroupsHelper.sortMethods() took 0 ms.
2026-10-04 13:30:46 INFO  org.testng.internal.Utils - [Utils] MethodGroupsHelper.collectMethodsByGroup() took 1 ms.
2026-10-04 13:30:46 INFO  org.testng.internal.Utils - [Utils] MethodGroupsHelper.sortMethods() took 1 ms.
2026-10-04 13:30:46 INFO  org.testng.internal.Utils - [Utils] MethodGroupsHelper.collectMethodsByGroup() took 0 ms.
2026-10-04 13:30:46 INFO  org.testng.internal.Utils - [Utils] MethodGroupsHelper.sortMethods() took 0 ms.
2026-10-04 13:30:46 INFO  org.testng.internal.Utils - [Utils] MethodGroupsHelper.collectMethodsByGroup() took 0 ms.
2026-10-04 13:30:46 INFO  org.testng.internal.Utils - [Utils] MethodGroupsHelper.sortMethods() took 0 ms.
2026-10-04 13:30:46 INFO  org.testng.internal.Utils - [TestNG] Running:
  C:\Users\Rahul Kumar\AppData\Local\Temp\testng-eclipse--154068409\testng-customsuite.xml

2026-10-04 13:30:46 INFO  org.testng.internal.Utils - [Utils] DynamicGraphHelper.createDynamicGraph() took 5 ms.
2026-10-04 13:30:46 INFO  tests.LoginTest - ***********Initializing Page Objects***********
2026-10-04 13:30:46 INFO  library.Base - ***********LAUNCHING EDGE BROWSER***********
2026-10-04 13:30:59 INFO  pages.LoginPage - ****Initiating LoginPage********
2026-10-04 13:30:59 INFO  tests.LoginTest - *******Initiating loginFailedTest********
2026-10-04 13:30:59 INFO  tests.LoginTest - **********Sending Invalid Username-Password to LoginPage*************
2026-10-04 13:30:59 INFO  pages.LoginPage - ******Logging into app****
2026-10-04 13:30:59 INFO  pages.LoginPage - ****Entering Username********
2026-10-04 13:30:59 INFO  pages.LoginPage - ******Checking Presence of Username Field******
2026-10-04 13:31:00 INFO  pages.LoginPage - ******Sending Username******
2026-10-04 13:31:00 INFO  pages.LoginPage - ****Entering Password********
2026-10-04 13:31:00 INFO  pages.LoginPage - ******Checking Visibility of Password Field******
2026-10-04 13:31:00 INFO  pages.LoginPage - ******Sending Password******
2026-10-04 13:31:00 INFO  pages.LoginPage - ****Clicking on Login Button********
2026-10-04 13:31:00 INFO  pages.LoginPage - ******Checking Clickability of Login Button******
2026-10-04 13:31:00 INFO  pages.LoginPage - ******Clicking on Login Button******
2026-10-04 13:31:02 INFO  tests.LoginTest - **********Verifying Login Error Message*************
2026-10-04 13:31:02 INFO  pages.LoginPage - ******Checking Visibility of Login Credential Error Message****
2026-10-04 13:31:03 INFO  org.testng.internal.Utils - [TestNG] Time taken by org.testng.reporters.jq.Main@693e4d19: 183 ms
2026-10-04 13:31:03 INFO  org.testng.internal.Utils - [TestNG] Time taken by org.testng.reporters.FailedReporter@6ce90bc5: 23 ms
2026-10-04 13:31:03 INFO  org.testng.internal.Utils - [TestNG] Time taken by org.testng.reporters.XMLReporter@34cf5a97: 11 ms
2026-10-04 13:31:03 INFO  org.testng.internal.Utils - [TestNG] Time taken by org.testng.reporters.EmailableReporter2@69cac930: 10 ms
2026-10-04 13:31:03 INFO  org.testng.internal.Utils - [TestNG] Time taken by org.testng.reporters.JUnitReportReporter@4e868ef5: 11 ms
2026-10-04 13:31:03 INFO  org.testng.internal.Utils - [TestNG] Time taken by org.testng.internal.ExitCodeListener@71c905a3: 0 ms
2026-10-04 13:41:12 INFO  org.testng.internal.Utils - [Utils] MethodGroupsHelper.collectMethodsByGroup() took 1 ms.
2026-10-04 13:41:13 INFO  org.testng.internal.Utils - [Utils] MethodGroupsHelper.sortMethods() took 2 ms.
2026-10-04 13:41:13 INFO  org.testng.internal.Utils - [Utils] MethodGroupsHelper.collectMethodsByGroup() took 0 ms.
2026-10-04 13:41:13 INFO  org.testng.internal.Utils - [Utils] MethodGroupsHelper.sortMethods() took 0 ms.
2026-10-04 13:41:13 INFO  org.testng.internal.Utils - [Utils] MethodGroupsHelper.collectMethodsByGroup() took 0 ms.
2026-10-04 13:41:13 INFO  org.testng.internal.Utils - [Utils] MethodGroupsHelper.sortMethods() took 0 ms.
2026-10-04 13:41:13 INFO  org.testng.internal.Utils - [Utils] MethodGroupsHelper.collectMethodsByGroup() took 0 ms.
2026-10-04 13:41:13 INFO  org.testng.internal.Utils - [Utils] MethodGroupsHelper.sortMethods() took 0 ms.
2026-10-04 13:41:13 INFO  org.testng.internal.Utils - [Utils] MethodGroupsHelper.collectMethodsByGroup() took 0 ms.
2026-10-04 13:41:13 INFO  org.testng.internal.Utils - [Utils] MethodGroupsHelper.sortMethods() took 0 ms.
2026-10-04 13:41:13 INFO  org.testng.internal.Utils - [Utils] MethodGroupsHelper.collectMethodsByGroup() took 0 ms.
2026-10-04 13:41:13 INFO  org.testng.internal.Utils - [Utils] MethodGroupsHelper.sortMethods() took 0 ms.
2026-10-04 13:41:13 INFO  org.testng.internal.Utils - [Utils] MethodGroupsHelper.collectMethodsByGroup() took 0 ms.
2026-10-04 13:41:13 INFO  org.testng.internal.Utils - [Utils] MethodGroupsHelper.sortMethods() took 0 ms.
2026-10-04 13:41:13 INFO  org.testng.internal.Utils - [Utils] MethodGroupsHelper.collectMethodsByGroup() took 0 ms.
2026-10-04 13:41:13 INFO  org.testng.internal.Utils - [Utils] MethodGroupsHelper.sortMethods() took 0 ms.
2026-10-04 13:41:13 INFO  org.testng.internal.Utils - [Utils] MethodGroupsHelper.collectMethodsByGroup() took 7 ms.
2026-10-04 13:41:13 INFO  org.testng.internal.Utils - [Utils] MethodGroupsHelper.sortMethods() took 16 ms.
2026-10-04 13:41:13 INFO  org.testng.internal.Utils - [Utils] MethodGroupsHelper.collectMethodsByGroup() took 0 ms.
2026-10-04 13:41:13 INFO  org.testng.internal.Utils - [Utils] MethodGroupsHelper.sortMethods() took 0 ms.
2026-10-04 13:41:13 INFO  org.testng.internal.Utils - [Utils] MethodGroupsHelper.collectMethodsByGroup() took 0 ms.
2026-10-04 13:41:13 INFO  org.testng.internal.Utils - [Utils] MethodGroupsHelper.sortMethods() took 0 ms.
2026-10-04 13:41:13 INFO  org.testng.internal.Utils - [Utils] MethodGroupsHelper.collectMethodsByGroup() took 0 ms.
2026-10-04 13:41:13 INFO  org.testng.internal.Utils - [Utils] MethodGroupsHelper.sortMethods() took 0 ms.
2026-10-04 13:41:13 INFO  org.testng.internal.Utils - [Utils] MethodGroupsHelper.collectMethodsByGroup() took 1 ms.
2026-10-04 13:41:13 INFO  org.testng.internal.Utils - [Utils] MethodGroupsHelper.sortMethods() took 0 ms.
2026-10-04 13:41:13 INFO  org.testng.internal.Utils - [Utils] MethodGroupsHelper.collectMethodsByGroup() took 0 ms.
2026-10-04 13:41:13 INFO  org.testng.internal.Utils - [Utils] MethodGroupsHelper.sortMethods() took 0 ms.
2026-10-04 13:41:13 INFO  org.testng.internal.Utils - [Utils] MethodGroupsHelper.collectMethodsByGroup() took 0 ms.
2026-10-04 13:41:13 INFO  org.testng.internal.Utils - [Utils] MethodGroupsHelper.sortMethods() took 0 ms.
2026-10-04 13:41:13 INFO  org.testng.internal.Utils - [TestNG] Running:
  C:\Users\Rahul Kumar\AppData\Local\Temp\testng-eclipse-2012401218\testng-customsuite.xml

2026-10-04 13:41:13 INFO  org.testng.internal.Utils - [Utils] DynamicGraphHelper.createDynamicGraph() took 6 ms.
2026-10-04 13:41:13 INFO  tests.LoginTest - ***********Initializing Page Objects***********
2026-10-04 13:41:13 INFO  library.Base - ***********LAUNCHING EDGE BROWSER***********
2026-10-04 13:41:16 INFO  org.testng.internal.Utils - [TestNG] Time taken by org.testng.reporters.jq.Main@150d80c4: 147 ms
2026-10-04 13:41:16 INFO  org.testng.internal.Utils - [TestNG] Time taken by org.testng.reporters.FailedReporter@503fbbc6: 23 ms
2026-10-04 13:41:16 INFO  org.testng.internal.Utils - [TestNG] Time taken by org.testng.reporters.XMLReporter@5f233b26: 34 ms
2026-10-04 13:41:16 INFO  org.testng.internal.Utils - [TestNG] Time taken by org.testng.reporters.EmailableReporter2@4287d447: 32 ms
2026-10-04 13:41:16 INFO  org.testng.internal.Utils - [TestNG] Time taken by org.testng.reporters.JUnitReportReporter@36a7abe1: 28 ms
2026-10-04 13:41:16 INFO  org.testng.internal.Utils - [TestNG] Time taken by org.testng.internal.ExitCodeListener@64a896b0: 0 ms
2026-10-04 13:50:45 INFO  org.testng.internal.Utils - [Utils] MethodGroupsHelper.collectMethodsByGroup() took 1 ms.
2026-10-04 13:50:45 INFO  org.testng.internal.Utils - [Utils] MethodGroupsHelper.sortMethods() took 3 ms.
2026-10-04 13:50:45 INFO  org.testng.internal.Utils - [Utils] MethodGroupsHelper.collectMethodsByGroup() took 0 ms.
2026-10-04 13:50:45 INFO  org.testng.internal.Utils - [Utils] MethodGroupsHelper.sortMethods() took 0 ms.
2026-10-04 13:50:45 INFO  org.testng.internal.Utils - [Utils] MethodGroupsHelper.collectMethodsByGroup() took 0 ms.
2026-10-04 13:50:45 INFO  org.testng.internal.Utils - [Utils] MethodGroupsHelper.sortMethods() took 0 ms.
2026-10-04 13:50:45 INFO  org.testng.internal.Utils - [Utils] MethodGroupsHelper.collectMethodsByGroup() took 0 ms.
2026-10-04 13:50:45 INFO  org.testng.internal.Utils - [Utils] MethodGroupsHelper.sortMethods() took 0 ms.
2026-10-04 13:50:45 INFO  org.testng.internal.Utils - [Utils] MethodGroupsHelper.collectMethodsByGroup() took 0 ms.
2026-10-04 13:50:45 INFO  org.testng.internal.Utils - [Utils] MethodGroupsHelper.sortMethods() took 0 ms.
2026-10-04 13:50:45 INFO  org.testng.internal.Utils - [Utils] MethodGroupsHelper.collectMethodsByGroup() took 0 ms.
2026-10-04 13:50:45 INFO  org.testng.internal.Utils - [Utils] MethodGroupsHelper.sortMethods() took 0 ms.
2026-10-04 13:50:45 INFO  org.testng.internal.Utils - [Utils] MethodGroupsHelper.collectMethodsByGroup() took 0 ms.
2026-10-04 13:50:45 INFO  org.testng.internal.Utils - [Utils] MethodGroupsHelper.sortMethods() took 0 ms.
2026-10-04 13:50:45 INFO  org.testng.internal.Utils - [Utils] MethodGroupsHelper.collectMethodsByGroup() took 0 ms.
2026-10-04 13:50:45 INFO  org.testng.internal.Utils - [Utils] MethodGroupsHelper.sortMethods() took 0 ms.
2026-10-04 13:50:45 INFO  org.testng.internal.Utils - [Utils] MethodGroupsHelper.collectMethodsByGroup() took 9 ms.
2026-10-04 13:50:45 INFO  org.testng.internal.Utils - [Utils] MethodGroupsHelper.sortMethods() took 16 ms.
2026-10-04 13:50:45 INFO  org.testng.internal.Utils - [Utils] MethodGroupsHelper.collectMethodsByGroup() took 0 ms.
2026-10-04 13:50:45 INFO  org.testng.internal.Utils - [Utils] MethodGroupsHelper.sortMethods() took 1 ms.
2026-10-04 13:50:45 INFO  org.testng.internal.Utils - [Utils] MethodGroupsHelper.collectMethodsByGroup() took 0 ms.
2026-10-04 13:50:45 INFO  org.testng.internal.Utils - [Utils] MethodGroupsHelper.sortMethods() took 0 ms.
2026-10-04 13:50:45 INFO  org.testng.internal.Utils - [Utils] MethodGroupsHelper.collectMethodsByGroup() took 0 ms.
2026-10-04 13:50:45 INFO  org.testng.internal.Utils - [Utils] MethodGroupsHelper.sortMethods() took 0 ms.
2026-10-04 13:50:45 INFO  org.testng.internal.Utils - [Utils] MethodGroupsHelper.collectMethodsByGroup() took 1 ms.
2026-10-04 13:50:45 INFO  org.testng.internal.Utils - [Utils] MethodGroupsHelper.sortMethods() took 1 ms.
2026-10-04 13:50:45 INFO  org.testng.internal.Utils - [Utils] MethodGroupsHelper.collectMethodsByGroup() took 0 ms.
2026-10-04 13:50:45 INFO  org.testng.internal.Utils - [Utils] MethodGroupsHelper.sortMethods() took 0 ms.
2026-10-04 13:50:45 INFO  org.testng.internal.Utils - [Utils] MethodGroupsHelper.collectMethodsByGroup() took 0 ms.
2026-10-04 13:50:45 INFO  org.testng.internal.Utils - [Utils] MethodGroupsHelper.sortMethods() took 0 ms.
2026-10-04 13:50:45 INFO  org.testng.internal.Utils - [TestNG] Running:
  C:\Users\Rahul Kumar\AppData\Local\Temp\testng-eclipse-944584211\testng-customsuite.xml

2026-10-04 13:50:45 INFO  org.testng.internal.Utils - [Utils] DynamicGraphHelper.createDynamicGraph() took 8 ms.
2026-10-04 13:50:45 INFO  tests.LoginTest - ***********Initializing Page Objects***********
2026-10-04 13:50:45 INFO  library.Base - ***********LAUNCHING EDGE BROWSER***********
2026-10-04 13:50:57 INFO  pages.LoginPage - ****Initiating LoginPage********
2026-10-04 13:50:57 INFO  tests.LoginTest - *******Initiating loginFailedTest********
2026-10-04 13:50:57 INFO  tests.LoginTest - **********Sending Invalid Username-Password to LoginPage*************
2026-10-04 13:50:57 INFO  pages.LoginPage - ******Logging into app****
2026-10-04 13:50:57 INFO  pages.LoginPage - ****Entering Username********
2026-10-04 13:50:57 INFO  pages.LoginPage - ******Checking Presence of Username Field******
2026-10-04 13:50:57 INFO  pages.LoginPage - ******Sending Username******
2026-10-04 13:50:57 INFO  pages.LoginPage - ****Entering Password********
2026-10-04 13:50:57 INFO  pages.LoginPage - ******Checking Visibility of Password Field******
2026-10-04 13:50:58 INFO  pages.LoginPage - ******Sending Password******
2026-10-04 13:50:58 INFO  pages.LoginPage - ****Clicking on Login Button********
2026-10-04 13:50:58 INFO  pages.LoginPage - ******Checking Clickability of Login Button******
2026-10-04 13:50:58 INFO  pages.LoginPage - ******Clicking on Login Button******
2026-10-04 13:50:59 INFO  tests.LoginTest - **********Verifying Login Error Message*************
2026-10-04 13:50:59 INFO  pages.LoginPage - ******Checking Visibility of Login Credential Error Message****
2026-10-04 13:51:01 INFO  org.testng.internal.Utils - [TestNG] Time taken by org.testng.reporters.jq.Main@2c779e5: 132 ms
2026-10-04 13:51:01 INFO  org.testng.internal.Utils - [TestNG] Time taken by org.testng.reporters.FailedReporter@7c211fd0: 28 ms
2026-10-04 13:51:01 INFO  org.testng.internal.Utils - [TestNG] Time taken by org.testng.reporters.XMLReporter@40021799: 21 ms
2026-10-04 13:51:01 INFO  org.testng.internal.Utils - [TestNG] Time taken by org.testng.reporters.EmailableReporter2@71c905a3: 18 ms
2026-10-04 13:51:01 INFO  org.testng.internal.Utils - [TestNG] Time taken by org.testng.reporters.JUnitReportReporter@5c20ffa8: 18 ms
2026-10-04 13:51:01 INFO  org.testng.internal.Utils - [TestNG] Time taken by org.testng.internal.ExitCodeListener@7fedfe27: 0 ms
2026-10-04 13:51:55 INFO  org.testng.internal.Utils - [Utils] MethodGroupsHelper.collectMethodsByGroup() took 1 ms.
2026-10-04 13:51:55 INFO  org.testng.internal.Utils - [Utils] MethodGroupsHelper.sortMethods() took 2 ms.
2026-10-04 13:51:55 INFO  org.testng.internal.Utils - [Utils] MethodGroupsHelper.collectMethodsByGroup() took 0 ms.
2026-10-04 13:51:55 INFO  org.testng.internal.Utils - [Utils] MethodGroupsHelper.sortMethods() took 0 ms.
2026-10-04 13:51:55 INFO  org.testng.internal.Utils - [Utils] MethodGroupsHelper.collectMethodsByGroup() took 0 ms.
2026-10-04 13:51:55 INFO  org.testng.internal.Utils - [Utils] MethodGroupsHelper.sortMethods() took 0 ms.
2026-10-04 13:51:55 INFO  org.testng.internal.Utils - [Utils] MethodGroupsHelper.collectMethodsByGroup() took 0 ms.
2026-10-04 13:51:55 INFO  org.testng.internal.Utils - [Utils] MethodGroupsHelper.sortMethods() took 0 ms.
2026-10-04 13:51:55 INFO  org.testng.internal.Utils - [Utils] MethodGroupsHelper.collectMethodsByGroup() took 0 ms.
2026-10-04 13:51:55 INFO  org.testng.internal.Utils - [Utils] MethodGroupsHelper.sortMethods() took 0 ms.
2026-10-04 13:51:55 INFO  org.testng.internal.Utils - [Utils] MethodGroupsHelper.collectMethodsByGroup() took 0 ms.
2026-10-04 13:51:55 INFO  org.testng.internal.Utils - [Utils] MethodGroupsHelper.sortMethods() took 0 ms.
2026-10-04 13:51:55 INFO  org.testng.internal.Utils - [Utils] MethodGroupsHelper.collectMethodsByGroup() took 0 ms.
2026-10-04 13:51:55 INFO  org.testng.internal.Utils - [Utils] MethodGroupsHelper.sortMethods() took 0 ms.
2026-10-04 13:51:55 INFO  org.testng.internal.Utils - [Utils] MethodGroupsHelper.collectMethodsByGroup() took 0 ms.
2026-10-04 13:51:55 INFO  org.testng.internal.Utils - [Utils] MethodGroupsHelper.sortMethods() took 0 ms.
2026-10-04 13:51:55 INFO  org.testng.internal.Utils - [Utils] MethodGroupsHelper.collectMethodsByGroup() took 7 ms.
2026-10-04 13:51:55 INFO  org.testng.internal.Utils - [Utils] MethodGroupsHelper.sortMethods() took 14 ms.
2026-10-04 13:51:55 INFO  org.testng.internal.Utils - [Utils] MethodGroupsHelper.collectMethodsByGroup() took 0 ms.
2026-10-04 13:51:55 INFO  org.testng.internal.Utils - [Utils] MethodGroupsHelper.sortMethods() took 1 ms.
2026-10-04 13:51:55 INFO  org.testng.internal.Utils - [Utils] MethodGroupsHelper.collectMethodsByGroup() took 0 ms.
2026-10-04 13:51:55 INFO  org.testng.internal.Utils - [Utils] MethodGroupsHelper.sortMethods() took 0 ms.
2026-10-04 13:51:55 INFO  org.testng.internal.Utils - [Utils] MethodGroupsHelper.collectMethodsByGroup() took 0 ms.
2026-10-04 13:51:55 INFO  org.testng.internal.Utils - [Utils] MethodGroupsHelper.sortMethods() took 0 ms.
2026-10-04 13:51:55 INFO  org.testng.internal.Utils - [Utils] MethodGroupsHelper.collectMethodsByGroup() took 0 ms.
2026-10-04 13:51:55 INFO  org.testng.internal.Utils - [Utils] MethodGroupsHelper.sortMethods() took 0 ms.
2026-10-04 13:51:55 INFO  org.testng.internal.Utils - [Utils] MethodGroupsHelper.collectMethodsByGroup() took 0 ms.
2026-10-04 13:51:55 INFO  org.testng.internal.Utils - [Utils] MethodGroupsHelper.sortMethods() took 0 ms.
2026-10-04 13:51:55 INFO  org.testng.internal.Utils - [Utils] MethodGroupsHelper.collectMethodsByGroup() took 0 ms.
2026-10-04 13:51:55 INFO  org.testng.internal.Utils - [Utils] MethodGroupsHelper.sortMethods() took 0 ms.
2026-10-04 13:51:55 INFO  org.testng.internal.Utils - [TestNG] Running:
  C:\Users\Rahul Kumar\AppData\Local\Temp\testng-eclipse-1815179027\testng-customsuite.xml

2026-10-04 13:51:55 INFO  org.testng.internal.Utils - [Utils] DynamicGraphHelper.createDynamicGraph() took 6 ms.
2026-10-04 13:51:55 INFO  tests.LoginTest - ***********Initializing Page Objects***********
2026-10-04 13:51:55 INFO  library.Base - ***********LAUNCHING EDGE BROWSER***********
2026-10-04 13:52:02 INFO  pages.LoginPage - ****Initiating LoginPage********
2026-10-04 13:52:02 INFO  tests.LoginTest - *******Initiating loginFailedTest********
2026-10-04 13:52:02 INFO  tests.LoginTest - **********Sending Invalid Username-Password to LoginPage*************
2026-10-04 13:52:02 INFO  pages.LoginPage - ******Logging into app****
2026-10-04 13:52:02 INFO  pages.LoginPage - ****Entering Username********
2026-10-04 13:52:02 INFO  pages.LoginPage - ******Checking Presence of Username Field******
2026-10-04 13:52:03 INFO  pages.LoginPage - ******Sending Username******
2026-10-04 13:52:03 INFO  pages.LoginPage - ****Entering Password********
2026-10-04 13:52:03 INFO  pages.LoginPage - ******Checking Visibility of Password Field******
2026-10-04 13:52:03 INFO  pages.LoginPage - ******Sending Password******
2026-10-04 13:52:03 INFO  pages.LoginPage - ****Clicking on Login Button********
2026-10-04 13:52:03 INFO  pages.LoginPage - ******Checking Clickability of Login Button******
2026-10-04 13:52:03 INFO  pages.LoginPage - ******Clicking on Login Button******
2026-10-04 13:52:05 INFO  tests.LoginTest - **********Verifying Login Error Message*************
2026-10-04 13:52:05 INFO  pages.LoginPage - ******Checking Visibility of Login Credential Error Message****
2026-10-04 13:52:06 INFO  org.testng.internal.Utils - [TestNG] Time taken by org.testng.reporters.jq.Main@2c779e5: 117 ms
2026-10-04 13:52:06 INFO  org.testng.internal.Utils - [TestNG] Time taken by org.testng.reporters.FailedReporter@7c211fd0: 22 ms
2026-10-04 13:52:06 INFO  org.testng.internal.Utils - [TestNG] Time taken by org.testng.reporters.XMLReporter@40021799: 15 ms
2026-10-04 13:52:06 INFO  org.testng.internal.Utils - [TestNG] Time taken by org.testng.reporters.EmailableReporter2@71c905a3: 13 ms
2026-10-04 13:52:06 INFO  org.testng.internal.Utils - [TestNG] Time taken by org.testng.reporters.JUnitReportReporter@5c20ffa8: 17 ms
2026-10-04 13:52:06 INFO  org.testng.internal.Utils - [TestNG] Time taken by org.testng.internal.ExitCodeListener@7fedfe27: 0 ms
2026-10-04 13:53:09 INFO  org.testng.internal.Utils - [Utils] MethodGroupsHelper.collectMethodsByGroup() took 1 ms.
2026-10-04 13:53:09 INFO  org.testng.internal.Utils - [Utils] MethodGroupsHelper.sortMethods() took 3 ms.
2026-10-04 13:53:09 INFO  org.testng.internal.Utils - [Utils] MethodGroupsHelper.collectMethodsByGroup() took 0 ms.
2026-10-04 13:53:09 INFO  org.testng.internal.Utils - [Utils] MethodGroupsHelper.sortMethods() took 0 ms.
2026-10-04 13:53:09 INFO  org.testng.internal.Utils - [Utils] MethodGroupsHelper.collectMethodsByGroup() took 0 ms.
2026-10-04 13:53:09 INFO  org.testng.internal.Utils - [Utils] MethodGroupsHelper.sortMethods() took 0 ms.
2026-10-04 13:53:09 INFO  org.testng.internal.Utils - [Utils] MethodGroupsHelper.collectMethodsByGroup() took 0 ms.
2026-10-04 13:53:09 INFO  org.testng.internal.Utils - [Utils] MethodGroupsHelper.sortMethods() took 0 ms.
2026-10-04 13:53:09 INFO  org.testng.internal.Utils - [Utils] MethodGroupsHelper.collectMethodsByGroup() took 0 ms.
2026-10-04 13:53:09 INFO  org.testng.internal.Utils - [Utils] MethodGroupsHelper.sortMethods() took 0 ms.
2026-10-04 13:53:09 INFO  org.testng.internal.Utils - [Utils] MethodGroupsHelper.collectMethodsByGroup() took 0 ms.
2026-10-04 13:53:09 INFO  org.testng.internal.Utils - [Utils] MethodGroupsHelper.sortMethods() took 0 ms.
2026-10-04 13:53:09 INFO  org.testng.internal.Utils - [Utils] MethodGroupsHelper.collectMethodsByGroup() took 0 ms.
2026-10-04 13:53:09 INFO  org.testng.internal.Utils - [Utils] MethodGroupsHelper.sortMethods() took 0 ms.
2026-10-04 13:53:09 INFO  org.testng.internal.Utils - [Utils] MethodGroupsHelper.collectMethodsByGroup() took 0 ms.
2026-10-04 13:53:09 INFO  org.testng.internal.Utils - [Utils] MethodGroupsHelper.sortMethods() took 0 ms.
2026-10-04 13:53:09 INFO  org.testng.internal.Utils - [Utils] MethodGroupsHelper.collectMethodsByGroup() took 8 ms.
2026-10-04 13:53:09 INFO  org.testng.internal.Utils - [Utils] MethodGroupsHelper.sortMethods() took 20 ms.
2026-10-04 13:53:09 INFO  org.testng.internal.Utils - [Utils] MethodGroupsHelper.collectMethodsByGroup() took 1 ms.
2026-10-04 13:53:09 INFO  org.testng.internal.Utils - [Utils] MethodGroupsHelper.sortMethods() took 1 ms.
2026-10-04 13:53:09 INFO  org.testng.internal.Utils - [Utils] MethodGroupsHelper.collectMethodsByGroup() took 0 ms.
2026-10-04 13:53:09 INFO  org.testng.internal.Utils - [Utils] MethodGroupsHelper.sortMethods() took 0 ms.
2026-10-04 13:53:09 INFO  org.testng.internal.Utils - [Utils] MethodGroupsHelper.collectMethodsByGroup() took 0 ms.
2026-10-04 13:53:09 INFO  org.testng.internal.Utils - [Utils] MethodGroupsHelper.sortMethods() took 0 ms.
2026-10-04 13:53:09 INFO  org.testng.internal.Utils - [Utils] MethodGroupsHelper.collectMethodsByGroup() took 1 ms.
2026-10-04 13:53:09 INFO  org.testng.internal.Utils - [Utils] MethodGroupsHelper.sortMethods() took 0 ms.
2026-10-04 13:53:09 INFO  org.testng.internal.Utils - [Utils] MethodGroupsHelper.collectMethodsByGroup() took 0 ms.
2026-10-04 13:53:09 INFO  org.testng.internal.Utils - [Utils] MethodGroupsHelper.sortMethods() took 0 ms.
2026-10-04 13:53:09 INFO  org.testng.internal.Utils - [Utils] MethodGroupsHelper.collectMethodsByGroup() took 0 ms.
2026-10-04 13:53:09 INFO  org.testng.internal.Utils - [Utils] MethodGroupsHelper.sortMethods() took 0 ms.
2026-10-04 13:53:09 INFO  org.testng.internal.Utils - [TestNG] Running:
  C:\Users\Rahul Kumar\AppData\Local\Temp\testng-eclipse--1965840360\testng-customsuite.xml

2026-10-04 13:53:10 INFO  org.testng.internal.Utils - [Utils] DynamicGraphHelper.createDynamicGraph() took 10 ms.
2026-10-04 13:53:10 INFO  tests.LoginTest - ***********Initializing Page Objects***********
2026-10-04 13:53:10 INFO  library.Base - ***********LAUNCHING EDGE BROWSER***********
2026-10-04 13:53:25 INFO  pages.LoginPage - ****Initiating LoginPage********
2026-10-04 13:53:25 INFO  tests.LoginTest - *******Initiating loginFailedTest********
2026-10-04 13:53:25 INFO  tests.LoginTest - **********Sending Invalid Username-Password to LoginPage*************
2026-10-04 13:53:25 INFO  pages.LoginPage - ******Logging into app****
2026-10-04 13:53:25 INFO  pages.LoginPage - ****Entering Username********
2026-10-04 13:53:25 INFO  pages.LoginPage - ******Checking Presence of Username Field******
2026-10-04 13:53:26 INFO  pages.LoginPage - ******Sending Username******
2026-10-04 13:53:26 INFO  pages.LoginPage - ****Entering Password********
2026-10-04 13:53:26 INFO  pages.LoginPage - ******Checking Visibility of Password Field******
2026-10-04 13:53:26 INFO  pages.LoginPage - ******Sending Password******
2026-10-04 13:53:26 INFO  pages.LoginPage - ****Clicking on Login Button********
2026-10-04 13:53:26 INFO  pages.LoginPage - ******Checking Clickability of Login Button******
2026-10-04 13:53:26 INFO  pages.LoginPage - ******Clicking on Login Button******
2026-10-04 13:53:28 INFO  tests.LoginTest - **********Verifying Login Error Message*************
2026-10-04 13:53:28 INFO  pages.LoginPage - ******Checking Visibility of Login Credential Error Message****
2026-10-04 13:53:48 ERROR tests.LoginTest - loginFailedTest Failed : TimeoutException FOUND => Expected condition failed: waiting for visibility of Proxy element for: DefaultElementLocator 'By.xpath: //p[normalize-space()='Invalid credentials']'
2026-10-04 13:53:50 INFO  org.testng.internal.Utils - [TestNG] Time taken by org.testng.reporters.jq.Main@51e0301d: 100 ms
2026-10-04 13:53:50 INFO  org.testng.internal.Utils - [TestNG] Time taken by org.testng.reporters.FailedReporter@1eb6e1c: 2 ms
2026-10-04 13:53:50 INFO  org.testng.internal.Utils - [TestNG] Time taken by org.testng.reporters.XMLReporter@298d9a05: 14 ms
2026-10-04 13:53:50 INFO  org.testng.internal.Utils - [TestNG] Time taken by org.testng.reporters.EmailableReporter2@1dbb650b: 8 ms
2026-10-04 13:53:50 INFO  org.testng.internal.Utils - [TestNG] Time taken by org.testng.reporters.JUnitReportReporter@108531c2: 11 ms
2026-10-04 13:53:50 INFO  org.testng.internal.Utils - [TestNG] Time taken by org.testng.internal.ExitCodeListener@48b22fd4: 0 ms
2026-10-04 13:54:15 INFO  org.testng.internal.Utils - [Utils] MethodGroupsHelper.collectMethodsByGroup() took 1 ms.
2026-10-04 13:54:15 INFO  org.testng.internal.Utils - [Utils] MethodGroupsHelper.sortMethods() took 3 ms.
2026-10-04 13:54:15 INFO  org.testng.internal.Utils - [Utils] MethodGroupsHelper.collectMethodsByGroup() took 0 ms.
2026-10-04 13:54:15 INFO  org.testng.internal.Utils - [Utils] MethodGroupsHelper.sortMethods() took 0 ms.
2026-10-04 13:54:15 INFO  org.testng.internal.Utils - [Utils] MethodGroupsHelper.collectMethodsByGroup() took 0 ms.
2026-10-04 13:54:15 INFO  org.testng.internal.Utils - [Utils] MethodGroupsHelper.sortMethods() took 0 ms.
2026-10-04 13:54:15 INFO  org.testng.internal.Utils - [Utils] MethodGroupsHelper.collectMethodsByGroup() took 0 ms.
2026-10-04 13:54:15 INFO  org.testng.internal.Utils - [Utils] MethodGroupsHelper.sortMethods() took 1 ms.
2026-10-04 13:54:15 INFO  org.testng.internal.Utils - [Utils] MethodGroupsHelper.collectMethodsByGroup() took 0 ms.
2026-10-04 13:54:15 INFO  org.testng.internal.Utils - [Utils] MethodGroupsHelper.sortMethods() took 0 ms.
2026-10-04 13:54:15 INFO  org.testng.internal.Utils - [Utils] MethodGroupsHelper.collectMethodsByGroup() took 0 ms.
2026-10-04 13:54:15 INFO  org.testng.internal.Utils - [Utils] MethodGroupsHelper.sortMethods() took 0 ms.
2026-10-04 13:54:15 INFO  org.testng.internal.Utils - [Utils] MethodGroupsHelper.collectMethodsByGroup() took 0 ms.
2026-10-04 13:54:15 INFO  org.testng.internal.Utils - [Utils] MethodGroupsHelper.sortMethods() took 0 ms.
2026-10-04 13:54:15 INFO  org.testng.internal.Utils - [Utils] MethodGroupsHelper.collectMethodsByGroup() took 0 ms.
2026-10-04 13:54:15 INFO  org.testng.internal.Utils - [Utils] MethodGroupsHelper.sortMethods() took 0 ms.
2026-10-04 13:54:15 INFO  org.testng.internal.Utils - [Utils] MethodGroupsHelper.collectMethodsByGroup() took 8 ms.
2026-10-04 13:54:15 INFO  org.testng.internal.Utils - [Utils] MethodGroupsHelper.sortMethods() took 16 ms.
2026-10-04 13:54:15 INFO  org.testng.internal.Utils - [Utils] MethodGroupsHelper.collectMethodsByGroup() took 1 ms.
2026-10-04 13:54:15 INFO  org.testng.internal.Utils - [Utils] MethodGroupsHelper.sortMethods() took 1 ms.
2026-10-04 13:54:15 INFO  org.testng.internal.Utils - [Utils] MethodGroupsHelper.collectMethodsByGroup() took 0 ms.
2026-10-04 13:54:15 INFO  org.testng.internal.Utils - [Utils] MethodGroupsHelper.sortMethods() took 0 ms.
2026-10-04 13:54:15 INFO  org.testng.internal.Utils - [Utils] MethodGroupsHelper.collectMethodsByGroup() took 0 ms.
2026-10-04 13:54:15 INFO  org.testng.internal.Utils - [Utils] MethodGroupsHelper.sortMethods() took 0 ms.
2026-10-04 13:54:15 INFO  org.testng.internal.Utils - [Utils] MethodGroupsHelper.collectMethodsByGroup() took 0 ms.
2026-10-04 13:54:15 INFO  org.testng.internal.Utils - [Utils] MethodGroupsHelper.sortMethods() took 0 ms.
2026-10-04 13:54:15 INFO  org.testng.internal.Utils - [Utils] MethodGroupsHelper.collectMethodsByGroup() took 0 ms.
2026-10-04 13:54:15 INFO  org.testng.internal.Utils - [Utils] MethodGroupsHelper.sortMethods() took 0 ms.
2026-10-04 13:54:15 INFO  org.testng.internal.Utils - [Utils] MethodGroupsHelper.collectMethodsByGroup() took 0 ms.
2026-10-04 13:54:15 INFO  org.testng.internal.Utils - [Utils] MethodGroupsHelper.sortMethods() took 0 ms.
2026-10-04 13:54:15 INFO  org.testng.internal.Utils - [TestNG] Running:
  C:\Users\Rahul Kumar\AppData\Local\Temp\testng-eclipse-1519523306\testng-customsuite.xml

2026-10-04 13:54:15 INFO  org.testng.internal.Utils - [Utils] DynamicGraphHelper.createDynamicGraph() took 8 ms.
2026-10-04 13:54:15 INFO  tests.LoginTest - ***********Initializing Page Objects***********
2026-10-04 13:54:15 INFO  library.Base - ***********LAUNCHING EDGE BROWSER***********
2026-10-04 13:54:24 INFO  pages.LoginPage - ****Initiating LoginPage********
2026-10-04 13:54:24 INFO  tests.LoginTest - *******Initiating loginFailedTest********
2026-10-04 13:54:24 INFO  tests.LoginTest - **********Sending Invalid Username-Password to LoginPage*************
2026-10-04 13:54:24 INFO  pages.LoginPage - ******Logging into app****
2026-10-04 13:54:24 INFO  pages.LoginPage - ****Entering Username********
2026-10-04 13:54:24 INFO  pages.LoginPage - ******Checking Presence of Username Field******
2026-10-04 13:54:24 INFO  pages.LoginPage - ******Sending Username******
2026-10-04 13:54:24 INFO  pages.LoginPage - ****Entering Password********
2026-10-04 13:54:24 INFO  pages.LoginPage - ******Checking Visibility of Password Field******
2026-10-04 13:54:24 INFO  pages.LoginPage - ******Sending Password******
2026-10-04 13:54:25 INFO  pages.LoginPage - ****Clicking on Login Button********
2026-10-04 13:54:25 INFO  pages.LoginPage - ******Checking Clickability of Login Button******
2026-10-04 13:54:25 INFO  pages.LoginPage - ******Clicking on Login Button******
2026-10-04 13:54:26 INFO  tests.LoginTest - **********Verifying Login Error Message*************
2026-10-04 13:54:26 INFO  pages.LoginPage - ******Checking Visibility of Login Credential Error Message****
2026-10-04 13:54:46 ERROR tests.LoginTest - loginFailedTest Failed : TimeoutException FOUND => Expected condition failed: waiting for visibility of Proxy element for: DefaultElementLocator 'By.xpath: //p[normalize-space()='Invalid credentials']'
2026-10-04 13:54:47 INFO  org.testng.internal.Utils - [TestNG] Time taken by org.testng.reporters.jq.Main@652ab8d9: 105 ms
2026-10-04 13:54:47 INFO  org.testng.internal.Utils - [TestNG] Time taken by org.testng.reporters.FailedReporter@1e6cc850: 20 ms
2026-10-04 13:54:47 INFO  org.testng.internal.Utils - [TestNG] Time taken by org.testng.reporters.XMLReporter@54f66455: 14 ms
2026-10-04 13:54:47 INFO  org.testng.internal.Utils - [TestNG] Time taken by org.testng.reporters.EmailableReporter2@6be25526: 12 ms
2026-10-04 13:54:47 INFO  org.testng.internal.Utils - [TestNG] Time taken by org.testng.reporters.JUnitReportReporter@cb0f763: 14 ms
2026-10-04 13:54:47 INFO  org.testng.internal.Utils - [TestNG] Time taken by org.testng.internal.ExitCodeListener@7573e12f: 0 ms
2026-10-04 13:55:42 INFO  org.testng.internal.Utils - [Utils] MethodGroupsHelper.collectMethodsByGroup() took 2 ms.
2026-10-04 13:55:42 INFO  org.testng.internal.Utils - [Utils] MethodGroupsHelper.sortMethods() took 3 ms.
2026-10-04 13:55:42 INFO  org.testng.internal.Utils - [Utils] MethodGroupsHelper.collectMethodsByGroup() took 0 ms.
2026-10-04 13:55:42 INFO  org.testng.internal.Utils - [Utils] MethodGroupsHelper.sortMethods() took 0 ms.
2026-10-04 13:55:42 INFO  org.testng.internal.Utils - [Utils] MethodGroupsHelper.collectMethodsByGroup() took 0 ms.
2026-10-04 13:55:42 INFO  org.testng.internal.Utils - [Utils] MethodGroupsHelper.sortMethods() took 0 ms.
2026-10-04 13:55:42 INFO  org.testng.internal.Utils - [Utils] MethodGroupsHelper.collectMethodsByGroup() took 0 ms.
2026-10-04 13:55:42 INFO  org.testng.internal.Utils - [Utils] MethodGroupsHelper.sortMethods() took 0 ms.
2026-10-04 13:55:42 INFO  org.testng.internal.Utils - [Utils] MethodGroupsHelper.collectMethodsByGroup() took 0 ms.
2026-10-04 13:55:42 INFO  org.testng.internal.Utils - [Utils] MethodGroupsHelper.sortMethods() took 0 ms.
2026-10-04 13:55:42 INFO  org.testng.internal.Utils - [Utils] MethodGroupsHelper.collectMethodsByGroup() took 0 ms.
2026-10-04 13:55:42 INFO  org.testng.internal.Utils - [Utils] MethodGroupsHelper.sortMethods() took 0 ms.
2026-10-04 13:55:42 INFO  org.testng.internal.Utils - [Utils] MethodGroupsHelper.collectMethodsByGroup() took 0 ms.
2026-10-04 13:55:42 INFO  org.testng.internal.Utils - [Utils] MethodGroupsHelper.sortMethods() took 0 ms.
2026-10-04 13:55:42 INFO  org.testng.internal.Utils - [Utils] MethodGroupsHelper.collectMethodsByGroup() took 0 ms.
2026-10-04 13:55:42 INFO  org.testng.internal.Utils - [Utils] MethodGroupsHelper.sortMethods() took 0 ms.
2026-10-04 13:55:42 INFO  org.testng.internal.Utils - [Utils] MethodGroupsHelper.collectMethodsByGroup() took 13 ms.
2026-10-04 13:55:42 INFO  org.testng.internal.Utils - [Utils] MethodGroupsHelper.sortMethods() took 25 ms.
2026-10-04 13:55:42 INFO  org.testng.internal.Utils - [Utils] MethodGroupsHelper.collectMethodsByGroup() took 0 ms.
2026-10-04 13:55:42 INFO  org.testng.internal.Utils - [Utils] MethodGroupsHelper.sortMethods() took 0 ms.
2026-10-04 13:55:42 INFO  org.testng.internal.Utils - [Utils] MethodGroupsHelper.collectMethodsByGroup() took 0 ms.
2026-10-04 13:55:42 INFO  org.testng.internal.Utils - [Utils] MethodGroupsHelper.sortMethods() took 0 ms.
2026-10-04 13:55:42 INFO  org.testng.internal.Utils - [Utils] MethodGroupsHelper.collectMethodsByGroup() took 0 ms.
2026-10-04 13:55:42 INFO  org.testng.internal.Utils - [Utils] MethodGroupsHelper.sortMethods() took 0 ms.
2026-10-04 13:55:42 INFO  org.testng.internal.Utils - [Utils] MethodGroupsHelper.collectMethodsByGroup() took 0 ms.
2026-10-04 13:55:42 INFO  org.testng.internal.Utils - [Utils] MethodGroupsHelper.sortMethods() took 12 ms.
2026-10-04 13:55:42 INFO  org.testng.internal.Utils - [Utils] MethodGroupsHelper.collectMethodsByGroup() took 0 ms.
2026-10-04 13:55:42 INFO  org.testng.internal.Utils - [Utils] MethodGroupsHelper.sortMethods() took 0 ms.
2026-10-04 13:55:42 INFO  org.testng.internal.Utils - [Utils] MethodGroupsHelper.collectMethodsByGroup() took 0 ms.
2026-10-04 13:55:42 INFO  org.testng.internal.Utils - [Utils] MethodGroupsHelper.sortMethods() took 0 ms.
2026-10-04 13:55:42 INFO  org.testng.internal.Utils - [TestNG] Running:
  C:\Users\Rahul Kumar\AppData\Local\Temp\testng-eclipse--126158298\testng-customsuite.xml

2026-10-04 13:55:42 INFO  org.testng.internal.Utils - [Utils] DynamicGraphHelper.createDynamicGraph() took 14 ms.
2026-10-04 13:55:42 INFO  tests.LoginTest - ***********Initializing Page Objects***********
2026-10-04 13:55:42 INFO  library.Base - ***********LAUNCHING EDGE BROWSER***********
2026-10-04 13:55:52 INFO  pages.LoginPage - ****Initiating LoginPage********
2026-10-04 13:55:52 INFO  tests.LoginTest - **********Sending Username-Password to LoginPage*************
2026-10-04 13:55:52 INFO  pages.LoginPage - ******Logging into app****
2026-10-04 13:55:52 INFO  pages.LoginPage - ****Entering Username********
2026-10-04 13:55:52 INFO  pages.LoginPage - ******Checking Presence of Username Field******
2026-10-04 13:55:53 INFO  pages.LoginPage - ******Sending Username******
2026-10-04 13:55:53 INFO  pages.LoginPage - ****Entering Password********
2026-10-04 13:55:53 INFO  pages.LoginPage - ******Checking Visibility of Password Field******
2026-10-04 13:55:53 INFO  pages.LoginPage - ******Sending Password******
2026-10-04 13:55:53 INFO  pages.LoginPage - ****Clicking on Login Button********
2026-10-04 13:55:53 INFO  pages.LoginPage - ******Checking Clickability of Login Button******
2026-10-04 13:55:53 INFO  pages.LoginPage - ******Clicking on Login Button******
2026-10-04 13:55:55 INFO  tests.LoginTest - **********Loading HomePage*************
2026-10-04 13:55:55 INFO  pages.HomePage - ****Initiating HomePage********
2026-10-04 13:55:55 INFO  tests.LoginTest - **********Clicking on Logged in User*************
2026-10-04 13:55:55 INFO  pages.HomePage - ********Checking Clickability of LoggedInUser********
2026-10-04 13:55:56 INFO  pages.HomePage - ********Clicking on LoggedInUser Button********
2026-10-04 13:55:57 INFO  pages.HomePage - ********Checking Visibility of Logout Button********
2026-10-04 13:55:57 INFO  tests.LoginTest - **********Clicking on Logout Button*************
2026-10-04 13:55:57 INFO  pages.HomePage - ********Checking Clickability of Logout Button********
2026-10-04 13:55:59 INFO  tests.LoginTest - ***********Verifying Login Page is Displayed after logout********
2026-10-04 13:55:59 INFO  tests.LoginTest - *****Verifying Logout********
2026-10-04 13:56:00 INFO  tests.LoginTest - ***********Initializing Page Objects***********
2026-10-04 13:56:00 INFO  library.Base - ***********LAUNCHING EDGE BROWSER***********
2026-10-04 13:56:13 INFO  pages.LoginPage - ****Initiating LoginPage********
2026-10-04 13:56:13 INFO  tests.LoginTest - *******Initiating loginFailedTest********
2026-10-04 13:56:13 INFO  tests.LoginTest - **********Sending Invalid Username-Password to LoginPage*************
2026-10-04 13:56:13 INFO  pages.LoginPage - ******Logging into app****
2026-10-04 13:56:13 INFO  pages.LoginPage - ****Entering Username********
2026-10-04 13:56:13 INFO  pages.LoginPage - ******Checking Presence of Username Field******
2026-10-04 13:56:14 INFO  pages.LoginPage - ******Sending Username******
2026-10-04 13:56:15 INFO  pages.LoginPage - ****Entering Password********
2026-10-04 13:56:15 INFO  pages.LoginPage - ******Checking Visibility of Password Field******
2026-10-04 13:56:15 INFO  pages.LoginPage - ******Sending Password******
2026-10-04 13:56:15 INFO  pages.LoginPage - ****Clicking on Login Button********
2026-10-04 13:56:15 INFO  pages.LoginPage - ******Checking Clickability of Login Button******
2026-10-04 13:56:15 INFO  pages.LoginPage - ******Clicking on Login Button******
2026-10-04 13:56:17 INFO  tests.LoginTest - **********Verifying Login Error Message*************
2026-10-04 13:56:17 INFO  pages.LoginPage - ******Checking Visibility of Login Credential Error Message****
2026-10-04 13:56:37 ERROR tests.LoginTest - loginFailedTest Failed : TimeoutException FOUND => Expected condition failed: waiting for visibility of Proxy element for: DefaultElementLocator 'By.xpath: //p[normalize-space()='Invalid credentials']'
2026-10-04 13:56:38 INFO  tests.LoginTest - ***********Initializing Page Objects***********
2026-10-04 13:56:38 INFO  library.Base - ***********LAUNCHING EDGE BROWSER***********
2026-10-04 13:56:48 INFO  pages.LoginPage - ****Initiating LoginPage********
2026-10-04 13:56:48 INFO  tests.LoginTest - ****Initiating loginSuccessTest********
2026-10-04 13:56:48 INFO  tests.LoginTest - **********Sending Valid Username-Password to LoginPage*************
2026-10-04 13:56:48 INFO  pages.LoginPage - ******Logging into app****
2026-10-04 13:56:48 INFO  pages.LoginPage - ****Entering Username********
2026-10-04 13:56:48 INFO  pages.LoginPage - ******Checking Presence of Username Field******
2026-10-04 13:56:49 INFO  pages.LoginPage - ******Sending Username******
2026-10-04 13:56:49 INFO  pages.LoginPage - ****Entering Password********
2026-10-04 13:56:49 INFO  pages.LoginPage - ******Checking Visibility of Password Field******
2026-10-04 13:56:49 INFO  pages.LoginPage - ******Sending Password******
2026-10-04 13:56:49 INFO  pages.LoginPage - ****Clicking on Login Button********
2026-10-04 13:56:49 INFO  pages.LoginPage - ******Checking Clickability of Login Button******
2026-10-04 13:56:49 INFO  pages.LoginPage - ******Clicking on Login Button******
2026-10-04 13:56:51 INFO  pages.HomePage - ****Initiating HomePage********
2026-10-04 13:56:51 INFO  tests.LoginTest - *****Verifying Dashboard********
2026-10-04 13:56:51 INFO  pages.HomePage - ********Getting Dashboard Element********
2026-10-04 13:56:51 ERROR tests.LoginTest - loginSuccessTest Failed : NoSuchElementException FOUND => no such element: Unable to locate element: {"method":"xpath","selector":"//h6[normalize-space()='Dashboard']"}
2026-10-04 13:56:52 INFO  org.testng.internal.Utils - [TestNG] Time taken by org.testng.reporters.jq.Main@1abfe081: 177 ms
2026-10-04 13:56:52 INFO  org.testng.internal.Utils - [TestNG] Time taken by org.testng.reporters.FailedReporter@2e53b094: 17 ms
2026-10-04 13:56:52 INFO  org.testng.internal.Utils - [TestNG] Time taken by org.testng.reporters.XMLReporter@2bebb74f: 15 ms
2026-10-04 13:56:52 INFO  org.testng.internal.Utils - [TestNG] Time taken by org.testng.reporters.EmailableReporter2@12968227: 11 ms
2026-10-04 13:56:52 INFO  org.testng.internal.Utils - [TestNG] Time taken by org.testng.reporters.JUnitReportReporter@3e3861d7: 19 ms
2026-10-04 13:56:52 INFO  org.testng.internal.Utils - [TestNG] Time taken by org.testng.internal.ExitCodeListener@5e2a3040: 0 ms
2026-10-04 14:48:14 INFO  org.testng.internal.Utils - [Utils] MethodGroupsHelper.collectMethodsByGroup() took 0 ms.
2026-10-04 14:48:14 INFO  org.testng.internal.Utils - [Utils] MethodGroupsHelper.sortMethods() took 1 ms.
2026-10-04 14:48:14 INFO  org.testng.internal.Utils - [Utils] MethodGroupsHelper.collectMethodsByGroup() took 0 ms.
2026-10-04 14:48:14 INFO  org.testng.internal.Utils - [Utils] MethodGroupsHelper.sortMethods() took 0 ms.
2026-10-04 14:48:14 INFO  org.testng.internal.Utils - [Utils] MethodGroupsHelper.collectMethodsByGroup() took 0 ms.
2026-10-04 14:48:14 INFO  org.testng.internal.Utils - [Utils] MethodGroupsHelper.sortMethods() took 0 ms.
2026-10-04 14:48:14 INFO  org.testng.internal.Utils - [Utils] MethodGroupsHelper.collectMethodsByGroup() took 0 ms.
2026-10-04 14:48:14 INFO  org.testng.internal.Utils - [Utils] MethodGroupsHelper.sortMethods() took 0 ms.
2026-10-04 14:48:14 INFO  org.testng.internal.Utils - [Utils] MethodGroupsHelper.collectMethodsByGroup() took 0 ms.
2026-10-04 14:48:14 INFO  org.testng.internal.Utils - [Utils] MethodGroupsHelper.sortMethods() took 0 ms.
2026-10-04 14:48:14 INFO  org.testng.internal.Utils - [Utils] MethodGroupsHelper.collectMethodsByGroup() took 0 ms.
2026-10-04 14:48:14 INFO  org.testng.internal.Utils - [Utils] MethodGroupsHelper.sortMethods() took 0 ms.
2026-10-04 14:48:14 INFO  org.testng.internal.Utils - [Utils] MethodGroupsHelper.collectMethodsByGroup() took 0 ms.
2026-10-04 14:48:14 INFO  org.testng.internal.Utils - [Utils] MethodGroupsHelper.sortMethods() took 0 ms.
2026-10-04 14:48:14 INFO  org.testng.internal.Utils - [Utils] MethodGroupsHelper.collectMethodsByGroup() took 0 ms.
2026-10-04 14:48:14 INFO  org.testng.internal.Utils - [Utils] MethodGroupsHelper.sortMethods() took 0 ms.
2026-10-04 14:48:14 INFO  org.testng.internal.Utils - [Utils] MethodGroupsHelper.collectMethodsByGroup() took 5 ms.
2026-10-04 14:48:14 INFO  org.testng.internal.Utils - [Utils] MethodGroupsHelper.sortMethods() took 15 ms.
2026-10-04 14:48:14 INFO  org.testng.internal.Utils - [Utils] MethodGroupsHelper.collectMethodsByGroup() took 0 ms.
2026-10-04 14:48:14 INFO  org.testng.internal.Utils - [Utils] MethodGroupsHelper.sortMethods() took 0 ms.
2026-10-04 14:48:14 INFO  org.testng.internal.Utils - [Utils] MethodGroupsHelper.collectMethodsByGroup() took 0 ms.
2026-10-04 14:48:14 INFO  org.testng.internal.Utils - [Utils] MethodGroupsHelper.sortMethods() took 0 ms.
2026-10-04 14:48:14 INFO  org.testng.internal.Utils - [Utils] MethodGroupsHelper.collectMethodsByGroup() took 0 ms.
2026-10-04 14:48:14 INFO  org.testng.internal.Utils - [Utils] MethodGroupsHelper.sortMethods() took 0 ms.
2026-10-04 14:48:14 INFO  org.testng.internal.Utils - [Utils] MethodGroupsHelper.collectMethodsByGroup() took 1 ms.
2026-10-04 14:48:14 INFO  org.testng.internal.Utils - [Utils] MethodGroupsHelper.sortMethods() took 6 ms.
2026-10-04 14:48:14 INFO  org.testng.internal.Utils - [Utils] MethodGroupsHelper.collectMethodsByGroup() took 0 ms.
2026-10-04 14:48:14 INFO  org.testng.internal.Utils - [Utils] MethodGroupsHelper.sortMethods() took 0 ms.
2026-10-04 14:48:14 INFO  org.testng.internal.Utils - [Utils] MethodGroupsHelper.collectMethodsByGroup() took 0 ms.
2026-10-04 14:48:14 INFO  org.testng.internal.Utils - [Utils] MethodGroupsHelper.sortMethods() took 0 ms.
2026-10-04 14:48:14 INFO  org.testng.internal.Utils - [TestNG] Running:
  C:\Users\Rahul Kumar\AppData\Local\Temp\testng-eclipse-1493936121\testng-customsuite.xml

2026-10-04 14:48:14 INFO  org.testng.internal.Utils - [Utils] DynamicGraphHelper.createDynamicGraph() took 6 ms.
2026-10-04 14:48:14 INFO  tests.LoginTest - ***********Initializing Page Objects***********
2026-10-04 14:48:14 INFO  library.Base - ***********LAUNCHING EDGE BROWSER***********
2026-10-04 14:48:25 INFO  pages.LoginPage - ****Initiating LoginPage********
2026-10-04 14:48:25 INFO  tests.LoginTest - **********Sending Username-Password to LoginPage*************
2026-10-04 14:48:25 INFO  pages.LoginPage - ******Logging into app****
2026-10-04 14:48:25 INFO  pages.LoginPage - ****Entering Username********
2026-10-04 14:48:25 INFO  pages.LoginPage - ******Checking Presence of Username Field******
2026-10-04 14:48:26 INFO  pages.LoginPage - ******Sending Username******
2026-10-04 14:48:26 INFO  pages.LoginPage - ****Entering Password********
2026-10-04 14:48:26 INFO  pages.LoginPage - ******Checking Visibility of Password Field******
2026-10-04 14:48:26 INFO  pages.LoginPage - ******Sending Password******
2026-10-04 14:48:26 INFO  pages.LoginPage - ****Clicking on Login Button********
2026-10-04 14:48:26 INFO  pages.LoginPage - ******Checking Clickability of Login Button******
2026-10-04 14:48:26 INFO  pages.LoginPage - ******Clicking on Login Button******
2026-10-04 14:48:28 INFO  tests.LoginTest - **********Loading HomePage*************
2026-10-04 14:48:28 INFO  pages.HomePage - ****Initiating HomePage********
2026-10-04 14:48:28 INFO  tests.LoginTest - **********Clicking on Logged in User*************
2026-10-04 14:48:28 INFO  pages.HomePage - ********Checking Clickability of LoggedInUser********
2026-10-04 14:48:29 INFO  pages.HomePage - ********Clicking on LoggedInUser Button********
2026-10-04 14:48:29 INFO  pages.HomePage - ********Checking Visibility of Logout Button********
2026-10-04 14:48:29 INFO  tests.LoginTest - **********Clicking on Logout Button*************
2026-10-04 14:48:29 INFO  pages.HomePage - ********Checking Clickability of Logout Button********
2026-10-04 14:48:30 INFO  tests.LoginTest - ***********Verifying Login Page is Displayed after logout********
2026-10-04 14:48:30 INFO  tests.LoginTest - *****Verifying Logout********
2026-10-04 14:48:31 INFO  tests.LoginTest - ***********Initializing Page Objects***********
2026-10-04 14:48:31 INFO  library.Base - ***********LAUNCHING EDGE BROWSER***********
2026-10-04 14:48:36 INFO  pages.LoginPage - ****Initiating LoginPage********
2026-10-04 14:48:36 INFO  tests.LoginTest - *******Initiating loginFailedTest********
2026-10-04 14:48:36 INFO  tests.LoginTest - **********Sending Invalid Username-Password to LoginPage*************
2026-10-04 14:48:36 INFO  pages.LoginPage - ******Logging into app****
2026-10-04 14:48:36 INFO  pages.LoginPage - ****Entering Username********
2026-10-04 14:48:36 INFO  pages.LoginPage - ******Checking Presence of Username Field******
2026-10-04 14:48:37 INFO  pages.LoginPage - ******Sending Username******
2026-10-04 14:48:37 INFO  pages.LoginPage - ****Entering Password********
2026-10-04 14:48:37 INFO  pages.LoginPage - ******Checking Visibility of Password Field******
2026-10-04 14:48:37 INFO  pages.LoginPage - ******Sending Password******
2026-10-04 14:48:37 INFO  pages.LoginPage - ****Clicking on Login Button********
2026-10-04 14:48:37 INFO  pages.LoginPage - ******Checking Clickability of Login Button******
2026-10-04 14:48:37 INFO  pages.LoginPage - ******Clicking on Login Button******
2026-10-04 14:48:38 INFO  tests.LoginTest - **********Verifying Login Error Message*************
2026-10-04 14:48:38 INFO  pages.LoginPage - ******Checking Visibility of Login Credential Error Message****
2026-10-04 14:48:39 INFO  tests.LoginTest - ***********Initializing Page Objects***********
2026-10-04 14:48:39 INFO  library.Base - ***********LAUNCHING EDGE BROWSER***********
2026-10-04 14:48:58 INFO  pages.LoginPage - ****Initiating LoginPage********
2026-10-04 14:48:58 INFO  tests.LoginTest - ****Initiating loginSuccessTest********
2026-10-04 14:48:58 INFO  tests.LoginTest - **********Sending Valid Username-Password to LoginPage*************
2026-10-04 14:48:58 INFO  pages.LoginPage - ******Logging into app****
2026-10-04 14:48:58 INFO  pages.LoginPage - ****Entering Username********
2026-10-04 14:48:58 INFO  pages.LoginPage - ******Checking Presence of Username Field******
2026-10-04 14:49:00 INFO  pages.LoginPage - ******Sending Username******
2026-10-04 14:49:00 INFO  pages.LoginPage - ****Entering Password********
2026-10-04 14:49:00 INFO  pages.LoginPage - ******Checking Visibility of Password Field******
2026-10-04 14:49:00 INFO  pages.LoginPage - ******Sending Password******
2026-10-04 14:49:00 INFO  pages.LoginPage - ****Clicking on Login Button********
2026-10-04 14:49:00 INFO  pages.LoginPage - ******Checking Clickability of Login Button******
2026-10-04 14:49:00 INFO  pages.LoginPage - ******Clicking on Login Button******
2026-10-04 14:49:04 INFO  pages.HomePage - ****Initiating HomePage********
2026-10-04 14:49:04 INFO  tests.LoginTest - *****Verifying Dashboard********
2026-10-04 14:49:04 INFO  pages.HomePage - ********Getting Dashboard Element********
2026-10-04 14:49:04 ERROR tests.LoginTest - loginSuccessTest Failed : NoSuchElementException FOUND => no such element: Unable to locate element: {"method":"xpath","selector":"//h6[normalize-space()='Dashboard']"}
2026-10-04 14:49:04 INFO  org.testng.internal.Utils - [TestNG] Time taken by org.testng.reporters.jq.Main@30d25c03: 64 ms
2026-10-04 14:49:04 INFO  org.testng.internal.Utils - [TestNG] Time taken by org.testng.reporters.FailedReporter@5e8c34a0: 3 ms
2026-10-04 14:49:04 INFO  org.testng.internal.Utils - [TestNG] Time taken by org.testng.reporters.XMLReporter@506dcf55: 15 ms
2026-10-04 14:49:04 INFO  org.testng.internal.Utils - [TestNG] Time taken by org.testng.reporters.EmailableReporter2@14dc3f89: 10 ms
2026-10-04 14:49:04 INFO  org.testng.internal.Utils - [TestNG] Time taken by org.testng.reporters.JUnitReportReporter@2875b016: 9 ms
2026-10-04 14:49:04 INFO  org.testng.internal.Utils - [TestNG] Time taken by org.testng.internal.ExitCodeListener@72ee5d84: 0 ms
2026-10-04 15:38:00 INFO  org.testng.internal.Utils - [Utils] MethodGroupsHelper.collectMethodsByGroup() took 0 ms.
2026-10-04 15:38:00 INFO  org.testng.internal.Utils - [Utils] MethodGroupsHelper.sortMethods() took 3 ms.
2026-10-04 15:38:00 INFO  org.testng.internal.Utils - [Utils] MethodGroupsHelper.collectMethodsByGroup() took 0 ms.
2026-10-04 15:38:00 INFO  org.testng.internal.Utils - [Utils] MethodGroupsHelper.sortMethods() took 0 ms.
2026-10-04 15:38:00 INFO  org.testng.internal.Utils - [Utils] MethodGroupsHelper.collectMethodsByGroup() took 0 ms.
2026-10-04 15:38:00 INFO  org.testng.internal.Utils - [Utils] MethodGroupsHelper.sortMethods() took 0 ms.
2026-10-04 15:38:00 INFO  org.testng.internal.Utils - [Utils] MethodGroupsHelper.collectMethodsByGroup() took 0 ms.
2026-10-04 15:38:00 INFO  org.testng.internal.Utils - [Utils] MethodGroupsHelper.sortMethods() took 0 ms.
2026-10-04 15:38:00 INFO  org.testng.internal.Utils - [Utils] MethodGroupsHelper.collectMethodsByGroup() took 0 ms.
2026-10-04 15:38:00 INFO  org.testng.internal.Utils - [Utils] MethodGroupsHelper.sortMethods() took 0 ms.
2026-10-04 15:38:00 INFO  org.testng.internal.Utils - [Utils] MethodGroupsHelper.collectMethodsByGroup() took 0 ms.
2026-10-04 15:38:00 INFO  org.testng.internal.Utils - [Utils] MethodGroupsHelper.sortMethods() took 0 ms.
2026-10-04 15:38:00 INFO  org.testng.internal.Utils - [Utils] MethodGroupsHelper.collectMethodsByGroup() took 0 ms.
2026-10-04 15:38:00 INFO  org.testng.internal.Utils - [Utils] MethodGroupsHelper.sortMethods() took 0 ms.
2026-10-04 15:38:00 INFO  org.testng.internal.Utils - [Utils] MethodGroupsHelper.collectMethodsByGroup() took 0 ms.
2026-10-04 15:38:00 INFO  org.testng.internal.Utils - [Utils] MethodGroupsHelper.sortMethods() took 0 ms.
2026-10-04 15:38:00 INFO  org.testng.internal.Utils - [Utils] MethodGroupsHelper.collectMethodsByGroup() took 11 ms.
2026-10-04 15:38:00 INFO  org.testng.internal.Utils - [Utils] MethodGroupsHelper.sortMethods() took 22 ms.
2026-10-04 15:38:00 INFO  org.testng.internal.Utils - [Utils] MethodGroupsHelper.collectMethodsByGroup() took 0 ms.
2026-10-04 15:38:00 INFO  org.testng.internal.Utils - [Utils] MethodGroupsHelper.sortMethods() took 0 ms.
2026-10-04 15:38:00 INFO  org.testng.internal.Utils - [Utils] MethodGroupsHelper.collectMethodsByGroup() took 0 ms.
2026-10-04 15:38:00 INFO  org.testng.internal.Utils - [Utils] MethodGroupsHelper.sortMethods() took 0 ms.
2026-10-04 15:38:00 INFO  org.testng.internal.Utils - [Utils] MethodGroupsHelper.collectMethodsByGroup() took 0 ms.
2026-10-04 15:38:00 INFO  org.testng.internal.Utils - [Utils] MethodGroupsHelper.sortMethods() took 0 ms.
2026-10-04 15:38:00 INFO  org.testng.internal.Utils - [Utils] MethodGroupsHelper.collectMethodsByGroup() took 0 ms.
2026-10-04 15:38:00 INFO  org.testng.internal.Utils - [Utils] MethodGroupsHelper.sortMethods() took 0 ms.
2026-10-04 15:38:00 INFO  org.testng.internal.Utils - [Utils] MethodGroupsHelper.collectMethodsByGroup() took 0 ms.
2026-10-04 15:38:00 INFO  org.testng.internal.Utils - [Utils] MethodGroupsHelper.sortMethods() took 0 ms.
2026-10-04 15:38:00 INFO  org.testng.internal.Utils - [Utils] MethodGroupsHelper.collectMethodsByGroup() took 0 ms.
2026-10-04 15:38:00 INFO  org.testng.internal.Utils - [Utils] MethodGroupsHelper.sortMethods() took 0 ms.
2026-10-04 15:38:00 INFO  org.testng.internal.Utils - [TestNG] Running:
  C:\Users\Rahul Kumar\AppData\Local\Temp\testng-eclipse--459370056\testng-customsuite.xml

2026-10-04 15:38:00 INFO  org.testng.internal.Utils - [Utils] DynamicGraphHelper.createDynamicGraph() took 15 ms.
2026-10-04 15:38:01 INFO  tests.MyInfoFormTest - ***********Initializing Driver***********
2026-10-04 15:38:01 INFO  library.Base - ***********LAUNCHING EDGE BROWSER***********
2026-10-04 15:38:09 INFO  tests.MyInfoFormTest - ***********Initiating LoginPage***********
2026-10-04 15:38:09 INFO  pages.LoginPage - ****Initiating LoginPage********
2026-10-04 15:38:09 INFO  tests.MyInfoFormTest - **********Sending Valid Username-Password to LoginPage*************
2026-10-04 15:38:09 INFO  pages.LoginPage - ******Logging into app****
2026-10-04 15:38:09 INFO  pages.LoginPage - ****Entering Username********
2026-10-04 15:38:09 INFO  pages.LoginPage - ******Checking Presence of Username Field******
2026-10-04 15:38:10 INFO  pages.LoginPage - ******Sending Username******
2026-10-04 15:38:10 INFO  pages.LoginPage - ****Entering Password********
2026-10-04 15:38:10 INFO  pages.LoginPage - ******Checking Visibility of Password Field******
2026-10-04 15:38:10 INFO  pages.LoginPage - ******Sending Password******
2026-10-04 15:38:10 INFO  pages.LoginPage - ****Clicking on Login Button********
2026-10-04 15:38:10 INFO  pages.LoginPage - ******Checking Clickability of Login Button******
2026-10-04 15:38:10 INFO  pages.LoginPage - ******Clicking on Login Button******
2026-10-04 15:38:12 INFO  tests.MyInfoFormTest - ********Initiating Homepage*********
2026-10-04 15:38:12 INFO  pages.HomePage - ****Initiating HomePage********
2026-10-04 15:38:12 INFO  tests.MyInfoFormTest - ********Finding dashboard*********
2026-10-04 15:38:12 INFO  pages.HomePage - ********Getting Dashboard Element********
2026-10-04 15:38:12 INFO  tests.MyInfoFormTest - ********Clicking on MyInfo Button*********
2026-10-04 15:38:12 INFO  pages.HomePage - ********Checking Clickability of MyInfo Button********
2026-10-04 15:38:12 INFO  pages.HomePage - *******Clicking on MyInfo Button********
2026-10-04 15:38:13 INFO  tests.MyInfoFormTest - ********Initiating MyInfo Page*********
2026-10-04 15:38:13 INFO  pages.MyInfoPage - **********Initiating MyInfoPage**********
2026-10-04 15:38:13 INFO  tests.MyInfoFormTest - ********Enetering First Name*********
2026-10-04 15:38:13 INFO  pages.MyInfoPage - **********Checking Presence for First Name Field*************
2026-10-04 15:38:13 ERROR tests.MyInfoFormTest - loginSuccessTest Failed : IllegalArgumentException FOUND => Locator must be set
2026-10-04 15:38:14 INFO  org.testng.internal.Utils - [TestNG] Time taken by org.testng.reporters.jq.Main@5cbb84b1: 133 ms
2026-10-04 15:38:14 INFO  org.testng.internal.Utils - [TestNG] Time taken by org.testng.reporters.FailedReporter@5183d589: 4 ms
2026-10-04 15:38:14 INFO  org.testng.internal.Utils - [TestNG] Time taken by org.testng.reporters.XMLReporter@60921b21: 8 ms
2026-10-04 15:38:14 INFO  org.testng.internal.Utils - [TestNG] Time taken by org.testng.reporters.EmailableReporter2@7c211fd0: 24 ms
2026-10-04 15:38:14 INFO  org.testng.internal.Utils - [TestNG] Time taken by org.testng.reporters.JUnitReportReporter@25d958c6: 9 ms
2026-10-04 15:38:14 INFO  org.testng.internal.Utils - [TestNG] Time taken by org.testng.internal.ExitCodeListener@4482469c: 0 ms
2026-10-04 15:41:00 INFO  org.testng.internal.Utils - [Utils] MethodGroupsHelper.collectMethodsByGroup() took 1 ms.
2026-10-04 15:41:00 INFO  org.testng.internal.Utils - [Utils] MethodGroupsHelper.sortMethods() took 1 ms.
2026-10-04 15:41:00 INFO  org.testng.internal.Utils - [Utils] MethodGroupsHelper.collectMethodsByGroup() took 0 ms.
2026-10-04 15:41:00 INFO  org.testng.internal.Utils - [Utils] MethodGroupsHelper.sortMethods() took 0 ms.
2026-10-04 15:41:00 INFO  org.testng.internal.Utils - [Utils] MethodGroupsHelper.collectMethodsByGroup() took 0 ms.
2026-10-04 15:41:00 INFO  org.testng.internal.Utils - [Utils] MethodGroupsHelper.sortMethods() took 0 ms.
2026-10-04 15:41:00 INFO  org.testng.internal.Utils - [Utils] MethodGroupsHelper.collectMethodsByGroup() took 0 ms.
2026-10-04 15:41:00 INFO  org.testng.internal.Utils - [Utils] MethodGroupsHelper.sortMethods() took 0 ms.
2026-10-04 15:41:00 INFO  org.testng.internal.Utils - [Utils] MethodGroupsHelper.collectMethodsByGroup() took 0 ms.
2026-10-04 15:41:00 INFO  org.testng.internal.Utils - [Utils] MethodGroupsHelper.sortMethods() took 0 ms.
2026-10-04 15:41:00 INFO  org.testng.internal.Utils - [Utils] MethodGroupsHelper.collectMethodsByGroup() took 0 ms.
2026-10-04 15:41:00 INFO  org.testng.internal.Utils - [Utils] MethodGroupsHelper.sortMethods() took 0 ms.
2026-10-04 15:41:00 INFO  org.testng.internal.Utils - [Utils] MethodGroupsHelper.collectMethodsByGroup() took 0 ms.
2026-10-04 15:41:00 INFO  org.testng.internal.Utils - [Utils] MethodGroupsHelper.sortMethods() took 0 ms.
2026-10-04 15:41:00 INFO  org.testng.internal.Utils - [Utils] MethodGroupsHelper.collectMethodsByGroup() took 0 ms.
2026-10-04 15:41:00 INFO  org.testng.internal.Utils - [Utils] MethodGroupsHelper.sortMethods() took 0 ms.
2026-10-04 15:41:00 INFO  org.testng.internal.Utils - [Utils] MethodGroupsHelper.collectMethodsByGroup() took 10 ms.
2026-10-04 15:41:00 INFO  org.testng.internal.Utils - [Utils] MethodGroupsHelper.sortMethods() took 14 ms.
2026-10-04 15:41:00 INFO  org.testng.internal.Utils - [Utils] MethodGroupsHelper.collectMethodsByGroup() took 0 ms.
2026-10-04 15:41:00 INFO  org.testng.internal.Utils - [Utils] MethodGroupsHelper.sortMethods() took 0 ms.
2026-10-04 15:41:00 INFO  org.testng.internal.Utils - [Utils] MethodGroupsHelper.collectMethodsByGroup() took 0 ms.
2026-10-04 15:41:00 INFO  org.testng.internal.Utils - [Utils] MethodGroupsHelper.sortMethods() took 0 ms.
2026-10-04 15:41:00 INFO  org.testng.internal.Utils - [Utils] MethodGroupsHelper.collectMethodsByGroup() took 0 ms.
2026-10-04 15:41:00 INFO  org.testng.internal.Utils - [Utils] MethodGroupsHelper.sortMethods() took 0 ms.
2026-10-04 15:41:00 INFO  org.testng.internal.Utils - [Utils] MethodGroupsHelper.collectMethodsByGroup() took 0 ms.
2026-10-04 15:41:00 INFO  org.testng.internal.Utils - [Utils] MethodGroupsHelper.sortMethods() took 0 ms.
2026-10-04 15:41:00 INFO  org.testng.internal.Utils - [Utils] MethodGroupsHelper.collectMethodsByGroup() took 0 ms.
2026-10-04 15:41:00 INFO  org.testng.internal.Utils - [Utils] MethodGroupsHelper.sortMethods() took 0 ms.
2026-10-04 15:41:00 INFO  org.testng.internal.Utils - [Utils] MethodGroupsHelper.collectMethodsByGroup() took 0 ms.
2026-10-04 15:41:00 INFO  org.testng.internal.Utils - [Utils] MethodGroupsHelper.sortMethods() took 0 ms.
2026-10-04 15:41:00 INFO  org.testng.internal.Utils - [TestNG] Running:
  C:\Users\Rahul Kumar\AppData\Local\Temp\testng-eclipse-704154946\testng-customsuite.xml

2026-10-04 15:41:00 INFO  org.testng.internal.Utils - [Utils] DynamicGraphHelper.createDynamicGraph() took 6 ms.
2026-10-04 15:41:00 INFO  tests.MyInfoFormTest - ***********Initializing Driver***********
2026-10-04 15:41:00 INFO  library.Base - ***********LAUNCHING EDGE BROWSER***********
2026-10-04 15:41:13 INFO  tests.MyInfoFormTest - ***********Initiating LoginPage***********
2026-10-04 15:41:13 INFO  pages.LoginPage - ****Initiating LoginPage********
2026-10-04 15:41:13 INFO  tests.MyInfoFormTest - **********Sending Valid Username-Password to LoginPage*************
2026-10-04 15:41:13 INFO  pages.LoginPage - ******Logging into app****
2026-10-04 15:41:13 INFO  pages.LoginPage - ****Entering Username********
2026-10-04 15:41:13 INFO  pages.LoginPage - ******Checking Presence of Username Field******
2026-10-04 15:41:14 INFO  pages.LoginPage - ******Sending Username******
2026-10-04 15:41:14 INFO  pages.LoginPage - ****Entering Password********
2026-10-04 15:41:14 INFO  pages.LoginPage - ******Checking Visibility of Password Field******
2026-10-04 15:41:14 INFO  pages.LoginPage - ******Sending Password******
2026-10-04 15:41:15 INFO  pages.LoginPage - ****Clicking on Login Button********
2026-10-04 15:41:15 INFO  pages.LoginPage - ******Checking Clickability of Login Button******
2026-10-04 15:41:15 INFO  pages.LoginPage - ******Clicking on Login Button******
2026-10-04 15:41:17 INFO  tests.MyInfoFormTest - ********Initiating Homepage*********
2026-10-04 15:41:17 INFO  pages.HomePage - ****Initiating HomePage********
2026-10-04 15:41:17 INFO  tests.MyInfoFormTest - ********Finding dashboard*********
2026-10-04 15:41:17 INFO  pages.HomePage - ********Getting Dashboard Element********
2026-10-04 15:41:17 INFO  tests.MyInfoFormTest - ********Clicking on MyInfo Button*********
2026-10-04 15:41:17 INFO  pages.HomePage - ********Checking Clickability of MyInfo Button********
2026-10-04 15:41:17 INFO  pages.HomePage - *******Clicking on MyInfo Button********
2026-10-04 15:41:19 INFO  tests.MyInfoFormTest - ********Initiating MyInfo Page*********
2026-10-04 15:41:19 INFO  pages.MyInfoPage - **********Initiating MyInfoPage**********
2026-10-04 15:41:19 INFO  tests.MyInfoFormTest - ********Enetering First Name*********
2026-10-04 15:41:19 INFO  pages.MyInfoPage - **********Checking Presence for First Name Field*************
2026-10-04 15:41:19 ERROR tests.MyInfoFormTest - loginSuccessTest Failed : IllegalArgumentException FOUND => Locator must be set
2026-10-04 15:41:20 INFO  org.testng.internal.Utils - [TestNG] Time taken by org.testng.reporters.jq.Main@5cbb84b1: 120 ms
2026-10-04 15:41:20 INFO  org.testng.internal.Utils - [TestNG] Time taken by org.testng.reporters.FailedReporter@5183d589: 4 ms
2026-10-04 15:41:20 INFO  org.testng.internal.Utils - [TestNG] Time taken by org.testng.reporters.XMLReporter@60921b21: 16 ms
2026-10-04 15:41:20 INFO  org.testng.internal.Utils - [TestNG] Time taken by org.testng.reporters.EmailableReporter2@7c211fd0: 8 ms
2026-10-04 15:41:20 INFO  org.testng.internal.Utils - [TestNG] Time taken by org.testng.reporters.JUnitReportReporter@25d958c6: 11 ms
2026-10-04 15:41:20 INFO  org.testng.internal.Utils - [TestNG] Time taken by org.testng.internal.ExitCodeListener@4482469c: 0 ms
2026-10-04 15:50:29 INFO  org.testng.internal.Utils - [Utils] MethodGroupsHelper.collectMethodsByGroup() took 2 ms.
2026-10-04 15:50:29 INFO  org.testng.internal.Utils - [Utils] MethodGroupsHelper.sortMethods() took 3 ms.
2026-10-04 15:50:29 INFO  org.testng.internal.Utils - [Utils] MethodGroupsHelper.collectMethodsByGroup() took 0 ms.
2026-10-04 15:50:29 INFO  org.testng.internal.Utils - [Utils] MethodGroupsHelper.sortMethods() took 0 ms.
2026-10-04 15:50:29 INFO  org.testng.internal.Utils - [Utils] MethodGroupsHelper.collectMethodsByGroup() took 0 ms.
2026-10-04 15:50:29 INFO  org.testng.internal.Utils - [Utils] MethodGroupsHelper.sortMethods() took 0 ms.
2026-10-04 15:50:29 INFO  org.testng.internal.Utils - [Utils] MethodGroupsHelper.collectMethodsByGroup() took 0 ms.
2026-10-04 15:50:29 INFO  org.testng.internal.Utils - [Utils] MethodGroupsHelper.sortMethods() took 0 ms.
2026-10-04 15:50:29 INFO  org.testng.internal.Utils - [Utils] MethodGroupsHelper.collectMethodsByGroup() took 0 ms.
2026-10-04 15:50:29 INFO  org.testng.internal.Utils - [Utils] MethodGroupsHelper.sortMethods() took 0 ms.
2026-10-04 15:50:29 INFO  org.testng.internal.Utils - [Utils] MethodGroupsHelper.collectMethodsByGroup() took 0 ms.
2026-10-04 15:50:29 INFO  org.testng.internal.Utils - [Utils] MethodGroupsHelper.sortMethods() took 0 ms.
2026-10-04 15:50:29 INFO  org.testng.internal.Utils - [Utils] MethodGroupsHelper.collectMethodsByGroup() took 0 ms.
2026-10-04 15:50:29 INFO  org.testng.internal.Utils - [Utils] MethodGroupsHelper.sortMethods() took 0 ms.
2026-10-04 15:50:29 INFO  org.testng.internal.Utils - [Utils] MethodGroupsHelper.collectMethodsByGroup() took 0 ms.
2026-10-04 15:50:29 INFO  org.testng.internal.Utils - [Utils] MethodGroupsHelper.sortMethods() took 0 ms.
2026-10-04 15:50:29 INFO  org.testng.internal.Utils - [Utils] MethodGroupsHelper.collectMethodsByGroup() took 13 ms.
2026-10-04 15:50:29 INFO  org.testng.internal.Utils - [Utils] MethodGroupsHelper.sortMethods() took 53 ms.
2026-10-04 15:50:29 INFO  org.testng.internal.Utils - [Utils] MethodGroupsHelper.collectMethodsByGroup() took 0 ms.
2026-10-04 15:50:29 INFO  org.testng.internal.Utils - [Utils] MethodGroupsHelper.sortMethods() took 0 ms.
2026-10-04 15:50:29 INFO  org.testng.internal.Utils - [Utils] MethodGroupsHelper.collectMethodsByGroup() took 0 ms.
2026-10-04 15:50:29 INFO  org.testng.internal.Utils - [Utils] MethodGroupsHelper.sortMethods() took 0 ms.
2026-10-04 15:50:29 INFO  org.testng.internal.Utils - [Utils] MethodGroupsHelper.collectMethodsByGroup() took 0 ms.
2026-10-04 15:50:29 INFO  org.testng.internal.Utils - [Utils] MethodGroupsHelper.sortMethods() took 0 ms.
2026-10-04 15:50:29 INFO  org.testng.internal.Utils - [Utils] MethodGroupsHelper.collectMethodsByGroup() took 1 ms.
2026-10-04 15:50:29 INFO  org.testng.internal.Utils - [Utils] MethodGroupsHelper.sortMethods() took 0 ms.
2026-10-04 15:50:29 INFO  org.testng.internal.Utils - [Utils] MethodGroupsHelper.collectMethodsByGroup() took 0 ms.
2026-10-04 15:50:29 INFO  org.testng.internal.Utils - [Utils] MethodGroupsHelper.sortMethods() took 0 ms.
2026-10-04 15:50:29 INFO  org.testng.internal.Utils - [Utils] MethodGroupsHelper.collectMethodsByGroup() took 0 ms.
2026-10-04 15:50:29 INFO  org.testng.internal.Utils - [Utils] MethodGroupsHelper.sortMethods() took 0 ms.
2026-10-04 15:50:29 INFO  org.testng.internal.Utils - [TestNG] Running:
  C:\Users\Rahul Kumar\AppData\Local\Temp\testng-eclipse-1803409912\testng-customsuite.xml

2026-10-04 15:50:29 INFO  org.testng.internal.Utils - [Utils] DynamicGraphHelper.createDynamicGraph() took 11 ms.
2026-10-04 15:50:29 INFO  tests.MyInfoFormTest - ***********Initializing Driver***********
2026-10-04 15:50:29 INFO  library.Base - ***********LAUNCHING EDGE BROWSER***********
2026-10-04 15:50:38 INFO  tests.MyInfoFormTest - ***********Initiating LoginPage***********
2026-10-04 15:50:38 INFO  pages.LoginPage - ****Initiating LoginPage********
2026-10-04 15:50:38 INFO  tests.MyInfoFormTest - **********Sending Valid Username-Password to LoginPage*************
2026-10-04 15:50:38 INFO  pages.LoginPage - ******Logging into app****
2026-10-04 15:50:38 INFO  pages.LoginPage - ****Entering Username********
2026-10-04 15:50:38 INFO  pages.LoginPage - ******Checking Presence of Username Field******
2026-10-04 15:50:39 INFO  pages.LoginPage - ******Sending Username******
2026-10-04 15:50:39 INFO  pages.LoginPage - ****Entering Password********
2026-10-04 15:50:39 INFO  pages.LoginPage - ******Checking Visibility of Password Field******
2026-10-04 15:50:39 INFO  pages.LoginPage - ******Sending Password******
2026-10-04 15:50:40 INFO  pages.LoginPage - ****Clicking on Login Button********
2026-10-04 15:50:40 INFO  pages.LoginPage - ******Checking Clickability of Login Button******
2026-10-04 15:50:40 INFO  pages.LoginPage - ******Clicking on Login Button******
2026-10-04 15:50:41 INFO  tests.MyInfoFormTest - ********Initiating Homepage*********
2026-10-04 15:50:41 INFO  pages.HomePage - ****Initiating HomePage********
2026-10-04 15:50:41 INFO  tests.MyInfoFormTest - ********Finding dashboard*********
2026-10-04 15:50:41 INFO  pages.HomePage - ********Getting Dashboard Element********
2026-10-04 15:50:41 INFO  tests.MyInfoFormTest - ********Clicking on MyInfo Button*********
2026-10-04 15:50:41 INFO  pages.HomePage - ********Checking Clickability of MyInfo Button********
2026-10-04 15:50:42 INFO  pages.HomePage - *******Clicking on MyInfo Button********
2026-10-04 15:50:43 INFO  tests.MyInfoFormTest - ********Initiating infoFormTest*********
2026-10-04 15:50:43 INFO  tests.MyInfoFormTest - ********Initiating MyInfo Page*********
2026-10-04 15:50:43 INFO  pages.MyInfoPage - **********Initiating MyInfoPage**********
2026-10-04 15:50:43 INFO  tests.MyInfoFormTest - ********Enetering First Name*********
2026-10-04 15:50:43 INFO  pages.MyInfoPage - **********Checking Presence for First Name Field*************
2026-10-04 15:50:43 INFO  pages.MyInfoPage - **********Checking Visibility of First Name Field*************
2026-10-04 15:50:44 INFO  pages.MyInfoPage - **********Clicking Inside First Name Field*************
2026-10-04 15:50:45 INFO  pages.MyInfoPage - **********Selecting Previous First Name*************
2026-10-04 15:50:45 ERROR tests.MyInfoFormTest - loginSuccessTest Failed : NoSuchElementException FOUND => no such element: Unable to locate element: {"method":"xpath","selector":"//input[@class='oxd-input oxd-input--active orangehrm-firstname']"}
2026-10-04 15:50:45 INFO  org.testng.internal.Utils - [TestNG] Time taken by org.testng.reporters.jq.Main@21f9277b: 108 ms
2026-10-04 15:50:45 INFO  org.testng.internal.Utils - [TestNG] Time taken by org.testng.reporters.FailedReporter@52a36910: 2 ms
2026-10-04 15:50:45 INFO  org.testng.internal.Utils - [TestNG] Time taken by org.testng.reporters.XMLReporter@6edc4161: 13 ms
2026-10-04 15:50:45 INFO  org.testng.internal.Utils - [TestNG] Time taken by org.testng.reporters.EmailableReporter2@512d4583: 10 ms
2026-10-04 15:50:45 INFO  org.testng.internal.Utils - [TestNG] Time taken by org.testng.reporters.JUnitReportReporter@71178a52: 9 ms
2026-10-04 15:50:45 INFO  org.testng.internal.Utils - [TestNG] Time taken by org.testng.internal.ExitCodeListener@ff6077: 0 ms
2026-10-04 15:55:00 INFO  org.testng.internal.Utils - [Utils] MethodGroupsHelper.collectMethodsByGroup() took 1 ms.
2026-10-04 15:55:00 INFO  org.testng.internal.Utils - [Utils] MethodGroupsHelper.sortMethods() took 2 ms.
2026-10-04 15:55:00 INFO  org.testng.internal.Utils - [Utils] MethodGroupsHelper.collectMethodsByGroup() took 0 ms.
2026-10-04 15:55:00 INFO  org.testng.internal.Utils - [Utils] MethodGroupsHelper.sortMethods() took 0 ms.
2026-10-04 15:55:00 INFO  org.testng.internal.Utils - [Utils] MethodGroupsHelper.collectMethodsByGroup() took 0 ms.
2026-10-04 15:55:00 INFO  org.testng.internal.Utils - [Utils] MethodGroupsHelper.sortMethods() took 0 ms.
2026-10-04 15:55:00 INFO  org.testng.internal.Utils - [Utils] MethodGroupsHelper.collectMethodsByGroup() took 0 ms.
2026-10-04 15:55:00 INFO  org.testng.internal.Utils - [Utils] MethodGroupsHelper.sortMethods() took 0 ms.
2026-10-04 15:55:00 INFO  org.testng.internal.Utils - [Utils] MethodGroupsHelper.collectMethodsByGroup() took 0 ms.
2026-10-04 15:55:00 INFO  org.testng.internal.Utils - [Utils] MethodGroupsHelper.sortMethods() took 0 ms.
2026-10-04 15:55:00 INFO  org.testng.internal.Utils - [Utils] MethodGroupsHelper.collectMethodsByGroup() took 0 ms.
2026-10-04 15:55:00 INFO  org.testng.internal.Utils - [Utils] MethodGroupsHelper.sortMethods() took 0 ms.
2026-10-04 15:55:00 INFO  org.testng.internal.Utils - [Utils] MethodGroupsHelper.collectMethodsByGroup() took 0 ms.
2026-10-04 15:55:00 INFO  org.testng.internal.Utils - [Utils] MethodGroupsHelper.sortMethods() took 0 ms.
2026-10-04 15:55:00 INFO  org.testng.internal.Utils - [Utils] MethodGroupsHelper.collectMethodsByGroup() took 0 ms.
2026-10-04 15:55:00 INFO  org.testng.internal.Utils - [Utils] MethodGroupsHelper.sortMethods() took 0 ms.
2026-10-04 15:55:00 INFO  org.testng.internal.Utils - [Utils] MethodGroupsHelper.collectMethodsByGroup() took 9 ms.
2026-10-04 15:55:00 INFO  org.testng.internal.Utils - [Utils] MethodGroupsHelper.sortMethods() took 13 ms.
2026-10-04 15:55:00 INFO  org.testng.internal.Utils - [Utils] MethodGroupsHelper.collectMethodsByGroup() took 0 ms.
2026-10-04 15:55:00 INFO  org.testng.internal.Utils - [Utils] MethodGroupsHelper.sortMethods() took 0 ms.
2026-10-04 15:55:00 INFO  org.testng.internal.Utils - [Utils] MethodGroupsHelper.collectMethodsByGroup() took 0 ms.
2026-10-04 15:55:00 INFO  org.testng.internal.Utils - [Utils] MethodGroupsHelper.sortMethods() took 0 ms.
2026-10-04 15:55:00 INFO  org.testng.internal.Utils - [Utils] MethodGroupsHelper.collectMethodsByGroup() took 0 ms.
2026-10-04 15:55:00 INFO  org.testng.internal.Utils - [Utils] MethodGroupsHelper.sortMethods() took 0 ms.
2026-10-04 15:55:00 INFO  org.testng.internal.Utils - [Utils] MethodGroupsHelper.collectMethodsByGroup() took 1 ms.
2026-10-04 15:55:00 INFO  org.testng.internal.Utils - [Utils] MethodGroupsHelper.sortMethods() took 1 ms.
2026-10-04 15:55:00 INFO  org.testng.internal.Utils - [Utils] MethodGroupsHelper.collectMethodsByGroup() took 0 ms.
2026-10-04 15:55:00 INFO  org.testng.internal.Utils - [Utils] MethodGroupsHelper.sortMethods() took 0 ms.
2026-10-04 15:55:00 INFO  org.testng.internal.Utils - [Utils] MethodGroupsHelper.collectMethodsByGroup() took 0 ms.
2026-10-04 15:55:00 INFO  org.testng.internal.Utils - [Utils] MethodGroupsHelper.sortMethods() took 0 ms.
2026-10-04 15:55:00 INFO  org.testng.internal.Utils - [TestNG] Running:
  C:\Users\Rahul Kumar\AppData\Local\Temp\testng-eclipse--1144539973\testng-customsuite.xml

2026-10-04 15:55:00 INFO  org.testng.internal.Utils - [Utils] DynamicGraphHelper.createDynamicGraph() took 7 ms.
2026-10-04 15:55:01 INFO  tests.MyInfoFormTest - ***********Initializing Driver***********
2026-10-04 15:55:01 INFO  library.Base - ***********LAUNCHING EDGE BROWSER***********
2026-10-04 15:55:18 INFO  tests.MyInfoFormTest - ***********Initiating LoginPage***********
2026-10-04 15:55:18 INFO  pages.LoginPage - ****Initiating LoginPage********
2026-10-04 15:55:18 INFO  tests.MyInfoFormTest - **********Sending Valid Username-Password to LoginPage*************
2026-10-04 15:55:18 INFO  pages.LoginPage - ******Logging into app****
2026-10-04 15:55:18 INFO  pages.LoginPage - ****Entering Username********
2026-10-04 15:55:18 INFO  pages.LoginPage - ******Checking Presence of Username Field******
2026-10-04 15:55:19 INFO  pages.LoginPage - ******Sending Username******
2026-10-04 15:55:19 INFO  pages.LoginPage - ****Entering Password********
2026-10-04 15:55:19 INFO  pages.LoginPage - ******Checking Visibility of Password Field******
2026-10-04 15:55:19 INFO  pages.LoginPage - ******Sending Password******
2026-10-04 15:55:19 INFO  pages.LoginPage - ****Clicking on Login Button********
2026-10-04 15:55:19 INFO  pages.LoginPage - ******Checking Clickability of Login Button******
2026-10-04 15:55:19 INFO  pages.LoginPage - ******Clicking on Login Button******
2026-10-04 15:55:21 INFO  tests.MyInfoFormTest - ********Initiating Homepage*********
2026-10-04 15:55:21 INFO  pages.HomePage - ****Initiating HomePage********
2026-10-04 15:55:21 INFO  tests.MyInfoFormTest - ********Finding dashboard*********
2026-10-04 15:55:21 INFO  pages.HomePage - ********Getting Dashboard Element********
2026-10-04 15:55:21 INFO  tests.MyInfoFormTest - ********Clicking on MyInfo Button*********
2026-10-04 15:55:21 INFO  pages.HomePage - ********Checking Clickability of MyInfo Button********
2026-10-04 15:55:21 INFO  pages.HomePage - *******Clicking on MyInfo Button********
2026-10-04 15:55:24 INFO  tests.MyInfoFormTest - ********Initiating infoFormTest*********
2026-10-04 15:55:24 INFO  tests.MyInfoFormTest - ********Initiating MyInfo Page*********
2026-10-04 15:55:24 INFO  pages.MyInfoPage - **********Initiating MyInfoPage**********
2026-10-04 15:55:24 INFO  tests.MyInfoFormTest - ********Enetering First Name*********
2026-10-04 15:55:24 INFO  pages.MyInfoPage - **********Checking Visibility of First Name Field*************
2026-10-04 15:55:25 INFO  pages.MyInfoPage - **********Clicking Inside First Name Field*************
2026-10-04 15:55:26 INFO  pages.MyInfoPage - **********Selecting Previous First Name*************
2026-10-04 15:55:26 ERROR tests.MyInfoFormTest - loginSuccessTest Failed : NoSuchElementException FOUND => no such element: Unable to locate element: {"method":"xpath","selector":"//input[@class='oxd-input oxd-input--active orangehrm-firstname']"}
2026-10-04 15:55:27 INFO  org.testng.internal.Utils - [TestNG] Time taken by org.testng.reporters.jq.Main@21f9277b: 220 ms
2026-10-04 15:55:27 INFO  org.testng.internal.Utils - [TestNG] Time taken by org.testng.reporters.FailedReporter@52a36910: 5 ms
2026-10-04 15:55:27 INFO  org.testng.internal.Utils - [TestNG] Time taken by org.testng.reporters.XMLReporter@6edc4161: 27 ms
2026-10-04 15:55:27 INFO  org.testng.internal.Utils - [TestNG] Time taken by org.testng.reporters.EmailableReporter2@512d4583: 23 ms
2026-10-04 15:55:27 INFO  org.testng.internal.Utils - [TestNG] Time taken by org.testng.reporters.JUnitReportReporter@71178a52: 26 ms
2026-10-04 15:55:27 INFO  org.testng.internal.Utils - [TestNG] Time taken by org.testng.internal.ExitCodeListener@ff6077: 0 ms
2026-10-04 16:05:27 INFO  org.testng.internal.Utils - [Utils] MethodGroupsHelper.collectMethodsByGroup() took 2 ms.
2026-10-04 16:05:27 INFO  org.testng.internal.Utils - [Utils] MethodGroupsHelper.sortMethods() took 1 ms.
2026-10-04 16:05:27 INFO  org.testng.internal.Utils - [Utils] MethodGroupsHelper.collectMethodsByGroup() took 0 ms.
2026-10-04 16:05:27 INFO  org.testng.internal.Utils - [Utils] MethodGroupsHelper.sortMethods() took 0 ms.
2026-10-04 16:05:27 INFO  org.testng.internal.Utils - [Utils] MethodGroupsHelper.collectMethodsByGroup() took 0 ms.
2026-10-04 16:05:27 INFO  org.testng.internal.Utils - [Utils] MethodGroupsHelper.sortMethods() took 0 ms.
2026-10-04 16:05:27 INFO  org.testng.internal.Utils - [Utils] MethodGroupsHelper.collectMethodsByGroup() took 0 ms.
2026-10-04 16:05:27 INFO  org.testng.internal.Utils - [Utils] MethodGroupsHelper.sortMethods() took 0 ms.
2026-10-04 16:05:27 INFO  org.testng.internal.Utils - [Utils] MethodGroupsHelper.collectMethodsByGroup() took 0 ms.
2026-10-04 16:05:27 INFO  org.testng.internal.Utils - [Utils] MethodGroupsHelper.sortMethods() took 0 ms.
2026-10-04 16:05:27 INFO  org.testng.internal.Utils - [Utils] MethodGroupsHelper.collectMethodsByGroup() took 0 ms.
2026-10-04 16:05:27 INFO  org.testng.internal.Utils - [Utils] MethodGroupsHelper.sortMethods() took 0 ms.
2026-10-04 16:05:27 INFO  org.testng.internal.Utils - [Utils] MethodGroupsHelper.collectMethodsByGroup() took 0 ms.
2026-10-04 16:05:27 INFO  org.testng.internal.Utils - [Utils] MethodGroupsHelper.sortMethods() took 0 ms.
2026-10-04 16:05:27 INFO  org.testng.internal.Utils - [Utils] MethodGroupsHelper.collectMethodsByGroup() took 0 ms.
2026-10-04 16:05:27 INFO  org.testng.internal.Utils - [Utils] MethodGroupsHelper.sortMethods() took 0 ms.
2026-10-04 16:05:27 INFO  org.testng.internal.Utils - [Utils] MethodGroupsHelper.collectMethodsByGroup() took 9 ms.
2026-10-04 16:05:27 INFO  org.testng.internal.Utils - [Utils] MethodGroupsHelper.sortMethods() took 16 ms.
2026-10-04 16:05:27 INFO  org.testng.internal.Utils - [Utils] MethodGroupsHelper.collectMethodsByGroup() took 0 ms.
2026-10-04 16:05:27 INFO  org.testng.internal.Utils - [Utils] MethodGroupsHelper.sortMethods() took 0 ms.
2026-10-04 16:05:27 INFO  org.testng.internal.Utils - [Utils] MethodGroupsHelper.collectMethodsByGroup() took 0 ms.
2026-10-04 16:05:27 INFO  org.testng.internal.Utils - [Utils] MethodGroupsHelper.sortMethods() took 0 ms.
2026-10-04 16:05:27 INFO  org.testng.internal.Utils - [Utils] MethodGroupsHelper.collectMethodsByGroup() took 0 ms.
2026-10-04 16:05:27 INFO  org.testng.internal.Utils - [Utils] MethodGroupsHelper.sortMethods() took 0 ms.
2026-10-04 16:05:27 INFO  org.testng.internal.Utils - [Utils] MethodGroupsHelper.collectMethodsByGroup() took 1 ms.
2026-10-04 16:05:27 INFO  org.testng.internal.Utils - [Utils] MethodGroupsHelper.sortMethods() took 1 ms.
2026-10-04 16:05:27 INFO  org.testng.internal.Utils - [Utils] MethodGroupsHelper.collectMethodsByGroup() took 0 ms.
2026-10-04 16:05:27 INFO  org.testng.internal.Utils - [Utils] MethodGroupsHelper.sortMethods() took 0 ms.
2026-10-04 16:05:27 INFO  org.testng.internal.Utils - [Utils] MethodGroupsHelper.collectMethodsByGroup() took 0 ms.
2026-10-04 16:05:27 INFO  org.testng.internal.Utils - [Utils] MethodGroupsHelper.sortMethods() took 0 ms.
2026-10-04 16:05:27 INFO  org.testng.internal.Utils - [TestNG] Running:
  C:\Users\Rahul Kumar\AppData\Local\Temp\testng-eclipse-1417407719\testng-customsuite.xml

2026-10-04 16:05:27 INFO  org.testng.internal.Utils - [Utils] DynamicGraphHelper.createDynamicGraph() took 6 ms.
2026-10-04 16:05:27 INFO  tests.MyInfoFormTest - ***********Initializing Driver***********
2026-10-04 16:05:27 INFO  library.Base - ***********LAUNCHING EDGE BROWSER***********
2026-10-04 16:05:36 INFO  tests.MyInfoFormTest - ***********Initiating LoginPage***********
2026-10-04 16:05:36 INFO  pages.LoginPage - ****Initiating LoginPage********
2026-10-04 16:05:36 INFO  tests.MyInfoFormTest - **********Sending Valid Username-Password to LoginPage*************
2026-10-04 16:05:36 INFO  pages.LoginPage - ******Logging into app****
2026-10-04 16:05:36 INFO  pages.LoginPage - ****Entering Username********
2026-10-04 16:05:36 INFO  pages.LoginPage - ******Checking Presence of Username Field******
2026-10-04 16:05:37 INFO  pages.LoginPage - ******Sending Username******
2026-10-04 16:05:37 INFO  pages.LoginPage - ****Entering Password********
2026-10-04 16:05:37 INFO  pages.LoginPage - ******Checking Visibility of Password Field******
2026-10-04 16:05:37 INFO  pages.LoginPage - ******Sending Password******
2026-10-04 16:05:38 INFO  pages.LoginPage - ****Clicking on Login Button********
2026-10-04 16:05:38 INFO  pages.LoginPage - ******Checking Clickability of Login Button******
2026-10-04 16:05:38 INFO  pages.LoginPage - ******Clicking on Login Button******
2026-10-04 16:05:40 INFO  tests.MyInfoFormTest - ********Initiating Homepage*********
2026-10-04 16:05:40 INFO  pages.HomePage - ****Initiating HomePage********
2026-10-04 16:05:40 INFO  tests.MyInfoFormTest - ********Finding dashboard*********
2026-10-04 16:05:40 INFO  pages.HomePage - ********Getting Dashboard Element********
2026-10-04 16:05:40 INFO  tests.MyInfoFormTest - ********Clicking on MyInfo Button*********
2026-10-04 16:05:40 INFO  pages.HomePage - ********Checking Clickability of MyInfo Button********
2026-10-04 16:05:41 INFO  pages.HomePage - *******Clicking on MyInfo Button********
2026-10-04 16:05:43 INFO  tests.MyInfoFormTest - ********Initiating infoFormTest*********
2026-10-04 16:05:43 INFO  tests.MyInfoFormTest - ********Initiating MyInfo Page*********
2026-10-04 16:05:43 INFO  pages.MyInfoPage - **********Initiating MyInfoPage**********
2026-10-04 16:05:43 INFO  tests.MyInfoFormTest - ********Enetering First Name*********
2026-10-04 16:05:43 INFO  pages.MyInfoPage - **********Checking Visibility of First Name Field*************
2026-10-04 16:05:44 INFO  pages.MyInfoPage - **********Clicking Inside First Name Field*************
2026-10-04 16:05:44 INFO  pages.MyInfoPage - **********Selecting Previous First Name*************
2026-10-04 16:05:45 INFO  pages.MyInfoPage - **********Overwriting First Name*************
2026-10-04 16:05:45 INFO  tests.MyInfoFormTest - ********Enetering Middle Name*********
2026-10-04 16:05:45 INFO  pages.MyInfoPage - **********Checking Visibility of Middle Name Field*************
2026-10-04 16:05:45 INFO  pages.MyInfoPage - **********Selecting Previous Middle Name*************
2026-10-04 16:05:45 INFO  pages.MyInfoPage - **********Overwriting Middle Name*************
2026-10-04 16:05:45 ERROR tests.MyInfoFormTest - loginSuccessTest Failed : NoSuchElementException FOUND => no such element: Unable to locate element: {"method":"xpath","selector":"//input[@class='oxd-input oxd-input--active orangehrm-middlename']"}
2026-10-04 16:05:45 INFO  org.testng.internal.Utils - [TestNG] Time taken by org.testng.reporters.jq.Main@5d235104: 111 ms
2026-10-04 16:05:45 INFO  org.testng.internal.Utils - [TestNG] Time taken by org.testng.reporters.FailedReporter@3af356f: 0 ms
2026-10-04 16:05:45 INFO  org.testng.internal.Utils - [TestNG] Time taken by org.testng.reporters.XMLReporter@4078695f: 19 ms
2026-10-04 16:05:45 INFO  org.testng.internal.Utils - [TestNG] Time taken by org.testng.reporters.EmailableReporter2@982bb90: 9 ms
2026-10-04 16:05:45 INFO  org.testng.internal.Utils - [TestNG] Time taken by org.testng.reporters.JUnitReportReporter@44c5a16f: 9 ms
2026-10-04 16:05:45 INFO  org.testng.internal.Utils - [TestNG] Time taken by org.testng.internal.ExitCodeListener@417d6615: 0 ms
2026-10-04 16:07:20 INFO  org.testng.internal.Utils - [Utils] MethodGroupsHelper.collectMethodsByGroup() took 1 ms.
2026-10-04 16:07:20 INFO  org.testng.internal.Utils - [Utils] MethodGroupsHelper.sortMethods() took 2 ms.
2026-10-04 16:07:20 INFO  org.testng.internal.Utils - [Utils] MethodGroupsHelper.collectMethodsByGroup() took 0 ms.
2026-10-04 16:07:20 INFO  org.testng.internal.Utils - [Utils] MethodGroupsHelper.sortMethods() took 0 ms.
2026-10-04 16:07:20 INFO  org.testng.internal.Utils - [Utils] MethodGroupsHelper.collectMethodsByGroup() took 0 ms.
2026-10-04 16:07:20 INFO  org.testng.internal.Utils - [Utils] MethodGroupsHelper.sortMethods() took 0 ms.
2026-10-04 16:07:20 INFO  org.testng.internal.Utils - [Utils] MethodGroupsHelper.collectMethodsByGroup() took 0 ms.
2026-10-04 16:07:20 INFO  org.testng.internal.Utils - [Utils] MethodGroupsHelper.sortMethods() took 0 ms.
2026-10-04 16:07:20 INFO  org.testng.internal.Utils - [Utils] MethodGroupsHelper.collectMethodsByGroup() took 0 ms.
2026-10-04 16:07:20 INFO  org.testng.internal.Utils - [Utils] MethodGroupsHelper.sortMethods() took 0 ms.
2026-10-04 16:07:20 INFO  org.testng.internal.Utils - [Utils] MethodGroupsHelper.collectMethodsByGroup() took 0 ms.
2026-10-04 16:07:20 INFO  org.testng.internal.Utils - [Utils] MethodGroupsHelper.sortMethods() took 0 ms.
2026-10-04 16:07:20 INFO  org.testng.internal.Utils - [Utils] MethodGroupsHelper.collectMethodsByGroup() took 0 ms.
2026-10-04 16:07:20 INFO  org.testng.internal.Utils - [Utils] MethodGroupsHelper.sortMethods() took 0 ms.
2026-10-04 16:07:20 INFO  org.testng.internal.Utils - [Utils] MethodGroupsHelper.collectMethodsByGroup() took 0 ms.
2026-10-04 16:07:20 INFO  org.testng.internal.Utils - [Utils] MethodGroupsHelper.sortMethods() took 0 ms.
2026-10-04 16:07:20 INFO  org.testng.internal.Utils - [Utils] MethodGroupsHelper.collectMethodsByGroup() took 10 ms.
2026-10-04 16:07:20 INFO  org.testng.internal.Utils - [Utils] MethodGroupsHelper.sortMethods() took 15 ms.
2026-10-04 16:07:20 INFO  org.testng.internal.Utils - [Utils] MethodGroupsHelper.collectMethodsByGroup() took 0 ms.
2026-10-04 16:07:20 INFO  org.testng.internal.Utils - [Utils] MethodGroupsHelper.sortMethods() took 0 ms.
2026-10-04 16:07:20 INFO  org.testng.internal.Utils - [Utils] MethodGroupsHelper.collectMethodsByGroup() took 0 ms.
2026-10-04 16:07:20 INFO  org.testng.internal.Utils - [Utils] MethodGroupsHelper.sortMethods() took 0 ms.
2026-10-04 16:07:20 INFO  org.testng.internal.Utils - [Utils] MethodGroupsHelper.collectMethodsByGroup() took 0 ms.
2026-10-04 16:07:20 INFO  org.testng.internal.Utils - [Utils] MethodGroupsHelper.sortMethods() took 0 ms.
2026-10-04 16:07:20 INFO  org.testng.internal.Utils - [Utils] MethodGroupsHelper.collectMethodsByGroup() took 1 ms.
2026-10-04 16:07:20 INFO  org.testng.internal.Utils - [Utils] MethodGroupsHelper.sortMethods() took 1 ms.
2026-10-04 16:07:20 INFO  org.testng.internal.Utils - [Utils] MethodGroupsHelper.collectMethodsByGroup() took 0 ms.
2026-10-04 16:07:20 INFO  org.testng.internal.Utils - [Utils] MethodGroupsHelper.sortMethods() took 0 ms.
2026-10-04 16:07:20 INFO  org.testng.internal.Utils - [Utils] MethodGroupsHelper.collectMethodsByGroup() took 0 ms.
2026-10-04 16:07:20 INFO  org.testng.internal.Utils - [Utils] MethodGroupsHelper.sortMethods() took 0 ms.
2026-10-04 16:07:20 INFO  org.testng.internal.Utils - [TestNG] Running:
  C:\Users\Rahul Kumar\AppData\Local\Temp\testng-eclipse-1743811059\testng-customsuite.xml

2026-10-04 16:07:20 INFO  org.testng.internal.Utils - [Utils] DynamicGraphHelper.createDynamicGraph() took 9 ms.
2026-10-04 16:07:20 INFO  tests.MyInfoFormTest - ***********Initializing Driver***********
2026-10-04 16:07:20 INFO  library.Base - ***********LAUNCHING EDGE BROWSER***********
2026-10-04 16:07:32 INFO  tests.MyInfoFormTest - ***********Initiating LoginPage***********
2026-10-04 16:07:32 INFO  pages.LoginPage - ****Initiating LoginPage********
2026-10-04 16:07:32 INFO  tests.MyInfoFormTest - **********Sending Valid Username-Password to LoginPage*************
2026-10-04 16:07:32 INFO  pages.LoginPage - ******Logging into app****
2026-10-04 16:07:32 INFO  pages.LoginPage - ****Entering Username********
2026-10-04 16:07:32 INFO  pages.LoginPage - ******Checking Presence of Username Field******
2026-10-04 16:07:33 INFO  pages.LoginPage - ******Sending Username******
2026-10-04 16:07:33 INFO  pages.LoginPage - ****Entering Password********
2026-10-04 16:07:33 INFO  pages.LoginPage - ******Checking Visibility of Password Field******
2026-10-04 16:07:33 INFO  pages.LoginPage - ******Sending Password******
2026-10-04 16:07:33 INFO  pages.LoginPage - ****Clicking on Login Button********
2026-10-04 16:07:33 INFO  pages.LoginPage - ******Checking Clickability of Login Button******
2026-10-04 16:07:33 INFO  pages.LoginPage - ******Clicking on Login Button******
2026-10-04 16:07:37 INFO  tests.MyInfoFormTest - ********Initiating Homepage*********
2026-10-04 16:07:37 INFO  pages.HomePage - ****Initiating HomePage********
2026-10-04 16:07:37 INFO  tests.MyInfoFormTest - ********Finding dashboard*********
2026-10-04 16:07:37 INFO  pages.HomePage - ********Getting Dashboard Element********
2026-10-04 16:07:37 INFO  tests.MyInfoFormTest - ********Clicking on MyInfo Button*********
2026-10-04 16:07:37 INFO  pages.HomePage - ********Checking Clickability of MyInfo Button********
2026-10-04 16:07:37 INFO  pages.HomePage - *******Clicking on MyInfo Button********
2026-10-04 16:07:39 INFO  tests.MyInfoFormTest - ********Initiating infoFormTest*********
2026-10-04 16:07:39 INFO  tests.MyInfoFormTest - ********Initiating MyInfo Page*********
2026-10-04 16:07:39 INFO  pages.MyInfoPage - **********Initiating MyInfoPage**********
2026-10-04 16:07:39 INFO  tests.MyInfoFormTest - ********Enetering First Name*********
2026-10-04 16:07:39 INFO  pages.MyInfoPage - **********Checking Visibility of First Name Field*************
2026-10-04 16:07:40 INFO  pages.MyInfoPage - **********Clicking Inside First Name Field*************
2026-10-04 16:07:41 INFO  pages.MyInfoPage - **********Selecting Previous First Name*************
2026-10-04 16:07:41 INFO  pages.MyInfoPage - **********Overwriting First Name*************
2026-10-04 16:07:41 INFO  tests.MyInfoFormTest - ********Enetering Middle Name*********
2026-10-04 16:07:41 INFO  pages.MyInfoPage - **********Checking Visibility of Middle Name Field*************
2026-10-04 16:07:41 INFO  pages.MyInfoPage - **********Selecting Previous Middle Name*************
2026-10-04 16:07:41 INFO  pages.MyInfoPage - **********Overwriting Middle Name*************
2026-10-04 16:07:41 INFO  tests.MyInfoFormTest - ********Enetering last Name*********
2026-10-04 16:07:41 INFO  pages.MyInfoPage - **********Checking Visibility of Last Name Field*************
2026-10-04 16:07:41 INFO  pages.MyInfoPage - **********Selecting Previous Last Name*************
2026-10-04 16:07:41 INFO  pages.MyInfoPage - **********Overwriting Last Name*************
2026-10-04 16:07:41 INFO  tests.MyInfoFormTest - ********Enetering Employee ID*********
2026-10-04 16:07:41 INFO  pages.MyInfoPage - **********Checking Visibility of Employee ID Field*************
2026-10-04 16:07:41 INFO  pages.MyInfoPage - **********Selecting Previous Employee ID*************
2026-10-04 16:07:41 INFO  pages.MyInfoPage - **********Overwriting Employee ID*************
2026-10-04 16:07:41 INFO  tests.MyInfoFormTest - ********Enetering Driving License Number*********
2026-10-04 16:07:41 INFO  pages.MyInfoPage - **********Checking Visibility of Driving License Number Field*************
2026-10-04 16:07:42 INFO  pages.MyInfoPage - **********Selecting Previous Driving License Number*************
2026-10-04 16:07:42 INFO  pages.MyInfoPage - **********Overwriting Driving License Number*************
2026-10-04 16:07:42 INFO  tests.MyInfoFormTest - ********Enetering Driving License Expiry Date*********
2026-10-04 16:07:42 INFO  pages.MyInfoPage - **********Checking Clickability of License Expiry Field*************
2026-10-04 16:07:42 INFO  pages.MyInfoPage - **********Clicking on License Expiry Field*************
2026-10-04 16:07:42 INFO  pages.MyInfoPage - ***********Checking Visibility of License Expiry Year************
2026-10-04 16:07:42 INFO  pages.MyInfoPage - ***********Clicking Next Year************
2026-10-04 16:07:43 INFO  pages.MyInfoPage - ***********Clicking Next Year************
2026-10-04 16:07:43 INFO  pages.MyInfoPage - ***********Clicking Next Year************
2026-10-04 16:07:43 INFO  pages.MyInfoPage - ***********Clicking Next Year************
2026-10-04 16:07:44 INFO  pages.MyInfoPage - ***********Clicking Next Year************
2026-10-04 16:07:44 INFO  pages.MyInfoPage - ***********Clicking Next Year************
2026-10-04 16:07:44 INFO  pages.MyInfoPage - ***********Clicking Next Year************
2026-10-04 16:07:44 INFO  pages.MyInfoPage - ***********Clicking Next Year************
2026-10-04 16:07:45 INFO  pages.MyInfoPage - ***********Clicking Next Year************
2026-10-04 16:07:45 INFO  pages.MyInfoPage - ***********Clicking Next Year************
2026-10-04 16:07:45 INFO  pages.MyInfoPage - ***********Clicking Next Year************
2026-10-04 16:07:46 INFO  pages.MyInfoPage - ***********Clicking Next Year************
2026-10-04 16:07:46 INFO  pages.MyInfoPage - ***********Clicking Next Year************
2026-10-04 16:07:46 INFO  pages.MyInfoPage - ***********Clicking Next Year************
2026-10-04 16:07:46 INFO  pages.MyInfoPage - ***********Clicking Next Year************
2026-10-04 16:07:47 INFO  pages.MyInfoPage - ***********Clicking Next Year************
2026-10-04 16:07:47 INFO  pages.MyInfoPage - ***********Clicking Next Year************
2026-10-04 16:07:47 INFO  pages.MyInfoPage - ***********Clicking Next Year************
2026-10-04 16:07:47 INFO  pages.MyInfoPage - ***********Clicking Next Year************
2026-10-04 16:07:48 INFO  pages.MyInfoPage - ***********Clicking Next Year************
2026-10-04 16:07:48 INFO  pages.MyInfoPage - ***********Clicking Next Year************
2026-10-04 16:07:48 INFO  pages.MyInfoPage - ***********Clicking Next Year************
2026-10-04 16:07:48 INFO  pages.MyInfoPage - ***********Clicking Next Year************
2026-10-04 16:07:49 INFO  pages.MyInfoPage - ***********Clicking Next Year************
2026-10-04 16:07:49 INFO  pages.MyInfoPage - ***********Clicking Next Year************
2026-10-04 16:07:49 INFO  pages.MyInfoPage - ***********Clicking Next Year************
2026-10-04 16:07:49 INFO  pages.MyInfoPage - ***********Clicking Next Year************
2026-10-04 16:07:50 INFO  pages.MyInfoPage - ***********Clicking Next Year************
2026-10-04 16:07:50 INFO  pages.MyInfoPage - ***********Clicking Next Year************
2026-10-04 16:07:50 INFO  pages.MyInfoPage - ***********Clicking Next Year************
2026-10-04 16:07:50 INFO  pages.MyInfoPage - ***********Clicking Next Year************
2026-10-04 16:07:51 INFO  pages.MyInfoPage - ***********Clicking Next Year************
2026-10-04 16:07:51 INFO  pages.MyInfoPage - ***********Clicking Next Year************
2026-10-04 16:07:51 INFO  pages.MyInfoPage - ***********Clicking Next Year************
2026-10-04 16:07:51 INFO  pages.MyInfoPage - ***********Clicking Next Year************
2026-10-04 16:07:51 INFO  pages.MyInfoPage - ***********Clicking Next Year************
2026-10-04 16:07:52 INFO  pages.MyInfoPage - ***********Clicking Next Year************
2026-10-04 16:07:52 INFO  pages.MyInfoPage - ***********Clicking Next Year************
2026-10-04 16:07:52 INFO  pages.MyInfoPage - ***********Clicking Next Year************
2026-10-04 16:07:52 INFO  pages.MyInfoPage - ***********Clicking Next Year************
2026-10-04 16:07:53 INFO  pages.MyInfoPage - ***********Clicking Next Year************
2026-10-04 16:07:53 INFO  pages.MyInfoPage - ***********Clicking Next Year************
2026-10-04 16:07:53 INFO  pages.MyInfoPage - ***********Clicking Next Year************
2026-10-04 16:07:53 INFO  pages.MyInfoPage - ***********Clicking Next Year************
2026-10-04 16:07:54 INFO  pages.MyInfoPage - ***********Clicking Next Year************
2026-10-04 16:07:54 INFO  pages.MyInfoPage - ***********Clicking Next Year************
2026-10-04 16:07:54 INFO  pages.MyInfoPage - ***********Clicking Next Year************
2026-10-04 16:07:54 INFO  pages.MyInfoPage - ***********Clicking Next Year************
2026-10-04 16:07:55 INFO  pages.MyInfoPage - ***********Clicking Next Year************
2026-10-04 16:07:55 INFO  pages.MyInfoPage - ***********Clicking Next Year************
2026-10-04 16:07:55 INFO  pages.MyInfoPage - ***********Clicking Next Year************
2026-10-04 16:07:55 INFO  pages.MyInfoPage - ***********Clicking Next Year************
2026-10-04 16:07:56 INFO  pages.MyInfoPage - ***********Clicking Next Year************
2026-10-04 16:07:56 INFO  pages.MyInfoPage - ***********Clicking Next Year************
2026-10-04 16:07:56 INFO  pages.MyInfoPage - ***********Clicking Next Year************
2026-10-04 16:07:56 INFO  pages.MyInfoPage - ***********Clicking Next Year************
2026-10-04 16:07:57 INFO  pages.MyInfoPage - ***********Clicking Next Year************
2026-10-04 16:07:57 INFO  pages.MyInfoPage - ***********Clicking Next Year************
2026-10-04 16:07:57 INFO  pages.MyInfoPage - ***********Clicking Next Year************
2026-10-04 16:07:57 INFO  pages.MyInfoPage - ***********Clicking Next Year************
2026-10-04 16:07:57 INFO  pages.MyInfoPage - ***********Clicking Next Year************
2026-10-04 16:07:58 INFO  pages.MyInfoPage - ***********Clicking Next Year************
2026-10-04 16:07:58 INFO  pages.MyInfoPage - ***********Clicking Next Year************
2026-10-04 16:07:58 INFO  pages.MyInfoPage - ***********Clicking Next Year************
2026-10-04 16:07:58 INFO  pages.MyInfoPage - ***********Clicking Next Year************
2026-10-04 16:07:58 INFO  pages.MyInfoPage - ***********Clicking Next Year************
2026-10-04 16:07:59 INFO  pages.MyInfoPage - ***********Clicking Next Year************
2026-10-04 16:07:59 INFO  pages.MyInfoPage - ***********Clicking Next Year************
2026-10-04 16:07:59 INFO  pages.MyInfoPage - ***********Clicking Next Year************
2026-10-04 16:07:59 INFO  pages.MyInfoPage - ***********Clicking Next Year************
2026-10-04 16:08:00 INFO  pages.MyInfoPage - ***********Clicking Next Year************
2026-10-04 16:08:00 INFO  pages.MyInfoPage - ***********Clicking Next Year************
2026-10-04 16:08:00 INFO  pages.MyInfoPage - ***********Clicking Next Year************
2026-10-04 16:08:00 INFO  pages.MyInfoPage - ***********Clicking Next Year************
2026-10-04 16:08:01 INFO  pages.MyInfoPage - ***********Clicking Next Year************
2026-10-04 16:08:01 INFO  pages.MyInfoPage - ***********Clicking Next Year************
2026-10-04 16:08:01 INFO  pages.MyInfoPage - ***********Clicking Next Year************
2026-10-04 16:08:01 INFO  pages.MyInfoPage - ***********Clicking Next Year************
2026-10-04 16:08:01 INFO  pages.MyInfoPage - ***********Clicking Next Year************
2026-10-04 16:08:02 INFO  pages.MyInfoPage - ***********Clicking Next Year************
2026-10-04 16:08:02 INFO  pages.MyInfoPage - ***********Clicking Next Year************
2026-10-04 16:08:02 INFO  pages.MyInfoPage - ***********Clicking Next Year************
2026-10-04 16:08:02 INFO  pages.MyInfoPage - ***********Clicking Next Year************
2026-10-04 16:08:02 INFO  pages.MyInfoPage - ***********Clicking Next Year************
2026-10-04 16:08:03 INFO  pages.MyInfoPage - ***********Clicking Next Year************
2026-10-04 16:08:03 INFO  pages.MyInfoPage - ***********Clicking Next Year************
2026-10-04 16:08:03 INFO  pages.MyInfoPage - ***********Clicking Next Year************
2026-10-04 16:08:03 INFO  pages.MyInfoPage - ***********Clicking Next Year************
2026-10-04 16:08:04 INFO  pages.MyInfoPage - ***********Clicking Next Year************
2026-10-04 16:08:04 INFO  pages.MyInfoPage - ***********Clicking Next Year************
2026-10-04 16:08:04 INFO  pages.MyInfoPage - ***********Clicking Next Year************
2026-10-04 16:08:04 INFO  pages.MyInfoPage - ***********Clicking Next Year************
2026-10-04 16:08:04 INFO  pages.MyInfoPage - ***********Clicking Next Year************
2026-10-04 16:08:05 INFO  pages.MyInfoPage - ***********Clicking Next Year************
2026-10-04 16:08:05 INFO  pages.MyInfoPage - ***********Clicking Next Year************
2026-10-04 16:08:05 INFO  pages.MyInfoPage - ***********Clicking Next Year************
2026-10-04 16:08:05 INFO  pages.MyInfoPage - ***********Clicking Next Year************
2026-10-04 16:08:05 INFO  pages.MyInfoPage - ***********Clicking Next Year************
2026-10-04 16:08:05 INFO  pages.MyInfoPage - ***********Clicking Next Year************
2026-10-04 16:08:06 INFO  pages.MyInfoPage - ***********Clicking Month************
2026-10-04 16:08:06 INFO  pages.MyInfoPage - ***********Reading all Months************
2026-10-04 16:08:07 INFO  pages.MyInfoPage - ***********Clicking Desired Month************
2026-10-04 16:08:07 INFO  pages.MyInfoPage - ***********Reading all Dates************
2026-10-04 16:08:09 INFO  pages.MyInfoPage - ***********Clicking Desired Date************
2026-10-04 16:08:09 INFO  tests.MyInfoFormTest - ********Enetering Nationality*********
2026-10-04 16:08:09 INFO  pages.MyInfoPage - **********Checking Clickability of Nationality Field*************
2026-10-04 16:08:10 INFO  pages.MyInfoPage - **********Scrolling to Nationality Field*************
2026-10-04 16:08:10 INFO  pages.MyInfoPage - ***********Clicking on Nationality Field************
2026-10-04 16:08:10 INFO  pages.MyInfoPage - ***********Reading Nationality Dropdown************
2026-10-04 16:08:31 INFO  pages.MyInfoPage - ***********Clicking Desired Nationality************
2026-10-04 16:08:31 INFO  tests.MyInfoFormTest - ********Enetering Marital Status*********
2026-10-04 16:08:31 INFO  pages.MyInfoPage - **********Checking Clickability of Marital Status Field*************
2026-10-04 16:08:31 INFO  pages.MyInfoPage - ***********Clicking on Marital Status Field************
2026-10-04 16:08:31 INFO  pages.MyInfoPage - ***********Reading Marital Status Dropdown************
2026-10-04 16:08:31 INFO  pages.MyInfoPage - ***********Clicking Desired Marital Status************
2026-10-04 16:08:31 INFO  tests.MyInfoFormTest - ********Selecting Gender*********
2026-10-04 16:08:31 INFO  pages.MyInfoPage - ***********Checking Visibility of Male Button************
2026-10-04 16:08:31 INFO  pages.MyInfoPage - ***********Clicking on Male Gender************
2026-10-04 16:08:31 INFO  tests.MyInfoFormTest - ********Enetering Date of Birth*********
2026-10-04 16:08:31 INFO  pages.MyInfoPage - **********Checking Clickability of Date of Birth Field*************
2026-10-04 16:08:31 INFO  pages.MyInfoPage - **********Clicking on Date of Birth Field*************
2026-10-04 16:08:32 INFO  pages.MyInfoPage - ***********Checking Visibility of Birth Year************
2026-10-04 16:08:32 INFO  pages.MyInfoPage - ***********Clicking Previous Birth Year************
2026-10-04 16:08:32 INFO  pages.MyInfoPage - ***********Clicking Previous Birth Year************
2026-10-04 16:08:32 INFO  pages.MyInfoPage - ***********Clicking Previous Birth Year************
2026-10-04 16:08:32 INFO  pages.MyInfoPage - ***********Clicking Previous Birth Year************
2026-10-04 16:08:33 INFO  pages.MyInfoPage - ***********Clicking Previous Birth Year************
2026-10-04 16:08:33 INFO  pages.MyInfoPage - ***********Clicking Previous Birth Year************
2026-10-04 16:08:33 INFO  pages.MyInfoPage - ***********Clicking Previous Birth Year************
2026-10-04 16:08:33 INFO  pages.MyInfoPage - ***********Clicking Previous Birth Year************
2026-10-04 16:08:33 INFO  pages.MyInfoPage - ***********Clicking Previous Birth Year************
2026-10-04 16:08:34 INFO  pages.MyInfoPage - ***********Clicking Previous Birth Year************
2026-10-04 16:08:34 INFO  pages.MyInfoPage - ***********Clicking Previous Birth Year************
2026-10-04 16:08:34 INFO  pages.MyInfoPage - ***********Clicking Previous Birth Year************
2026-10-04 16:08:34 INFO  pages.MyInfoPage - ***********Clicking Previous Birth Year************
2026-10-04 16:08:34 INFO  pages.MyInfoPage - ***********Clicking Previous Birth Year************
2026-10-04 16:08:35 INFO  pages.MyInfoPage - ***********Clicking Previous Birth Year************
2026-10-04 16:08:35 INFO  pages.MyInfoPage - ***********Clicking Previous Birth Year************
2026-10-04 16:08:35 INFO  pages.MyInfoPage - ***********Clicking Previous Birth Year************
2026-10-04 16:08:35 INFO  pages.MyInfoPage - ***********Clicking Previous Birth Year************
2026-10-04 16:08:36 INFO  pages.MyInfoPage - ***********Clicking Previous Birth Year************
2026-10-04 16:08:36 INFO  pages.MyInfoPage - ***********Clicking Previous Birth Year************
2026-10-04 16:08:36 INFO  pages.MyInfoPage - ***********Clicking Previous Birth Year************
2026-10-04 16:08:36 INFO  pages.MyInfoPage - ***********Clicking Previous Birth Year************
2026-10-04 16:08:37 INFO  pages.MyInfoPage - ***********Clicking Previous Birth Year************
2026-10-04 16:08:37 INFO  pages.MyInfoPage - ***********Clicking Previous Birth Year************
2026-10-04 16:08:37 INFO  pages.MyInfoPage - ***********Clicking Previous Birth Year************
2026-10-04 16:08:38 INFO  pages.MyInfoPage - ***********Clicking Previous Birth Year************
2026-10-04 16:08:38 INFO  pages.MyInfoPage - ***********Clicking Previous Birth Year************
2026-10-04 16:08:38 INFO  pages.MyInfoPage - ***********Clicking Previous Birth Year************
2026-10-04 16:08:38 INFO  pages.MyInfoPage - ***********Clicking Previous Birth Year************
2026-10-04 16:08:39 INFO  pages.MyInfoPage - ***********Clicking Previous Birth Year************
2026-10-04 16:08:39 INFO  pages.MyInfoPage - ***********Clicking Previous Birth Year************
2026-10-04 16:08:39 INFO  pages.MyInfoPage - ***********Clicking Previous Birth Year************
2026-10-04 16:08:39 INFO  pages.MyInfoPage - ***********Clicking Previous Birth Year************
2026-10-04 16:08:40 INFO  pages.MyInfoPage - ***********Clicking Previous Birth Year************
2026-10-04 16:08:40 INFO  pages.MyInfoPage - ***********Clicking Previous Birth Year************
2026-10-04 16:08:40 INFO  pages.MyInfoPage - ***********Clicking Previous Birth Year************
2026-10-04 16:08:40 INFO  pages.MyInfoPage - ***********Clicking Previous Birth Year************
2026-10-04 16:08:41 INFO  pages.MyInfoPage - ***********Clicking Previous Birth Year************
2026-10-04 16:08:41 INFO  pages.MyInfoPage - ***********Clicking Previous Birth Year************
2026-10-04 16:08:41 INFO  pages.MyInfoPage - ***********Clicking Previous Birth Year************
2026-10-04 16:08:41 INFO  pages.MyInfoPage - ***********Clicking Previous Birth Year************
2026-10-04 16:08:42 INFO  pages.MyInfoPage - ***********Clicking Previous Birth Year************
2026-10-04 16:08:42 INFO  pages.MyInfoPage - ***********Clicking Previous Birth Year************
2026-10-04 16:08:42 INFO  pages.MyInfoPage - ***********Clicking Previous Birth Year************
2026-10-04 16:08:42 INFO  pages.MyInfoPage - ***********Clicking Previous Birth Year************
2026-10-04 16:08:43 INFO  pages.MyInfoPage - ***********Clicking Previous Birth Year************
2026-10-04 16:08:43 INFO  pages.MyInfoPage - ***********Clicking Previous Birth Year************
2026-10-04 16:08:43 INFO  pages.MyInfoPage - ***********Clicking Previous Birth Year************
2026-10-04 16:08:44 INFO  pages.MyInfoPage - ***********Clicking Previous Birth Year************
2026-10-04 16:08:44 INFO  pages.MyInfoPage - ***********Clicking Previous Birth Year************
2026-10-04 16:08:44 INFO  pages.MyInfoPage - ***********Clicking Previous Birth Year************
2026-10-04 16:08:44 INFO  pages.MyInfoPage - ***********Clicking Previous Birth Year************
2026-10-04 16:08:44 INFO  pages.MyInfoPage - ***********Clicking Previous Birth Year************
2026-10-04 16:08:45 INFO  pages.MyInfoPage - ***********Clicking Previous Birth Year************
2026-10-04 16:08:45 INFO  pages.MyInfoPage - ***********Clicking Previous Birth Year************
2026-10-04 16:08:45 INFO  pages.MyInfoPage - ***********Clicking Previous Birth Year************
2026-10-04 16:08:45 INFO  pages.MyInfoPage - ***********Clicking Previous Birth Year************
2026-10-04 16:08:46 INFO  pages.MyInfoPage - ***********Clicking Previous Birth Year************
2026-10-04 16:08:46 INFO  pages.MyInfoPage - ***********Clicking Previous Birth Year************
2026-10-04 16:08:46 INFO  pages.MyInfoPage - ***********Clicking Previous Birth Year************
2026-10-04 16:08:46 INFO  pages.MyInfoPage - ***********Clicking Previous Birth Year************
2026-10-04 16:08:46 INFO  pages.MyInfoPage - ***********Clicking Previous Birth Year************
2026-10-04 16:08:47 INFO  pages.MyInfoPage - ***********Clicking Previous Birth Year************
2026-10-04 16:08:47 INFO  pages.MyInfoPage - ***********Clicking Previous Birth Year************
2026-10-04 16:08:47 INFO  pages.MyInfoPage - ***********Clicking Previous Birth Year************
2026-10-04 16:08:47 INFO  pages.MyInfoPage - ***********Clicking Previous Birth Year************
2026-10-04 16:08:48 INFO  pages.MyInfoPage - ***********Clicking Previous Birth Year************
2026-10-04 16:08:48 INFO  pages.MyInfoPage - ***********Clicking Previous Birth Year************
2026-10-04 16:08:48 INFO  pages.MyInfoPage - ***********Clicking Previous Birth Year************
2026-10-04 16:08:48 INFO  pages.MyInfoPage - ***********Clicking Previous Birth Year************
2026-10-04 16:08:49 INFO  pages.MyInfoPage - ***********Clicking Previous Birth Year************
2026-10-04 16:08:49 INFO  pages.MyInfoPage - ***********Clicking Previous Birth Year************
2026-10-04 16:08:49 INFO  pages.MyInfoPage - ***********Clicking Previous Birth Year************
2026-10-04 16:08:50 INFO  pages.MyInfoPage - ***********Clicking Previous Birth Year************
2026-10-04 16:08:50 INFO  pages.MyInfoPage - ***********Clicking Previous Birth Year************
2026-10-04 16:08:50 INFO  pages.MyInfoPage - ***********Clicking Previous Birth Year************
2026-10-04 16:08:50 INFO  pages.MyInfoPage - ***********Clicking Previous Birth Year************
2026-10-04 16:08:51 INFO  pages.MyInfoPage - ***********Clicking Previous Birth Year************
2026-10-04 16:08:51 INFO  pages.MyInfoPage - ***********Clicking Previous Birth Year************
2026-10-04 16:08:51 INFO  pages.MyInfoPage - ***********Clicking Previous Birth Year************
2026-10-04 16:08:51 INFO  pages.MyInfoPage - ***********Clicking Previous Birth Year************
2026-10-04 16:08:52 INFO  pages.MyInfoPage - ***********Clicking Previous Birth Year************
2026-10-04 16:08:52 INFO  pages.MyInfoPage - ***********Clicking Previous Birth Year************
2026-10-04 16:08:52 INFO  pages.MyInfoPage - ***********Clicking Previous Birth Year************
2026-10-04 16:08:52 INFO  pages.MyInfoPage - ***********Clicking Previous Birth Year************
2026-10-04 16:08:53 INFO  pages.MyInfoPage - ***********Clicking Previous Birth Year************
2026-10-04 16:08:53 INFO  pages.MyInfoPage - ***********Clicking Previous Birth Year************
2026-10-04 16:08:53 INFO  pages.MyInfoPage - ***********Clicking Previous Birth Year************
2026-10-04 16:08:53 INFO  pages.MyInfoPage - ***********Clicking Previous Birth Year************
2026-10-04 16:08:54 INFO  pages.MyInfoPage - ***********Clicking Previous Birth Year************
2026-10-04 16:08:54 INFO  pages.MyInfoPage - ***********Clicking Previous Birth Year************
2026-10-04 16:08:54 INFO  pages.MyInfoPage - ***********Clicking Previous Birth Year************
2026-10-04 16:08:54 INFO  pages.MyInfoPage - ***********Clicking Previous Birth Year************
2026-10-04 16:08:55 INFO  pages.MyInfoPage - ***********Clicking Previous Birth Year************
2026-10-04 16:08:55 INFO  pages.MyInfoPage - ***********Clicking Previous Birth Year************
2026-10-04 16:08:55 INFO  pages.MyInfoPage - ***********Clicking Previous Birth Year************
2026-10-04 16:08:55 INFO  pages.MyInfoPage - ***********Clicking Previous Birth Year************
2026-10-04 16:08:56 INFO  pages.MyInfoPage - ***********Clicking Previous Birth Year************
2026-10-04 16:08:56 INFO  pages.MyInfoPage - ***********Clicking Previous Birth Year************
2026-10-04 16:08:56 INFO  pages.MyInfoPage - ***********Clicking Previous Birth Year************
2026-10-04 16:08:57 INFO  pages.MyInfoPage - ***********Clicking Previous Birth Year************
2026-10-04 16:08:57 INFO  pages.MyInfoPage - ***********Clicking Previous Birth Year************
2026-10-04 16:08:57 INFO  pages.MyInfoPage - ***********Clicking Previous Birth Year************
2026-10-04 16:08:57 INFO  pages.MyInfoPage - ***********Clicking Previous Birth Year************
2026-10-04 16:08:58 INFO  pages.MyInfoPage - ***********Clicking Previous Birth Year************
2026-10-04 16:08:58 INFO  pages.MyInfoPage - ***********Clicking Previous Birth Year************
2026-10-04 16:08:58 INFO  pages.MyInfoPage - ***********Clicking Previous Birth Year************
2026-10-04 16:08:58 INFO  pages.MyInfoPage - ***********Clicking Previous Birth Year************
2026-10-04 16:08:58 INFO  pages.MyInfoPage - ***********Clicking Previous Birth Year************
2026-10-04 16:08:59 INFO  pages.MyInfoPage - ***********Clicking Previous Birth Year************
2026-10-04 16:08:59 INFO  pages.MyInfoPage - ***********Clicking Previous Birth Year************
2026-10-04 16:08:59 INFO  pages.MyInfoPage - ***********Clicking Previous Birth Year************
2026-10-04 16:08:59 INFO  pages.MyInfoPage - ***********Clicking Previous Birth Year************
2026-10-04 16:09:00 INFO  pages.MyInfoPage - ***********Clicking Previous Birth Year************
2026-10-04 16:09:00 INFO  pages.MyInfoPage - ***********Clicking Previous Birth Year************
2026-10-04 16:09:00 INFO  pages.MyInfoPage - ***********Clicking Previous Birth Year************
2026-10-04 16:09:00 INFO  pages.MyInfoPage - ***********Clicking Previous Birth Year************
2026-10-04 16:09:00 INFO  pages.MyInfoPage - ***********Clicking Previous Birth Year************
2026-10-04 16:09:01 INFO  pages.MyInfoPage - ***********Clicking Previous Birth Year************
2026-10-04 16:09:01 INFO  pages.MyInfoPage - ***********Clicking Previous Birth Year************
2026-10-04 16:09:01 INFO  pages.MyInfoPage - ***********Clicking Previous Birth Year************
2026-10-04 16:09:01 INFO  pages.MyInfoPage - ***********Clicking Previous Birth Year************
2026-10-04 16:09:02 INFO  pages.MyInfoPage - ***********Clicking Previous Birth Year************
2026-10-04 16:09:02 INFO  pages.MyInfoPage - ***********Clicking Previous Birth Year************
2026-10-04 16:09:02 INFO  pages.MyInfoPage - ***********Clicking Previous Birth Year************
2026-10-04 16:09:02 INFO  pages.MyInfoPage - ***********Clicking Previous Birth Year************
2026-10-04 16:09:03 INFO  pages.MyInfoPage - ***********Clicking Previous Birth Year************
2026-10-04 16:09:03 INFO  pages.MyInfoPage - ***********Clicking Previous Birth Year************
2026-10-04 16:09:03 INFO  pages.MyInfoPage - ***********Clicking Previous Birth Year************
2026-10-04 16:09:03 INFO  pages.MyInfoPage - ***********Clicking Previous Birth Year************
2026-10-04 16:09:04 INFO  pages.MyInfoPage - ***********Clicking Previous Birth Year************
2026-10-04 16:09:04 INFO  pages.MyInfoPage - ***********Clicking Previous Birth Year************
2026-10-04 16:09:04 INFO  pages.MyInfoPage - ***********Clicking Previous Birth Year************
2026-10-04 16:09:04 INFO  pages.MyInfoPage - ***********Clicking Previous Birth Year************
2026-10-04 16:09:05 INFO  pages.MyInfoPage - ***********Clicking Previous Birth Year************
2026-10-04 16:09:05 INFO  pages.MyInfoPage - ***********Clicking Previous Birth Year************
2026-10-04 16:09:05 INFO  pages.MyInfoPage - ***********Clicking Previous Birth Year************
2026-10-04 16:09:05 INFO  pages.MyInfoPage - ***********Clicking Previous Birth Year************
2026-10-04 16:09:06 INFO  pages.MyInfoPage - ***********Clicking Previous Birth Year************
2026-10-04 16:09:06 INFO  pages.MyInfoPage - ***********Clicking Previous Birth Year************
2026-10-04 16:09:06 INFO  pages.MyInfoPage - ***********Clicking Previous Birth Year************
2026-10-04 16:09:06 INFO  pages.MyInfoPage - ***********Clicking Previous Birth Year************
2026-10-04 16:09:07 INFO  pages.MyInfoPage - ***********Clicking Previous Birth Year************
2026-10-04 16:09:07 INFO  pages.MyInfoPage - ***********Clicking Previous Birth Year************
2026-10-04 16:09:07 INFO  pages.MyInfoPage - ***********Clicking Previous Birth Year************
2026-10-04 16:09:07 INFO  pages.MyInfoPage - ***********Clicking Previous Birth Year************
2026-10-04 16:09:08 INFO  pages.MyInfoPage - ***********Clicking Previous Birth Year************
2026-10-04 16:09:08 INFO  pages.MyInfoPage - ***********Clicking Previous Birth Year************
2026-10-04 16:09:08 INFO  pages.MyInfoPage - ***********Clicking Previous Birth Year************
2026-10-04 16:09:08 INFO  pages.MyInfoPage - ***********Clicking Previous Birth Year************
2026-10-04 16:09:09 INFO  pages.MyInfoPage - ***********Clicking Previous Birth Year************
2026-10-04 16:09:09 INFO  pages.MyInfoPage - ***********Clicking Previous Birth Year************
2026-10-04 16:09:09 INFO  pages.MyInfoPage - ***********Clicking Previous Birth Year************
2026-10-04 16:09:09 INFO  pages.MyInfoPage - ***********Clicking Previous Birth Year************
2026-10-04 16:09:10 INFO  pages.MyInfoPage - ***********Clicking Previous Birth Year************
2026-10-04 16:09:10 INFO  pages.MyInfoPage - ***********Clicking Previous Birth Year************
2026-10-04 16:09:10 INFO  pages.MyInfoPage - ***********Clicking Previous Birth Year************
2026-10-04 16:09:10 INFO  pages.MyInfoPage - ***********Clicking Previous Birth Year************
2026-10-04 16:09:11 INFO  pages.MyInfoPage - ***********Clicking Previous Birth Year************
2026-10-04 16:09:11 INFO  pages.MyInfoPage - ***********Clicking Previous Birth Year************
2026-10-04 16:09:11 INFO  pages.MyInfoPage - ***********Clicking Previous Birth Year************
2026-10-04 16:09:12 INFO  pages.MyInfoPage - ***********Clicking Previous Birth Year************
2026-10-04 16:09:12 INFO  pages.MyInfoPage - ***********Clicking Previous Birth Year************
2026-10-04 16:09:12 INFO  pages.MyInfoPage - ***********Clicking Previous Birth Year************
2026-10-04 16:09:12 INFO  pages.MyInfoPage - ***********Clicking Previous Birth Year************
2026-10-04 16:09:13 INFO  pages.MyInfoPage - ***********Clicking Previous Birth Year************
2026-10-04 16:09:13 INFO  pages.MyInfoPage - ***********Clicking Previous Birth Year************
2026-10-04 16:09:13 INFO  pages.MyInfoPage - ***********Clicking Previous Birth Year************
2026-10-04 16:09:13 INFO  pages.MyInfoPage - ***********Clicking Previous Birth Year************
2026-10-04 16:09:14 INFO  pages.MyInfoPage - ***********Clicking Previous Birth Year************
2026-10-04 16:09:14 INFO  pages.MyInfoPage - ***********Clicking Previous Birth Year************
2026-10-04 16:09:14 INFO  pages.MyInfoPage - ***********Clicking Previous Birth Year************
2026-10-04 16:09:14 INFO  pages.MyInfoPage - ***********Clicking Previous Birth Year************
2026-10-04 16:09:15 INFO  pages.MyInfoPage - ***********Clicking Previous Birth Year************
2026-10-04 16:09:15 INFO  pages.MyInfoPage - ***********Clicking Previous Birth Year************
2026-10-04 16:09:15 INFO  pages.MyInfoPage - ***********Clicking Previous Birth Year************
2026-10-04 16:09:15 INFO  pages.MyInfoPage - ***********Clicking Previous Birth Year************
2026-10-04 16:09:16 INFO  pages.MyInfoPage - ***********Clicking Previous Birth Year************
2026-10-04 16:09:16 INFO  pages.MyInfoPage - ***********Clicking Previous Birth Year************
2026-10-04 16:09:16 INFO  pages.MyInfoPage - ***********Clicking Previous Birth Year************
2026-10-04 16:09:16 INFO  pages.MyInfoPage - ***********Clicking Previous Birth Year************
2026-10-04 16:09:17 INFO  pages.MyInfoPage - ***********Clicking Previous Birth Year************
2026-10-04 16:09:17 INFO  pages.MyInfoPage - ***********Clicking Previous Birth Year************
2026-10-04 16:09:17 INFO  pages.MyInfoPage - ***********Clicking Previous Birth Year************
2026-10-04 16:09:17 INFO  pages.MyInfoPage - ***********Clicking Previous Birth Year************
2026-10-04 16:09:17 INFO  pages.MyInfoPage - ***********Clicking Previous Birth Year************
2026-10-04 16:09:18 INFO  pages.MyInfoPage - ***********Clicking Previous Birth Year************
2026-10-04 16:09:18 INFO  pages.MyInfoPage - ***********Clicking Previous Birth Year************
2026-10-04 16:09:18 INFO  pages.MyInfoPage - ***********Clicking Previous Birth Year************
2026-10-04 16:09:18 INFO  pages.MyInfoPage - ***********Clicking Previous Birth Year************
2026-10-04 16:09:18 INFO  pages.MyInfoPage - ***********Clicking Previous Birth Year************
2026-10-04 16:09:19 INFO  pages.MyInfoPage - ***********Clicking Previous Birth Year************
2026-10-04 16:09:19 INFO  pages.MyInfoPage - ***********Clicking Previous Birth Year************
2026-10-04 16:09:19 INFO  pages.MyInfoPage - ***********Clicking Previous Birth Year************
2026-10-04 16:09:19 INFO  pages.MyInfoPage - ***********Clicking Previous Birth Year************
2026-10-04 16:09:20 INFO  pages.MyInfoPage - ***********Clicking Previous Birth Year************
2026-10-04 16:09:20 INFO  pages.MyInfoPage - ***********Clicking Previous Birth Year************
2026-10-04 16:09:20 INFO  pages.MyInfoPage - ***********Clicking Previous Birth Year************
2026-10-04 16:09:20 INFO  pages.MyInfoPage - ***********Clicking Previous Birth Year************
2026-10-04 16:09:20 INFO  pages.MyInfoPage - ***********Clicking Previous Birth Year************
2026-10-04 16:09:21 INFO  pages.MyInfoPage - ***********Clicking Previous Birth Year************
2026-10-04 16:09:21 INFO  pages.MyInfoPage - ***********Clicking Previous Birth Year************
2026-10-04 16:09:21 INFO  pages.MyInfoPage - ***********Clicking Previous Birth Year************
2026-10-04 16:09:21 INFO  pages.MyInfoPage - ***********Clicking Previous Birth Year************
2026-10-04 16:09:21 INFO  pages.MyInfoPage - ***********Clicking Previous Birth Year************
2026-10-04 16:09:21 INFO  pages.MyInfoPage - ***********Clicking Previous Birth Year************
2026-10-04 16:09:22 INFO  pages.MyInfoPage - ***********Clicking Previous Birth Year************
2026-10-04 16:09:22 INFO  pages.MyInfoPage - ***********Clicking Previous Birth Year************
2026-10-04 16:09:22 INFO  pages.MyInfoPage - ***********Clicking Previous Birth Year************
2026-10-04 16:09:22 INFO  pages.MyInfoPage - ***********Clicking Previous Birth Year************
2026-10-04 16:09:22 INFO  pages.MyInfoPage - ***********Clicking Previous Birth Year************
2026-10-04 16:09:23 INFO  pages.MyInfoPage - ***********Clicking Previous Birth Year************
2026-10-04 16:09:23 INFO  pages.MyInfoPage - ***********Clicking Previous Birth Year************
2026-10-04 16:09:23 INFO  pages.MyInfoPage - ***********Clicking Previous Birth Year************
2026-10-04 16:09:23 INFO  pages.MyInfoPage - ***********Clicking Previous Birth Year************
2026-10-04 16:09:23 INFO  pages.MyInfoPage - ***********Clicking Previous Birth Year************
2026-10-04 16:09:24 INFO  pages.MyInfoPage - ***********Clicking Previous Birth Year************
2026-10-04 16:09:24 INFO  pages.MyInfoPage - ***********Clicking Previous Birth Year************
2026-10-04 16:09:24 INFO  pages.MyInfoPage - ***********Clicking Previous Birth Year************
2026-10-04 16:09:24 INFO  pages.MyInfoPage - ***********Clicking Previous Birth Year************
2026-10-04 16:09:24 INFO  pages.MyInfoPage - ***********Clicking Previous Birth Year************
2026-10-04 16:09:25 INFO  pages.MyInfoPage - ***********Clicking Previous Birth Year************
2026-10-04 16:09:25 INFO  pages.MyInfoPage - ***********Clicking Previous Birth Year************
2026-10-04 16:09:25 INFO  pages.MyInfoPage - ***********Clicking Previous Birth Year************
2026-10-04 16:09:25 INFO  pages.MyInfoPage - ***********Clicking Previous Birth Year************
2026-10-04 16:09:25 INFO  pages.MyInfoPage - ***********Clicking Previous Birth Year************
2026-10-04 16:09:25 INFO  pages.MyInfoPage - ***********Checking Clickability of Birth Month************
2026-10-04 16:09:25 INFO  pages.MyInfoPage - ***********Clicking Birth Month************
2026-10-04 16:09:26 INFO  pages.MyInfoPage - ***********Reading Birth Month Dropdown************
2026-10-04 16:09:27 INFO  pages.MyInfoPage - ***********Clicking Desired Birth Month************
2026-10-04 16:09:27 INFO  pages.MyInfoPage - ***********Reading Birth Date Grid************
2026-10-04 16:09:29 INFO  pages.MyInfoPage - ***********Clicking Desired Birth Date************
2026-10-04 16:09:29 INFO  tests.MyInfoFormTest - ********Enetering Blood Type*********
2026-10-04 16:09:29 INFO  pages.MyInfoPage - ***********Checking Clickability of Blood Type Field************
2026-10-04 16:09:29 INFO  pages.MyInfoPage - ***********Clicking on Blood Type Field************
2026-10-04 16:09:29 INFO  pages.MyInfoPage - ***********Reading Blood Type Dropdown************
2026-10-04 16:09:30 INFO  pages.MyInfoPage - ***********Clicking Desired Blood Type************
2026-10-04 16:09:30 INFO  tests.MyInfoFormTest - ********Enetering Test*********
2026-10-04 16:09:30 INFO  pages.MyInfoPage - ***********Checking Visibility of Test Field************
2026-10-04 16:09:30 INFO  pages.MyInfoPage - ***********Selecting Previous Test************
2026-10-04 16:09:30 INFO  pages.MyInfoPage - ***********Overwriting Test************
2026-10-04 16:09:30 INFO  tests.MyInfoFormTest - ********Adding Attachment*********
2026-10-04 16:09:30 INFO  pages.MyInfoPage - ***********Checking Clickability of Add Attachment Button************
2026-10-04 16:09:30 INFO  pages.MyInfoPage - ***********Clicking Add Attachment Button************
2026-10-04 16:09:30 INFO  pages.MyInfoPage - ***********Checking Presence of File Attachment************
2026-10-04 16:09:30 ERROR tests.MyInfoFormTest - loginSuccessTest Failed : IllegalArgumentException FOUND => Locator must be set
2026-10-04 16:09:30 INFO  org.testng.internal.Utils - [TestNG] Time taken by org.testng.reporters.jq.Main@27636d72: 103 ms
2026-10-04 16:09:30 INFO  org.testng.internal.Utils - [TestNG] Time taken by org.testng.reporters.FailedReporter@5d9627d3: 2 ms
2026-10-04 16:09:30 INFO  org.testng.internal.Utils - [TestNG] Time taken by org.testng.reporters.XMLReporter@7c96249e: 13 ms
2026-10-04 16:09:30 INFO  org.testng.internal.Utils - [TestNG] Time taken by org.testng.reporters.EmailableReporter2@5fbda121: 8 ms
2026-10-04 16:09:30 INFO  org.testng.internal.Utils - [TestNG] Time taken by org.testng.reporters.JUnitReportReporter@517ca63d: 11 ms
2026-10-04 16:09:30 INFO  org.testng.internal.Utils - [TestNG] Time taken by org.testng.internal.ExitCodeListener@479729d3: 0 ms
2026-10-04 16:56:58 INFO  org.testng.internal.Utils - [Utils] MethodGroupsHelper.collectMethodsByGroup() took 1 ms.
2026-10-04 16:56:58 INFO  org.testng.internal.Utils - [Utils] MethodGroupsHelper.sortMethods() took 3 ms.
2026-10-04 16:56:58 INFO  org.testng.internal.Utils - [Utils] MethodGroupsHelper.collectMethodsByGroup() took 0 ms.
2026-10-04 16:56:58 INFO  org.testng.internal.Utils - [Utils] MethodGroupsHelper.sortMethods() took 0 ms.
2026-10-04 16:56:58 INFO  org.testng.internal.Utils - [Utils] MethodGroupsHelper.collectMethodsByGroup() took 0 ms.
2026-10-04 16:56:58 INFO  org.testng.internal.Utils - [Utils] MethodGroupsHelper.sortMethods() took 0 ms.
2026-10-04 16:56:58 INFO  org.testng.internal.Utils - [Utils] MethodGroupsHelper.collectMethodsByGroup() took 0 ms.
2026-10-04 16:56:58 INFO  org.testng.internal.Utils - [Utils] MethodGroupsHelper.sortMethods() took 0 ms.
2026-10-04 16:56:58 INFO  org.testng.internal.Utils - [Utils] MethodGroupsHelper.collectMethodsByGroup() took 0 ms.
2026-10-04 16:56:58 INFO  org.testng.internal.Utils - [Utils] MethodGroupsHelper.sortMethods() took 0 ms.
2026-10-04 16:56:58 INFO  org.testng.internal.Utils - [Utils] MethodGroupsHelper.collectMethodsByGroup() took 0 ms.
2026-10-04 16:56:58 INFO  org.testng.internal.Utils - [Utils] MethodGroupsHelper.sortMethods() took 0 ms.
2026-10-04 16:56:58 INFO  org.testng.internal.Utils - [Utils] MethodGroupsHelper.collectMethodsByGroup() took 0 ms.
2026-10-04 16:56:58 INFO  org.testng.internal.Utils - [Utils] MethodGroupsHelper.sortMethods() took 0 ms.
2026-10-04 16:56:58 INFO  org.testng.internal.Utils - [Utils] MethodGroupsHelper.collectMethodsByGroup() took 0 ms.
2026-10-04 16:56:58 INFO  org.testng.internal.Utils - [Utils] MethodGroupsHelper.sortMethods() took 0 ms.
2026-10-04 16:56:58 INFO  org.testng.internal.Utils - [Utils] MethodGroupsHelper.collectMethodsByGroup() took 10 ms.
2026-10-04 16:56:58 INFO  org.testng.internal.Utils - [Utils] MethodGroupsHelper.sortMethods() took 18 ms.
2026-10-04 16:56:58 INFO  org.testng.internal.Utils - [Utils] MethodGroupsHelper.collectMethodsByGroup() took 0 ms.
2026-10-04 16:56:58 INFO  org.testng.internal.Utils - [Utils] MethodGroupsHelper.sortMethods() took 0 ms.
2026-10-04 16:56:58 INFO  org.testng.internal.Utils - [Utils] MethodGroupsHelper.collectMethodsByGroup() took 0 ms.
2026-10-04 16:56:58 INFO  org.testng.internal.Utils - [Utils] MethodGroupsHelper.sortMethods() took 0 ms.
2026-10-04 16:56:58 INFO  org.testng.internal.Utils - [Utils] MethodGroupsHelper.collectMethodsByGroup() took 0 ms.
2026-10-04 16:56:58 INFO  org.testng.internal.Utils - [Utils] MethodGroupsHelper.sortMethods() took 0 ms.
2026-10-04 16:56:58 INFO  org.testng.internal.Utils - [Utils] MethodGroupsHelper.collectMethodsByGroup() took 0 ms.
2026-10-04 16:56:58 INFO  org.testng.internal.Utils - [Utils] MethodGroupsHelper.sortMethods() took 0 ms.
2026-10-04 16:56:58 INFO  org.testng.internal.Utils - [Utils] MethodGroupsHelper.collectMethodsByGroup() took 0 ms.
2026-10-04 16:56:58 INFO  org.testng.internal.Utils - [Utils] MethodGroupsHelper.sortMethods() took 0 ms.
2026-10-04 16:56:58 INFO  org.testng.internal.Utils - [Utils] MethodGroupsHelper.collectMethodsByGroup() took 0 ms.
2026-10-04 16:56:58 INFO  org.testng.internal.Utils - [Utils] MethodGroupsHelper.sortMethods() took 0 ms.
2026-10-04 16:56:58 INFO  org.testng.internal.Utils - [TestNG] Running:
  C:\Users\Rahul Kumar\AppData\Local\Temp\testng-eclipse--933793407\testng-customsuite.xml

2026-10-04 16:56:58 INFO  org.testng.internal.Utils - [Utils] DynamicGraphHelper.createDynamicGraph() took 9 ms.
2026-10-04 16:56:59 INFO  tests.MyInfoFormTest - ***********Initializing Driver***********
2026-10-04 16:56:59 INFO  library.Base - ***********LAUNCHING EDGE BROWSER***********
2026-10-04 16:57:11 INFO  tests.MyInfoFormTest - ***********Initiating LoginPage***********
2026-10-04 16:57:11 INFO  pages.LoginPage - ****Initiating LoginPage********
2026-10-04 16:57:11 INFO  tests.MyInfoFormTest - **********Sending Valid Username-Password to LoginPage*************
2026-10-04 16:57:11 INFO  pages.LoginPage - ******Logging into app****
2026-10-04 16:57:11 INFO  pages.LoginPage - ****Entering Username********
2026-10-04 16:57:11 INFO  pages.LoginPage - ******Checking Presence of Username Field******
2026-10-04 16:57:12 INFO  pages.LoginPage - ******Sending Username******
2026-10-04 16:57:12 INFO  pages.LoginPage - ****Entering Password********
2026-10-04 16:57:12 INFO  pages.LoginPage - ******Checking Visibility of Password Field******
2026-10-04 16:57:12 INFO  pages.LoginPage - ******Sending Password******
2026-10-04 16:57:12 INFO  pages.LoginPage - ****Clicking on Login Button********
2026-10-04 16:57:12 INFO  pages.LoginPage - ******Checking Clickability of Login Button******
2026-10-04 16:57:12 INFO  pages.LoginPage - ******Clicking on Login Button******
2026-10-04 16:57:14 INFO  tests.MyInfoFormTest - ********Initiating Homepage*********
2026-10-04 16:57:14 INFO  pages.HomePage - ****Initiating HomePage********
2026-10-04 16:57:14 INFO  tests.MyInfoFormTest - ********Finding dashboard*********
2026-10-04 16:57:14 INFO  pages.HomePage - ********Getting Dashboard Element********
2026-10-04 16:57:14 INFO  tests.MyInfoFormTest - ********Clicking on MyInfo Button*********
2026-10-04 16:57:14 INFO  pages.HomePage - ********Checking Clickability of MyInfo Button********
2026-10-04 16:57:15 INFO  pages.HomePage - *******Clicking on MyInfo Button********
2026-10-04 16:57:16 INFO  tests.MyInfoFormTest - ********Initiating infoFormTest*********
2026-10-04 16:57:16 INFO  tests.MyInfoFormTest - ********Initiating MyInfo Page*********
2026-10-04 16:57:16 INFO  pages.MyInfoPage - **********Initiating MyInfoPage**********
2026-10-04 16:57:16 INFO  tests.MyInfoFormTest - ********Enetering First Name*********
2026-10-04 16:57:16 INFO  pages.MyInfoPage - **********Checking Visibility of First Name Field*************
2026-10-04 16:57:17 INFO  pages.MyInfoPage - **********Clicking Inside First Name Field*************
2026-10-04 16:57:17 INFO  pages.MyInfoPage - **********Selecting Previous First Name*************
2026-10-04 16:57:17 INFO  pages.MyInfoPage - **********Overwriting First Name*************
2026-10-04 16:57:18 INFO  tests.MyInfoFormTest - ********Enetering Middle Name*********
2026-10-04 16:57:18 INFO  pages.MyInfoPage - **********Checking Visibility of Middle Name Field*************
2026-10-04 16:57:18 INFO  pages.MyInfoPage - **********Selecting Previous Middle Name*************
2026-10-04 16:57:18 INFO  pages.MyInfoPage - **********Overwriting Middle Name*************
2026-10-04 16:57:18 INFO  tests.MyInfoFormTest - ********Enetering last Name*********
2026-10-04 16:57:18 INFO  pages.MyInfoPage - **********Checking Visibility of Last Name Field*************
2026-10-04 16:57:18 INFO  pages.MyInfoPage - **********Selecting Previous Last Name*************
2026-10-04 16:57:18 INFO  pages.MyInfoPage - **********Overwriting Last Name*************
2026-10-04 16:57:18 INFO  tests.MyInfoFormTest - ********Enetering Employee ID*********
2026-10-04 16:57:18 INFO  pages.MyInfoPage - **********Checking Visibility of Employee ID Field*************
2026-10-04 16:57:18 INFO  pages.MyInfoPage - **********Selecting Previous Employee ID*************
2026-10-04 16:57:19 INFO  pages.MyInfoPage - **********Overwriting Employee ID*************
2026-10-04 16:57:19 INFO  tests.MyInfoFormTest - ********Enetering Driving License Number*********
2026-10-04 16:57:19 INFO  pages.MyInfoPage - **********Checking Visibility of Driving License Number Field*************
2026-10-04 16:57:19 INFO  pages.MyInfoPage - **********Selecting Previous Driving License Number*************
2026-10-04 16:57:19 INFO  pages.MyInfoPage - **********Overwriting Driving License Number*************
2026-10-04 16:57:19 INFO  tests.MyInfoFormTest - ********Enetering Driving License Expiry Date*********
2026-10-04 16:57:19 INFO  pages.MyInfoPage - **********Checking Clickability of License Expiry Field*************
2026-10-04 16:57:19 INFO  pages.MyInfoPage - **********Clicking on License Expiry Field*************
2026-10-04 16:57:19 INFO  pages.MyInfoPage - ***********Checking Visibility of License Expiry Year************
2026-10-04 16:57:20 INFO  pages.MyInfoPage - ***********Clicking Next Year************
2026-10-04 16:57:20 INFO  pages.MyInfoPage - ***********Clicking Next Year************
2026-10-04 16:57:20 INFO  pages.MyInfoPage - ***********Clicking Next Year************
2026-10-04 16:57:20 INFO  pages.MyInfoPage - ***********Clicking Next Year************
2026-10-04 16:57:21 INFO  pages.MyInfoPage - ***********Clicking Next Year************
2026-10-04 16:57:21 INFO  pages.MyInfoPage - ***********Clicking Next Year************
2026-10-04 16:57:21 INFO  pages.MyInfoPage - ***********Clicking Next Year************
2026-10-04 16:57:21 INFO  pages.MyInfoPage - ***********Clicking Next Year************
2026-10-04 16:57:22 INFO  pages.MyInfoPage - ***********Clicking Next Year************
2026-10-04 16:57:22 INFO  pages.MyInfoPage - ***********Clicking Next Year************
2026-10-04 16:57:22 INFO  pages.MyInfoPage - ***********Clicking Next Year************
2026-10-04 16:57:23 INFO  pages.MyInfoPage - ***********Clicking Next Year************
2026-10-04 16:57:23 INFO  pages.MyInfoPage - ***********Clicking Next Year************
2026-10-04 16:57:23 INFO  pages.MyInfoPage - ***********Clicking Next Year************
2026-10-04 16:57:23 INFO  pages.MyInfoPage - ***********Clicking Next Year************
2026-10-04 16:57:24 INFO  pages.MyInfoPage - ***********Clicking Next Year************
2026-10-04 16:57:24 INFO  pages.MyInfoPage - ***********Clicking Next Year************
2026-10-04 16:57:24 INFO  pages.MyInfoPage - ***********Clicking Next Year************
2026-10-04 16:57:25 INFO  pages.MyInfoPage - ***********Clicking Next Year************
2026-10-04 16:57:25 INFO  pages.MyInfoPage - ***********Clicking Next Year************
2026-10-04 16:57:25 INFO  pages.MyInfoPage - ***********Clicking Next Year************
2026-10-04 16:57:25 INFO  pages.MyInfoPage - ***********Clicking Next Year************
2026-10-04 16:57:26 INFO  pages.MyInfoPage - ***********Clicking Next Year************
2026-10-04 16:57:26 INFO  pages.MyInfoPage - ***********Clicking Next Year************
2026-10-04 16:57:26 INFO  pages.MyInfoPage - ***********Clicking Next Year************
2026-10-04 16:57:26 INFO  pages.MyInfoPage - ***********Clicking Next Year************
2026-10-04 16:57:27 INFO  pages.MyInfoPage - ***********Clicking Next Year************
2026-10-04 16:57:27 INFO  pages.MyInfoPage - ***********Clicking Next Year************
2026-10-04 16:57:27 INFO  pages.MyInfoPage - ***********Clicking Next Year************
2026-10-04 16:57:27 INFO  pages.MyInfoPage - ***********Clicking Next Year************
2026-10-04 16:57:28 INFO  pages.MyInfoPage - ***********Clicking Next Year************
2026-10-04 16:57:28 INFO  pages.MyInfoPage - ***********Clicking Next Year************
2026-10-04 16:57:28 INFO  pages.MyInfoPage - ***********Clicking Next Year************
2026-10-04 16:57:28 INFO  pages.MyInfoPage - ***********Clicking Next Year************
2026-10-04 16:57:29 INFO  pages.MyInfoPage - ***********Clicking Next Year************
2026-10-04 16:57:29 INFO  pages.MyInfoPage - ***********Clicking Next Year************
2026-10-04 16:57:29 INFO  pages.MyInfoPage - ***********Clicking Next Year************
2026-10-04 16:57:29 INFO  pages.MyInfoPage - ***********Clicking Next Year************
2026-10-04 16:57:30 INFO  pages.MyInfoPage - ***********Clicking Next Year************
2026-10-04 16:57:30 INFO  pages.MyInfoPage - ***********Clicking Next Year************
2026-10-04 16:57:30 INFO  pages.MyInfoPage - ***********Clicking Next Year************
2026-10-04 16:57:30 INFO  pages.MyInfoPage - ***********Clicking Next Year************
2026-10-04 16:57:31 INFO  pages.MyInfoPage - ***********Clicking Next Year************
2026-10-04 16:57:31 INFO  pages.MyInfoPage - ***********Clicking Next Year************
2026-10-04 16:57:31 INFO  pages.MyInfoPage - ***********Clicking Next Year************
2026-10-04 16:57:31 INFO  pages.MyInfoPage - ***********Clicking Next Year************
2026-10-04 16:57:32 INFO  pages.MyInfoPage - ***********Clicking Next Year************
2026-10-04 16:57:32 INFO  pages.MyInfoPage - ***********Clicking Next Year************
2026-10-04 16:57:32 INFO  pages.MyInfoPage - ***********Clicking Next Year************
2026-10-04 16:57:33 INFO  pages.MyInfoPage - ***********Clicking Next Year************
2026-10-04 16:57:33 INFO  pages.MyInfoPage - ***********Clicking Next Year************
2026-10-04 16:57:33 INFO  pages.MyInfoPage - ***********Clicking Next Year************
2026-10-04 16:57:33 INFO  pages.MyInfoPage - ***********Clicking Next Year************
2026-10-04 16:57:33 INFO  pages.MyInfoPage - ***********Clicking Next Year************
2026-10-04 16:57:34 INFO  pages.MyInfoPage - ***********Clicking Next Year************
2026-10-04 16:57:34 INFO  pages.MyInfoPage - ***********Clicking Next Year************
2026-10-04 16:57:34 INFO  pages.MyInfoPage - ***********Clicking Next Year************
2026-10-04 16:57:34 INFO  pages.MyInfoPage - ***********Clicking Next Year************
2026-10-04 16:57:35 INFO  pages.MyInfoPage - ***********Clicking Next Year************
2026-10-04 16:57:35 INFO  pages.MyInfoPage - ***********Clicking Next Year************
2026-10-04 16:57:35 INFO  pages.MyInfoPage - ***********Clicking Next Year************
2026-10-04 16:57:35 INFO  pages.MyInfoPage - ***********Clicking Next Year************
2026-10-04 16:57:36 INFO  pages.MyInfoPage - ***********Clicking Next Year************
2026-10-04 16:57:36 INFO  pages.MyInfoPage - ***********Clicking Next Year************
2026-10-04 16:57:36 INFO  pages.MyInfoPage - ***********Clicking Next Year************
2026-10-04 16:57:36 INFO  pages.MyInfoPage - ***********Clicking Next Year************
2026-10-04 16:57:37 INFO  pages.MyInfoPage - ***********Clicking Next Year************
2026-10-04 16:57:37 INFO  pages.MyInfoPage - ***********Clicking Next Year************
2026-10-04 16:57:37 INFO  pages.MyInfoPage - ***********Clicking Next Year************
2026-10-04 16:57:37 INFO  pages.MyInfoPage - ***********Clicking Next Year************
2026-10-04 16:57:37 INFO  pages.MyInfoPage - ***********Clicking Next Year************
2026-10-04 16:57:38 INFO  pages.MyInfoPage - ***********Clicking Next Year************
2026-10-04 16:57:38 INFO  pages.MyInfoPage - ***********Clicking Next Year************
2026-10-04 16:57:38 INFO  pages.MyInfoPage - ***********Clicking Next Year************
2026-10-04 16:57:38 INFO  pages.MyInfoPage - ***********Clicking Next Year************
2026-10-04 16:57:39 INFO  pages.MyInfoPage - ***********Clicking Next Year************
2026-10-04 16:57:39 INFO  pages.MyInfoPage - ***********Clicking Next Year************
2026-10-04 16:57:39 INFO  pages.MyInfoPage - ***********Clicking Next Year************
2026-10-04 16:57:39 INFO  pages.MyInfoPage - ***********Clicking Next Year************
2026-10-04 16:57:40 INFO  pages.MyInfoPage - ***********Clicking Next Year************
2026-10-04 16:57:40 INFO  pages.MyInfoPage - ***********Clicking Next Year************
2026-10-04 16:57:40 INFO  pages.MyInfoPage - ***********Clicking Next Year************
2026-10-04 16:57:40 INFO  pages.MyInfoPage - ***********Clicking Next Year************
2026-10-04 16:57:40 INFO  pages.MyInfoPage - ***********Clicking Next Year************
2026-10-04 16:57:41 INFO  pages.MyInfoPage - ***********Clicking Next Year************
2026-10-04 16:57:41 INFO  pages.MyInfoPage - ***********Clicking Next Year************
2026-10-04 16:57:41 INFO  pages.MyInfoPage - ***********Clicking Next Year************
2026-10-04 16:57:41 INFO  pages.MyInfoPage - ***********Clicking Next Year************
2026-10-04 16:57:42 INFO  pages.MyInfoPage - ***********Clicking Next Year************
2026-10-04 16:57:42 INFO  pages.MyInfoPage - ***********Clicking Next Year************
2026-10-04 16:57:42 INFO  pages.MyInfoPage - ***********Clicking Next Year************
2026-10-04 16:57:42 INFO  pages.MyInfoPage - ***********Clicking Next Year************
2026-10-04 16:57:43 INFO  pages.MyInfoPage - ***********Clicking Next Year************
2026-10-04 16:57:43 INFO  pages.MyInfoPage - ***********Clicking Next Year************
2026-10-04 16:57:43 INFO  pages.MyInfoPage - ***********Clicking Next Year************
2026-10-04 16:57:43 INFO  pages.MyInfoPage - ***********Clicking Next Year************
2026-10-04 16:57:44 INFO  pages.MyInfoPage - ***********Clicking Next Year************
2026-10-04 16:57:44 INFO  pages.MyInfoPage - ***********Clicking Next Year************
2026-10-04 16:57:44 INFO  pages.MyInfoPage - ***********Clicking Next Year************
2026-10-04 16:57:44 INFO  pages.MyInfoPage - ***********Clicking Month************
2026-10-04 16:57:45 INFO  pages.MyInfoPage - ***********Reading all Months************
2026-10-04 16:57:46 INFO  pages.MyInfoPage - ***********Clicking Desired Month************
2026-10-04 16:57:46 INFO  pages.MyInfoPage - ***********Reading all Dates************
2026-10-04 16:57:48 INFO  pages.MyInfoPage - ***********Clicking Desired Date************
2026-10-04 16:57:48 INFO  tests.MyInfoFormTest - ********Enetering Nationality*********
2026-10-04 16:57:48 INFO  pages.MyInfoPage - **********Checking Clickability of Nationality Field*************
2026-10-04 16:57:48 INFO  pages.MyInfoPage - **********Scrolling to Nationality Field*************
2026-10-04 16:57:48 INFO  pages.MyInfoPage - ***********Clicking on Nationality Field************
2026-10-04 16:57:49 INFO  pages.MyInfoPage - ***********Reading Nationality Dropdown************
2026-10-04 16:58:12 INFO  pages.MyInfoPage - ***********Clicking Desired Nationality************
2026-10-04 16:58:12 INFO  tests.MyInfoFormTest - ********Enetering Marital Status*********
2026-10-04 16:58:12 INFO  pages.MyInfoPage - **********Checking Clickability of Marital Status Field*************
2026-10-04 16:58:12 INFO  pages.MyInfoPage - ***********Clicking on Marital Status Field************
2026-10-04 16:58:12 INFO  pages.MyInfoPage - ***********Reading Marital Status Dropdown************
2026-10-04 16:58:13 INFO  pages.MyInfoPage - ***********Clicking Desired Marital Status************
2026-10-04 16:58:13 INFO  tests.MyInfoFormTest - ********Selecting Gender*********
2026-10-04 16:58:13 INFO  pages.MyInfoPage - ***********Checking Visibility of Male Button************
2026-10-04 16:58:13 INFO  pages.MyInfoPage - ***********Clicking on Male Gender************
2026-10-04 16:58:13 INFO  tests.MyInfoFormTest - ********Enetering Date of Birth*********
2026-10-04 16:58:13 INFO  pages.MyInfoPage - **********Checking Clickability of Date of Birth Field*************
2026-10-04 16:58:13 INFO  pages.MyInfoPage - **********Clicking on Date of Birth Field*************
2026-10-04 16:58:13 INFO  pages.MyInfoPage - ***********Checking Visibility of Birth Year************
2026-10-04 16:58:13 INFO  pages.MyInfoPage - ***********Clicking Previous Birth Year************
2026-10-04 16:58:14 INFO  pages.MyInfoPage - ***********Clicking Previous Birth Year************
2026-10-04 16:58:14 INFO  pages.MyInfoPage - ***********Clicking Previous Birth Year************
2026-10-04 16:58:14 INFO  pages.MyInfoPage - ***********Clicking Previous Birth Year************
2026-10-04 16:58:14 INFO  pages.MyInfoPage - ***********Clicking Previous Birth Year************
2026-10-04 16:58:14 INFO  pages.MyInfoPage - ***********Clicking Previous Birth Year************
2026-10-04 16:58:15 INFO  pages.MyInfoPage - ***********Clicking Previous Birth Year************
2026-10-04 16:58:15 INFO  pages.MyInfoPage - ***********Clicking Previous Birth Year************
2026-10-04 16:58:15 INFO  pages.MyInfoPage - ***********Clicking Previous Birth Year************
2026-10-04 16:58:15 INFO  pages.MyInfoPage - ***********Clicking Previous Birth Year************
2026-10-04 16:58:16 INFO  pages.MyInfoPage - ***********Clicking Previous Birth Year************
2026-10-04 16:58:16 INFO  pages.MyInfoPage - ***********Clicking Previous Birth Year************
2026-10-04 16:58:16 INFO  pages.MyInfoPage - ***********Clicking Previous Birth Year************
2026-10-04 16:58:16 INFO  pages.MyInfoPage - ***********Clicking Previous Birth Year************
2026-10-04 16:58:16 INFO  pages.MyInfoPage - ***********Clicking Previous Birth Year************
2026-10-04 16:58:17 INFO  pages.MyInfoPage - ***********Clicking Previous Birth Year************
2026-10-04 16:58:17 INFO  pages.MyInfoPage - ***********Clicking Previous Birth Year************
2026-10-04 16:58:17 INFO  pages.MyInfoPage - ***********Clicking Previous Birth Year************
2026-10-04 16:58:17 INFO  pages.MyInfoPage - ***********Clicking Previous Birth Year************
2026-10-04 16:58:17 INFO  pages.MyInfoPage - ***********Clicking Previous Birth Year************
2026-10-04 16:58:18 INFO  pages.MyInfoPage - ***********Clicking Previous Birth Year************
2026-10-04 16:58:18 INFO  pages.MyInfoPage - ***********Clicking Previous Birth Year************
2026-10-04 16:58:18 INFO  pages.MyInfoPage - ***********Clicking Previous Birth Year************
2026-10-04 16:58:18 INFO  pages.MyInfoPage - ***********Clicking Previous Birth Year************
2026-10-04 16:58:19 INFO  pages.MyInfoPage - ***********Clicking Previous Birth Year************
2026-10-04 16:58:19 INFO  pages.MyInfoPage - ***********Clicking Previous Birth Year************
2026-10-04 16:58:19 INFO  pages.MyInfoPage - ***********Clicking Previous Birth Year************
2026-10-04 16:58:19 INFO  pages.MyInfoPage - ***********Clicking Previous Birth Year************
2026-10-04 16:58:20 INFO  pages.MyInfoPage - ***********Clicking Previous Birth Year************
2026-10-04 16:58:20 INFO  pages.MyInfoPage - ***********Clicking Previous Birth Year************
2026-10-04 16:58:20 INFO  pages.MyInfoPage - ***********Clicking Previous Birth Year************
2026-10-04 16:58:20 INFO  pages.MyInfoPage - ***********Clicking Previous Birth Year************
2026-10-04 16:58:20 INFO  pages.MyInfoPage - ***********Clicking Previous Birth Year************
2026-10-04 16:58:21 INFO  pages.MyInfoPage - ***********Clicking Previous Birth Year************
2026-10-04 16:58:21 INFO  pages.MyInfoPage - ***********Clicking Previous Birth Year************
2026-10-04 16:58:21 INFO  pages.MyInfoPage - ***********Clicking Previous Birth Year************
2026-10-04 16:58:21 INFO  pages.MyInfoPage - ***********Clicking Previous Birth Year************
2026-10-04 16:58:22 INFO  pages.MyInfoPage - ***********Clicking Previous Birth Year************
2026-10-04 16:58:22 INFO  pages.MyInfoPage - ***********Clicking Previous Birth Year************
2026-10-04 16:58:22 INFO  pages.MyInfoPage - ***********Clicking Previous Birth Year************
2026-10-04 16:58:22 INFO  pages.MyInfoPage - ***********Clicking Previous Birth Year************
2026-10-04 16:58:22 INFO  pages.MyInfoPage - ***********Clicking Previous Birth Year************
2026-10-04 16:58:23 INFO  pages.MyInfoPage - ***********Clicking Previous Birth Year************
2026-10-04 16:58:23 INFO  pages.MyInfoPage - ***********Clicking Previous Birth Year************
2026-10-04 16:58:23 INFO  pages.MyInfoPage - ***********Clicking Previous Birth Year************
2026-10-04 16:58:23 INFO  pages.MyInfoPage - ***********Clicking Previous Birth Year************
2026-10-04 16:58:24 INFO  pages.MyInfoPage - ***********Clicking Previous Birth Year************
2026-10-04 16:58:24 INFO  pages.MyInfoPage - ***********Clicking Previous Birth Year************
2026-10-04 16:58:24 INFO  pages.MyInfoPage - ***********Clicking Previous Birth Year************
2026-10-04 16:58:24 INFO  pages.MyInfoPage - ***********Clicking Previous Birth Year************
2026-10-04 16:58:25 INFO  pages.MyInfoPage - ***********Clicking Previous Birth Year************
2026-10-04 16:58:25 INFO  pages.MyInfoPage - ***********Clicking Previous Birth Year************
2026-10-04 16:58:25 INFO  pages.MyInfoPage - ***********Clicking Previous Birth Year************
2026-10-04 16:58:25 INFO  pages.MyInfoPage - ***********Clicking Previous Birth Year************
2026-10-04 16:58:25 INFO  pages.MyInfoPage - ***********Clicking Previous Birth Year************
2026-10-04 16:58:26 INFO  pages.MyInfoPage - ***********Clicking Previous Birth Year************
2026-10-04 16:58:26 INFO  pages.MyInfoPage - ***********Clicking Previous Birth Year************
2026-10-04 16:58:26 INFO  pages.MyInfoPage - ***********Clicking Previous Birth Year************
2026-10-04 16:58:26 INFO  pages.MyInfoPage - ***********Clicking Previous Birth Year************
2026-10-04 16:58:26 INFO  pages.MyInfoPage - ***********Clicking Previous Birth Year************
2026-10-04 16:58:27 INFO  pages.MyInfoPage - ***********Clicking Previous Birth Year************
2026-10-04 16:58:27 INFO  pages.MyInfoPage - ***********Clicking Previous Birth Year************
2026-10-04 16:58:27 INFO  pages.MyInfoPage - ***********Clicking Previous Birth Year************
2026-10-04 16:58:27 INFO  pages.MyInfoPage - ***********Clicking Previous Birth Year************
2026-10-04 16:58:27 INFO  pages.MyInfoPage - ***********Clicking Previous Birth Year************
2026-10-04 16:58:28 INFO  pages.MyInfoPage - ***********Clicking Previous Birth Year************
2026-10-04 16:58:28 INFO  pages.MyInfoPage - ***********Clicking Previous Birth Year************
2026-10-04 16:58:28 INFO  pages.MyInfoPage - ***********Clicking Previous Birth Year************
2026-10-04 16:58:28 INFO  pages.MyInfoPage - ***********Clicking Previous Birth Year************
2026-10-04 16:58:29 INFO  pages.MyInfoPage - ***********Clicking Previous Birth Year************
2026-10-04 16:58:29 INFO  pages.MyInfoPage - ***********Clicking Previous Birth Year************
2026-10-04 16:58:29 INFO  pages.MyInfoPage - ***********Clicking Previous Birth Year************
2026-10-04 16:58:29 INFO  pages.MyInfoPage - ***********Clicking Previous Birth Year************
2026-10-04 16:58:29 INFO  pages.MyInfoPage - ***********Clicking Previous Birth Year************
2026-10-04 16:58:30 INFO  pages.MyInfoPage - ***********Clicking Previous Birth Year************
2026-10-04 16:58:30 INFO  pages.MyInfoPage - ***********Clicking Previous Birth Year************
2026-10-04 16:58:30 INFO  pages.MyInfoPage - ***********Clicking Previous Birth Year************
2026-10-04 16:58:30 INFO  pages.MyInfoPage - ***********Clicking Previous Birth Year************
2026-10-04 16:58:31 INFO  pages.MyInfoPage - ***********Clicking Previous Birth Year************
2026-10-04 16:58:31 INFO  pages.MyInfoPage - ***********Clicking Previous Birth Year************
2026-10-04 16:58:31 INFO  pages.MyInfoPage - ***********Clicking Previous Birth Year************
2026-10-04 16:58:31 INFO  pages.MyInfoPage - ***********Clicking Previous Birth Year************
2026-10-04 16:58:32 INFO  pages.MyInfoPage - ***********Clicking Previous Birth Year************
2026-10-04 16:58:32 INFO  pages.MyInfoPage - ***********Clicking Previous Birth Year************
2026-10-04 16:58:32 INFO  pages.MyInfoPage - ***********Clicking Previous Birth Year************
2026-10-04 16:58:32 INFO  pages.MyInfoPage - ***********Clicking Previous Birth Year************
2026-10-04 16:58:32 INFO  pages.MyInfoPage - ***********Clicking Previous Birth Year************
2026-10-04 16:58:33 INFO  pages.MyInfoPage - ***********Clicking Previous Birth Year************
2026-10-04 16:58:33 INFO  pages.MyInfoPage - ***********Clicking Previous Birth Year************
2026-10-04 16:58:33 INFO  pages.MyInfoPage - ***********Clicking Previous Birth Year************
2026-10-04 16:58:33 INFO  pages.MyInfoPage - ***********Clicking Previous Birth Year************
2026-10-04 16:58:34 INFO  pages.MyInfoPage - ***********Clicking Previous Birth Year************
2026-10-04 16:58:34 INFO  pages.MyInfoPage - ***********Clicking Previous Birth Year************
2026-10-04 16:58:34 INFO  pages.MyInfoPage - ***********Clicking Previous Birth Year************
2026-10-04 16:58:34 INFO  pages.MyInfoPage - ***********Clicking Previous Birth Year************
2026-10-04 16:58:34 INFO  pages.MyInfoPage - ***********Clicking Previous Birth Year************
2026-10-04 16:58:35 INFO  pages.MyInfoPage - ***********Clicking Previous Birth Year************
2026-10-04 16:58:35 INFO  pages.MyInfoPage - ***********Clicking Previous Birth Year************
2026-10-04 16:58:35 INFO  pages.MyInfoPage - ***********Clicking Previous Birth Year************
2026-10-04 16:58:35 INFO  pages.MyInfoPage - ***********Clicking Previous Birth Year************
2026-10-04 16:58:35 INFO  pages.MyInfoPage - ***********Clicking Previous Birth Year************
2026-10-04 16:58:36 INFO  pages.MyInfoPage - ***********Clicking Previous Birth Year************
2026-10-04 16:58:36 INFO  pages.MyInfoPage - ***********Clicking Previous Birth Year************
2026-10-04 16:58:36 INFO  pages.MyInfoPage - ***********Clicking Previous Birth Year************
2026-10-04 16:58:36 INFO  pages.MyInfoPage - ***********Clicking Previous Birth Year************
2026-10-04 16:58:37 INFO  pages.MyInfoPage - ***********Clicking Previous Birth Year************
2026-10-04 16:58:37 INFO  pages.MyInfoPage - ***********Clicking Previous Birth Year************
2026-10-04 16:58:37 INFO  pages.MyInfoPage - ***********Clicking Previous Birth Year************
2026-10-04 16:58:37 INFO  pages.MyInfoPage - ***********Clicking Previous Birth Year************
2026-10-04 16:58:37 INFO  pages.MyInfoPage - ***********Clicking Previous Birth Year************
2026-10-04 16:58:38 INFO  pages.MyInfoPage - ***********Clicking Previous Birth Year************
2026-10-04 16:58:38 INFO  pages.MyInfoPage - ***********Clicking Previous Birth Year************
2026-10-04 16:58:38 INFO  pages.MyInfoPage - ***********Clicking Previous Birth Year************
2026-10-04 16:58:38 INFO  pages.MyInfoPage - ***********Clicking Previous Birth Year************
2026-10-04 16:58:39 INFO  pages.MyInfoPage - ***********Clicking Previous Birth Year************
2026-10-04 16:58:39 INFO  pages.MyInfoPage - ***********Clicking Previous Birth Year************
2026-10-04 16:58:39 INFO  pages.MyInfoPage - ***********Clicking Previous Birth Year************
2026-10-04 16:58:39 INFO  pages.MyInfoPage - ***********Clicking Previous Birth Year************
2026-10-04 16:58:40 INFO  pages.MyInfoPage - ***********Clicking Previous Birth Year************
2026-10-04 16:58:40 INFO  pages.MyInfoPage - ***********Clicking Previous Birth Year************
2026-10-04 16:58:40 INFO  pages.MyInfoPage - ***********Clicking Previous Birth Year************
2026-10-04 16:58:40 INFO  pages.MyInfoPage - ***********Clicking Previous Birth Year************
2026-10-04 16:58:40 INFO  pages.MyInfoPage - ***********Clicking Previous Birth Year************
2026-10-04 16:58:41 INFO  pages.MyInfoPage - ***********Clicking Previous Birth Year************
2026-10-04 16:58:41 INFO  pages.MyInfoPage - ***********Clicking Previous Birth Year************
2026-10-04 16:58:41 INFO  pages.MyInfoPage - ***********Clicking Previous Birth Year************
2026-10-04 16:58:41 INFO  pages.MyInfoPage - ***********Clicking Previous Birth Year************
2026-10-04 16:58:42 INFO  pages.MyInfoPage - ***********Clicking Previous Birth Year************
2026-10-04 16:58:42 INFO  pages.MyInfoPage - ***********Clicking Previous Birth Year************
2026-10-04 16:58:42 INFO  pages.MyInfoPage - ***********Clicking Previous Birth Year************
2026-10-04 16:58:42 INFO  pages.MyInfoPage - ***********Clicking Previous Birth Year************
2026-10-04 16:58:42 INFO  pages.MyInfoPage - ***********Clicking Previous Birth Year************
2026-10-04 16:58:43 INFO  pages.MyInfoPage - ***********Clicking Previous Birth Year************
2026-10-04 16:58:43 INFO  pages.MyInfoPage - ***********Clicking Previous Birth Year************
2026-10-04 16:58:43 INFO  pages.MyInfoPage - ***********Clicking Previous Birth Year************
2026-10-04 16:58:43 INFO  pages.MyInfoPage - ***********Clicking Previous Birth Year************
2026-10-04 16:58:44 INFO  pages.MyInfoPage - ***********Clicking Previous Birth Year************
2026-10-04 16:58:44 INFO  pages.MyInfoPage - ***********Clicking Previous Birth Year************
2026-10-04 16:58:44 INFO  pages.MyInfoPage - ***********Clicking Previous Birth Year************
2026-10-04 16:58:44 INFO  pages.MyInfoPage - ***********Clicking Previous Birth Year************
2026-10-04 16:58:45 INFO  pages.MyInfoPage - ***********Clicking Previous Birth Year************
2026-10-04 16:58:45 INFO  pages.MyInfoPage - ***********Clicking Previous Birth Year************
2026-10-04 16:58:45 INFO  pages.MyInfoPage - ***********Clicking Previous Birth Year************
2026-10-04 16:58:45 INFO  pages.MyInfoPage - ***********Clicking Previous Birth Year************
2026-10-04 16:58:45 INFO  pages.MyInfoPage - ***********Clicking Previous Birth Year************
2026-10-04 16:58:46 INFO  pages.MyInfoPage - ***********Clicking Previous Birth Year************
2026-10-04 16:58:46 INFO  pages.MyInfoPage - ***********Clicking Previous Birth Year************
2026-10-04 16:58:46 INFO  pages.MyInfoPage - ***********Clicking Previous Birth Year************
2026-10-04 16:58:46 INFO  pages.MyInfoPage - ***********Clicking Previous Birth Year************
2026-10-04 16:58:47 INFO  pages.MyInfoPage - ***********Clicking Previous Birth Year************
2026-10-04 16:58:47 INFO  pages.MyInfoPage - ***********Clicking Previous Birth Year************
2026-10-04 16:58:47 INFO  pages.MyInfoPage - ***********Clicking Previous Birth Year************
2026-10-04 16:58:47 INFO  pages.MyInfoPage - ***********Clicking Previous Birth Year************
2026-10-04 16:58:47 INFO  pages.MyInfoPage - ***********Clicking Previous Birth Year************
2026-10-04 16:58:48 INFO  pages.MyInfoPage - ***********Clicking Previous Birth Year************
2026-10-04 16:58:48 INFO  pages.MyInfoPage - ***********Clicking Previous Birth Year************
2026-10-04 16:58:48 INFO  pages.MyInfoPage - ***********Clicking Previous Birth Year************
2026-10-04 16:58:48 INFO  pages.MyInfoPage - ***********Clicking Previous Birth Year************
2026-10-04 16:58:49 INFO  pages.MyInfoPage - ***********Clicking Previous Birth Year************
2026-10-04 16:58:49 INFO  pages.MyInfoPage - ***********Clicking Previous Birth Year************
2026-10-04 16:58:49 INFO  pages.MyInfoPage - ***********Clicking Previous Birth Year************
2026-10-04 16:58:49 INFO  pages.MyInfoPage - ***********Clicking Previous Birth Year************
2026-10-04 16:58:49 INFO  pages.MyInfoPage - ***********Clicking Previous Birth Year************
2026-10-04 16:58:50 INFO  pages.MyInfoPage - ***********Clicking Previous Birth Year************
2026-10-04 16:58:50 INFO  pages.MyInfoPage - ***********Clicking Previous Birth Year************
2026-10-04 16:58:50 INFO  pages.MyInfoPage - ***********Clicking Previous Birth Year************
2026-10-04 16:58:50 INFO  pages.MyInfoPage - ***********Clicking Previous Birth Year************
2026-10-04 16:58:51 INFO  pages.MyInfoPage - ***********Clicking Previous Birth Year************
2026-10-04 16:58:51 INFO  pages.MyInfoPage - ***********Clicking Previous Birth Year************
2026-10-04 16:58:51 INFO  pages.MyInfoPage - ***********Clicking Previous Birth Year************
2026-10-04 16:58:51 INFO  pages.MyInfoPage - ***********Clicking Previous Birth Year************
2026-10-04 16:58:51 INFO  pages.MyInfoPage - ***********Clicking Previous Birth Year************
2026-10-04 16:58:52 INFO  pages.MyInfoPage - ***********Clicking Previous Birth Year************
2026-10-04 16:58:52 INFO  pages.MyInfoPage - ***********Clicking Previous Birth Year************
2026-10-04 16:58:52 INFO  pages.MyInfoPage - ***********Clicking Previous Birth Year************
2026-10-04 16:58:52 INFO  pages.MyInfoPage - ***********Clicking Previous Birth Year************
2026-10-04 16:58:53 INFO  pages.MyInfoPage - ***********Clicking Previous Birth Year************
2026-10-04 16:58:53 INFO  pages.MyInfoPage - ***********Clicking Previous Birth Year************
2026-10-04 16:58:53 INFO  pages.MyInfoPage - ***********Clicking Previous Birth Year************
2026-10-04 16:58:53 INFO  pages.MyInfoPage - ***********Clicking Previous Birth Year************
2026-10-04 16:58:53 INFO  pages.MyInfoPage - ***********Clicking Previous Birth Year************
2026-10-04 16:58:54 INFO  pages.MyInfoPage - ***********Clicking Previous Birth Year************
2026-10-04 16:58:54 INFO  pages.MyInfoPage - ***********Clicking Previous Birth Year************
2026-10-04 16:58:54 INFO  pages.MyInfoPage - ***********Clicking Previous Birth Year************
2026-10-04 16:58:54 INFO  pages.MyInfoPage - ***********Clicking Previous Birth Year************
2026-10-04 16:58:55 INFO  pages.MyInfoPage - ***********Clicking Previous Birth Year************
2026-10-04 16:58:55 INFO  pages.MyInfoPage - ***********Clicking Previous Birth Year************
2026-10-04 16:58:55 INFO  pages.MyInfoPage - ***********Clicking Previous Birth Year************
2026-10-04 16:58:55 INFO  pages.MyInfoPage - ***********Clicking Previous Birth Year************
2026-10-04 16:58:55 INFO  pages.MyInfoPage - ***********Clicking Previous Birth Year************
2026-10-04 16:58:56 INFO  pages.MyInfoPage - ***********Clicking Previous Birth Year************
2026-10-04 16:58:56 INFO  pages.MyInfoPage - ***********Clicking Previous Birth Year************
2026-10-04 16:58:56 INFO  pages.MyInfoPage - ***********Clicking Previous Birth Year************
2026-10-04 16:58:56 INFO  pages.MyInfoPage - ***********Clicking Previous Birth Year************
2026-10-04 16:58:57 INFO  pages.MyInfoPage - ***********Clicking Previous Birth Year************
2026-10-04 16:58:57 INFO  pages.MyInfoPage - ***********Clicking Previous Birth Year************
2026-10-04 16:58:57 INFO  pages.MyInfoPage - ***********Clicking Previous Birth Year************
2026-10-04 16:58:57 INFO  pages.MyInfoPage - ***********Clicking Previous Birth Year************
2026-10-04 16:58:57 INFO  pages.MyInfoPage - ***********Clicking Previous Birth Year************
2026-10-04 16:58:58 INFO  pages.MyInfoPage - ***********Clicking Previous Birth Year************
2026-10-04 16:58:58 INFO  pages.MyInfoPage - ***********Clicking Previous Birth Year************
2026-10-04 16:58:58 INFO  pages.MyInfoPage - ***********Clicking Previous Birth Year************
2026-10-04 16:58:58 INFO  pages.MyInfoPage - ***********Clicking Previous Birth Year************
2026-10-04 16:58:58 INFO  pages.MyInfoPage - ***********Clicking Previous Birth Year************
2026-10-04 16:58:59 INFO  pages.MyInfoPage - ***********Clicking Previous Birth Year************
2026-10-04 16:58:59 INFO  pages.MyInfoPage - ***********Clicking Previous Birth Year************
2026-10-04 16:58:59 INFO  pages.MyInfoPage - ***********Clicking Previous Birth Year************
2026-10-04 16:58:59 INFO  pages.MyInfoPage - ***********Clicking Previous Birth Year************
2026-10-04 16:59:00 INFO  pages.MyInfoPage - ***********Clicking Previous Birth Year************
2026-10-04 16:59:00 INFO  pages.MyInfoPage - ***********Clicking Previous Birth Year************
2026-10-04 16:59:00 INFO  pages.MyInfoPage - ***********Clicking Previous Birth Year************
2026-10-04 16:59:00 INFO  pages.MyInfoPage - ***********Clicking Previous Birth Year************
2026-10-04 16:59:00 INFO  pages.MyInfoPage - ***********Clicking Previous Birth Year************
2026-10-04 16:59:01 INFO  pages.MyInfoPage - ***********Clicking Previous Birth Year************
2026-10-04 16:59:01 INFO  pages.MyInfoPage - ***********Clicking Previous Birth Year************
2026-10-04 16:59:01 INFO  pages.MyInfoPage - ***********Clicking Previous Birth Year************
2026-10-04 16:59:01 INFO  pages.MyInfoPage - ***********Clicking Previous Birth Year************
2026-10-04 16:59:01 INFO  pages.MyInfoPage - ***********Clicking Previous Birth Year************
2026-10-04 16:59:02 INFO  pages.MyInfoPage - ***********Clicking Previous Birth Year************
2026-10-04 16:59:02 INFO  pages.MyInfoPage - ***********Clicking Previous Birth Year************
2026-10-04 16:59:02 INFO  pages.MyInfoPage - ***********Clicking Previous Birth Year************
2026-10-04 16:59:02 INFO  pages.MyInfoPage - ***********Clicking Previous Birth Year************
2026-10-04 16:59:03 INFO  pages.MyInfoPage - ***********Clicking Previous Birth Year************
2026-10-04 16:59:03 INFO  pages.MyInfoPage - ***********Clicking Previous Birth Year************
2026-10-04 16:59:03 INFO  pages.MyInfoPage - ***********Clicking Previous Birth Year************
2026-10-04 16:59:03 INFO  pages.MyInfoPage - ***********Clicking Previous Birth Year************
2026-10-04 16:59:03 INFO  pages.MyInfoPage - ***********Checking Clickability of Birth Month************
2026-10-04 16:59:03 INFO  pages.MyInfoPage - ***********Clicking Birth Month************
2026-10-04 16:59:04 INFO  pages.MyInfoPage - ***********Reading Birth Month Dropdown************
2026-10-04 16:59:05 INFO  pages.MyInfoPage - ***********Clicking Desired Birth Month************
2026-10-04 16:59:05 INFO  pages.MyInfoPage - ***********Reading Birth Date Grid************
2026-10-04 16:59:07 INFO  pages.MyInfoPage - ***********Clicking Desired Birth Date************
2026-10-04 16:59:07 INFO  tests.MyInfoFormTest - ********Enetering Blood Type*********
2026-10-04 16:59:07 INFO  pages.MyInfoPage - ***********Checking Clickability of Blood Type Field************
2026-10-04 16:59:07 INFO  pages.MyInfoPage - ***********Clicking on Blood Type Field************
2026-10-04 16:59:08 INFO  pages.MyInfoPage - ***********Reading Blood Type Dropdown************
2026-10-04 16:59:08 INFO  pages.MyInfoPage - ***********Clicking Desired Blood Type************
2026-10-04 16:59:08 INFO  tests.MyInfoFormTest - ********Enetering Test*********
2026-10-04 16:59:08 INFO  pages.MyInfoPage - ***********Checking Visibility of Test Field************
2026-10-04 16:59:08 INFO  pages.MyInfoPage - ***********Selecting Previous Test************
2026-10-04 16:59:09 INFO  pages.MyInfoPage - ***********Overwriting Test************
2026-10-04 16:59:09 INFO  tests.MyInfoFormTest - ********Adding Attachment*********
2026-10-04 16:59:09 INFO  pages.MyInfoPage - ***********Checking Clickability of Add Attachment Button************
2026-10-04 16:59:09 INFO  pages.MyInfoPage - ***********Clicking Add Attachment Button************
2026-10-04 16:59:09 INFO  pages.MyInfoPage - ***********Checking Presence of File Attachment************
2026-10-04 16:59:29 ERROR tests.MyInfoFormTest - loginSuccessTest Failed : TimeoutException FOUND => Expected condition failed: waiting for visibility of [[EdgeDriver: MicrosoftEdge on windows (bc120722426bb2351240a52e8f8025d9)] -> xpath: //input[@class='oxd-file-input']]
2026-10-04 16:59:30 INFO  org.testng.internal.Utils - [TestNG] Time taken by org.testng.reporters.jq.Main@1d6545c5: 105 ms
2026-10-04 16:59:30 INFO  org.testng.internal.Utils - [TestNG] Time taken by org.testng.reporters.FailedReporter@14b810f9: 9 ms
2026-10-04 16:59:30 INFO  org.testng.internal.Utils - [TestNG] Time taken by org.testng.reporters.XMLReporter@375121ce: 12 ms
2026-10-04 16:59:30 INFO  org.testng.internal.Utils - [TestNG] Time taken by org.testng.reporters.EmailableReporter2@1f55bb2: 8 ms
2026-10-04 16:59:30 INFO  org.testng.internal.Utils - [TestNG] Time taken by org.testng.reporters.JUnitReportReporter@4e025001: 6 ms
2026-10-04 16:59:30 INFO  org.testng.internal.Utils - [TestNG] Time taken by org.testng.internal.ExitCodeListener@ce51a54: 0 ms
2026-10-04 17:04:50 INFO  org.testng.internal.Utils - [Utils] MethodGroupsHelper.collectMethodsByGroup() took 1 ms.
2026-10-04 17:04:50 INFO  org.testng.internal.Utils - [Utils] MethodGroupsHelper.sortMethods() took 3 ms.
2026-10-04 17:04:50 INFO  org.testng.internal.Utils - [Utils] MethodGroupsHelper.collectMethodsByGroup() took 0 ms.
2026-10-04 17:04:50 INFO  org.testng.internal.Utils - [Utils] MethodGroupsHelper.sortMethods() took 0 ms.
2026-10-04 17:04:50 INFO  org.testng.internal.Utils - [Utils] MethodGroupsHelper.collectMethodsByGroup() took 0 ms.
2026-10-04 17:04:50 INFO  org.testng.internal.Utils - [Utils] MethodGroupsHelper.sortMethods() took 0 ms.
2026-10-04 17:04:50 INFO  org.testng.internal.Utils - [Utils] MethodGroupsHelper.collectMethodsByGroup() took 0 ms.
2026-10-04 17:04:50 INFO  org.testng.internal.Utils - [Utils] MethodGroupsHelper.sortMethods() took 0 ms.
2026-10-04 17:04:50 INFO  org.testng.internal.Utils - [Utils] MethodGroupsHelper.collectMethodsByGroup() took 0 ms.
2026-10-04 17:04:50 INFO  org.testng.internal.Utils - [Utils] MethodGroupsHelper.sortMethods() took 0 ms.
2026-10-04 17:04:50 INFO  org.testng.internal.Utils - [Utils] MethodGroupsHelper.collectMethodsByGroup() took 0 ms.
2026-10-04 17:04:50 INFO  org.testng.internal.Utils - [Utils] MethodGroupsHelper.sortMethods() took 0 ms.
2026-10-04 17:04:50 INFO  org.testng.internal.Utils - [Utils] MethodGroupsHelper.collectMethodsByGroup() took 0 ms.
2026-10-04 17:04:50 INFO  org.testng.internal.Utils - [Utils] MethodGroupsHelper.sortMethods() took 0 ms.
2026-10-04 17:04:50 INFO  org.testng.internal.Utils - [Utils] MethodGroupsHelper.collectMethodsByGroup() took 0 ms.
2026-10-04 17:04:50 INFO  org.testng.internal.Utils - [Utils] MethodGroupsHelper.sortMethods() took 0 ms.
2026-10-04 17:04:50 INFO  org.testng.internal.Utils - [Utils] MethodGroupsHelper.collectMethodsByGroup() took 8 ms.
2026-10-04 17:04:50 INFO  org.testng.internal.Utils - [Utils] MethodGroupsHelper.sortMethods() took 13 ms.
2026-10-04 17:04:50 INFO  org.testng.internal.Utils - [Utils] MethodGroupsHelper.collectMethodsByGroup() took 0 ms.
2026-10-04 17:04:50 INFO  org.testng.internal.Utils - [Utils] MethodGroupsHelper.sortMethods() took 0 ms.
2026-10-04 17:04:50 INFO  org.testng.internal.Utils - [Utils] MethodGroupsHelper.collectMethodsByGroup() took 0 ms.
2026-10-04 17:04:50 INFO  org.testng.internal.Utils - [Utils] MethodGroupsHelper.sortMethods() took 0 ms.
2026-10-04 17:04:50 INFO  org.testng.internal.Utils - [Utils] MethodGroupsHelper.collectMethodsByGroup() took 0 ms.
2026-10-04 17:04:50 INFO  org.testng.internal.Utils - [Utils] MethodGroupsHelper.sortMethods() took 0 ms.
2026-10-04 17:04:50 INFO  org.testng.internal.Utils - [Utils] MethodGroupsHelper.collectMethodsByGroup() took 2 ms.
2026-10-04 17:04:50 INFO  org.testng.internal.Utils - [Utils] MethodGroupsHelper.sortMethods() took 1 ms.
2026-10-04 17:04:50 INFO  org.testng.internal.Utils - [Utils] MethodGroupsHelper.collectMethodsByGroup() took 0 ms.
2026-10-04 17:04:50 INFO  org.testng.internal.Utils - [Utils] MethodGroupsHelper.sortMethods() took 0 ms.
2026-10-04 17:04:50 INFO  org.testng.internal.Utils - [Utils] MethodGroupsHelper.collectMethodsByGroup() took 0 ms.
2026-10-04 17:04:50 INFO  org.testng.internal.Utils - [Utils] MethodGroupsHelper.sortMethods() took 0 ms.
2026-10-04 17:04:50 INFO  org.testng.internal.Utils - [TestNG] Running:
  C:\Users\Rahul Kumar\AppData\Local\Temp\testng-eclipse-1721998556\testng-customsuite.xml

2026-10-04 17:04:50 INFO  org.testng.internal.Utils - [Utils] DynamicGraphHelper.createDynamicGraph() took 7 ms.
2026-10-04 17:04:50 INFO  tests.MyInfoFormTest - ***********Initializing Driver***********
2026-10-04 17:04:50 INFO  library.Base - ***********LAUNCHING EDGE BROWSER***********
2026-10-04 17:05:05 INFO  tests.MyInfoFormTest - ***********Initiating LoginPage***********
2026-10-04 17:05:05 INFO  pages.LoginPage - ****Initiating LoginPage********
2026-10-04 17:05:05 INFO  tests.MyInfoFormTest - **********Sending Valid Username-Password to LoginPage*************
2026-10-04 17:05:05 INFO  pages.LoginPage - ******Logging into app****
2026-10-04 17:05:05 INFO  pages.LoginPage - ****Entering Username********
2026-10-04 17:05:05 INFO  pages.LoginPage - ******Checking Presence of Username Field******
2026-10-04 17:05:06 INFO  pages.LoginPage - ******Sending Username******
2026-10-04 17:05:06 INFO  pages.LoginPage - ****Entering Password********
2026-10-04 17:05:06 INFO  pages.LoginPage - ******Checking Visibility of Password Field******
2026-10-04 17:05:06 INFO  pages.LoginPage - ******Sending Password******
2026-10-04 17:05:07 INFO  pages.LoginPage - ****Clicking on Login Button********
2026-10-04 17:05:07 INFO  pages.LoginPage - ******Checking Clickability of Login Button******
2026-10-04 17:05:07 INFO  pages.LoginPage - ******Clicking on Login Button******
2026-10-04 17:05:10 INFO  tests.MyInfoFormTest - ********Initiating Homepage*********
2026-10-04 17:05:10 INFO  pages.HomePage - ****Initiating HomePage********
2026-10-04 17:05:10 INFO  tests.MyInfoFormTest - ********Finding dashboard*********
2026-10-04 17:05:10 INFO  pages.HomePage - ********Getting Dashboard Element********
2026-10-04 17:05:10 INFO  tests.MyInfoFormTest - ********Clicking on MyInfo Button*********
2026-10-04 17:05:10 INFO  pages.HomePage - ********Checking Clickability of MyInfo Button********
2026-10-04 17:05:10 INFO  pages.HomePage - *******Clicking on MyInfo Button********
2026-10-04 17:05:12 INFO  tests.MyInfoFormTest - ********Initiating infoFormTest*********
2026-10-04 17:05:12 INFO  tests.MyInfoFormTest - ********Initiating MyInfo Page*********
2026-10-04 17:05:12 INFO  pages.MyInfoPage - **********Initiating MyInfoPage**********
2026-10-04 17:05:12 INFO  tests.MyInfoFormTest - ********Enetering First Name*********
2026-10-04 17:05:12 INFO  pages.MyInfoPage - **********Checking Visibility of First Name Field*************
2026-10-04 17:05:13 INFO  pages.MyInfoPage - **********Clicking Inside First Name Field*************
2026-10-04 17:05:14 INFO  pages.MyInfoPage - **********Selecting Previous First Name*************
2026-10-04 17:05:14 INFO  pages.MyInfoPage - **********Overwriting First Name*************
2026-10-04 17:05:14 INFO  tests.MyInfoFormTest - ********Enetering Middle Name*********
2026-10-04 17:05:14 INFO  pages.MyInfoPage - **********Checking Visibility of Middle Name Field*************
2026-10-04 17:05:14 INFO  pages.MyInfoPage - **********Selecting Previous Middle Name*************
2026-10-04 17:05:14 INFO  pages.MyInfoPage - **********Overwriting Middle Name*************
2026-10-04 17:05:14 INFO  tests.MyInfoFormTest - ********Enetering last Name*********
2026-10-04 17:05:14 INFO  pages.MyInfoPage - **********Checking Visibility of Last Name Field*************
2026-10-04 17:05:14 INFO  pages.MyInfoPage - **********Selecting Previous Last Name*************
2026-10-04 17:05:15 INFO  pages.MyInfoPage - **********Overwriting Last Name*************
2026-10-04 17:05:15 INFO  tests.MyInfoFormTest - ********Enetering Employee ID*********
2026-10-04 17:05:15 INFO  pages.MyInfoPage - **********Checking Visibility of Employee ID Field*************
2026-10-04 17:05:15 INFO  pages.MyInfoPage - **********Selecting Previous Employee ID*************
2026-10-04 17:05:15 INFO  pages.MyInfoPage - **********Overwriting Employee ID*************
2026-10-04 17:05:15 INFO  tests.MyInfoFormTest - ********Enetering Driving License Number*********
2026-10-04 17:05:15 INFO  pages.MyInfoPage - **********Checking Visibility of Driving License Number Field*************
2026-10-04 17:05:15 INFO  pages.MyInfoPage - **********Selecting Previous Driving License Number*************
2026-10-04 17:05:15 INFO  pages.MyInfoPage - **********Overwriting Driving License Number*************
2026-10-04 17:05:16 INFO  tests.MyInfoFormTest - ********Enetering Driving License Expiry Date*********
2026-10-04 17:05:16 INFO  pages.MyInfoPage - **********Checking Clickability of License Expiry Field*************
2026-10-04 17:05:16 INFO  pages.MyInfoPage - **********Clicking on License Expiry Field*************
2026-10-04 17:05:16 INFO  pages.MyInfoPage - ***********Checking Visibility of License Expiry Year************
2026-10-04 17:05:16 INFO  pages.MyInfoPage - ***********Clicking Next Year************
2026-10-04 17:05:16 INFO  pages.MyInfoPage - ***********Clicking Next Year************
2026-10-04 17:05:17 INFO  pages.MyInfoPage - ***********Clicking Next Year************
2026-10-04 17:05:17 INFO  pages.MyInfoPage - ***********Clicking Next Year************
2026-10-04 17:05:17 INFO  pages.MyInfoPage - ***********Clicking Next Year************
2026-10-04 17:05:18 INFO  pages.MyInfoPage - ***********Clicking Next Year************
2026-10-04 17:05:18 INFO  pages.MyInfoPage - ***********Clicking Next Year************
2026-10-04 17:05:18 INFO  pages.MyInfoPage - ***********Clicking Next Year************
2026-10-04 17:05:19 INFO  pages.MyInfoPage - ***********Clicking Next Year************
2026-10-04 17:05:19 INFO  pages.MyInfoPage - ***********Clicking Next Year************
2026-10-04 17:05:19 INFO  pages.MyInfoPage - ***********Clicking Next Year************
2026-10-04 17:05:19 INFO  pages.MyInfoPage - ***********Clicking Next Year************
2026-10-04 17:05:20 INFO  pages.MyInfoPage - ***********Clicking Next Year************
2026-10-04 17:05:20 INFO  pages.MyInfoPage - ***********Clicking Next Year************
2026-10-04 17:05:20 INFO  pages.MyInfoPage - ***********Clicking Next Year************
2026-10-04 17:05:20 INFO  pages.MyInfoPage - ***********Clicking Next Year************
2026-10-04 17:05:21 INFO  pages.MyInfoPage - ***********Clicking Next Year************
2026-10-04 17:05:21 INFO  pages.MyInfoPage - ***********Clicking Next Year************
2026-10-04 17:05:21 INFO  pages.MyInfoPage - ***********Clicking Next Year************
2026-10-04 17:05:21 INFO  pages.MyInfoPage - ***********Clicking Next Year************
2026-10-04 17:05:22 INFO  pages.MyInfoPage - ***********Clicking Next Year************
2026-10-04 17:05:22 INFO  pages.MyInfoPage - ***********Clicking Next Year************
2026-10-04 17:05:22 INFO  pages.MyInfoPage - ***********Clicking Next Year************
2026-10-04 17:05:22 INFO  pages.MyInfoPage - ***********Clicking Next Year************
2026-10-04 17:05:23 INFO  pages.MyInfoPage - ***********Clicking Next Year************
2026-10-04 17:05:23 INFO  pages.MyInfoPage - ***********Clicking Next Year************
2026-10-04 17:05:23 INFO  pages.MyInfoPage - ***********Clicking Next Year************
2026-10-04 17:05:23 INFO  pages.MyInfoPage - ***********Clicking Next Year************
2026-10-04 17:05:24 INFO  pages.MyInfoPage - ***********Clicking Next Year************
2026-10-04 17:05:24 INFO  pages.MyInfoPage - ***********Clicking Next Year************
2026-10-04 17:05:24 INFO  pages.MyInfoPage - ***********Clicking Next Year************
2026-10-04 17:05:25 INFO  pages.MyInfoPage - ***********Clicking Next Year************
2026-10-04 17:05:25 INFO  pages.MyInfoPage - ***********Clicking Next Year************
2026-10-04 17:05:25 INFO  pages.MyInfoPage - ***********Clicking Next Year************
2026-10-04 17:05:25 INFO  pages.MyInfoPage - ***********Clicking Next Year************
2026-10-04 17:05:26 INFO  pages.MyInfoPage - ***********Clicking Next Year************
2026-10-04 17:05:26 INFO  pages.MyInfoPage - ***********Clicking Next Year************
2026-10-04 17:05:26 INFO  pages.MyInfoPage - ***********Clicking Next Year************
2026-10-04 17:05:26 INFO  pages.MyInfoPage - ***********Clicking Next Year************
2026-10-04 17:05:27 INFO  pages.MyInfoPage - ***********Clicking Next Year************
2026-10-04 17:05:27 INFO  pages.MyInfoPage - ***********Clicking Next Year************
2026-10-04 17:05:27 INFO  pages.MyInfoPage - ***********Clicking Next Year************
2026-10-04 17:05:27 INFO  pages.MyInfoPage - ***********Clicking Next Year************
2026-10-04 17:05:28 INFO  pages.MyInfoPage - ***********Clicking Next Year************
2026-10-04 17:05:28 INFO  pages.MyInfoPage - ***********Clicking Next Year************
2026-10-04 17:05:28 INFO  pages.MyInfoPage - ***********Clicking Next Year************
2026-10-04 17:05:28 INFO  pages.MyInfoPage - ***********Clicking Next Year************
2026-10-04 17:05:29 INFO  pages.MyInfoPage - ***********Clicking Next Year************
2026-10-04 17:05:29 INFO  pages.MyInfoPage - ***********Clicking Next Year************
2026-10-04 17:05:29 INFO  pages.MyInfoPage - ***********Clicking Next Year************
2026-10-04 17:05:29 INFO  pages.MyInfoPage - ***********Clicking Next Year************
2026-10-04 17:05:30 INFO  pages.MyInfoPage - ***********Clicking Next Year************
2026-10-04 17:05:30 INFO  pages.MyInfoPage - ***********Clicking Next Year************
2026-10-04 17:05:30 INFO  pages.MyInfoPage - ***********Clicking Next Year************
2026-10-04 17:05:30 INFO  pages.MyInfoPage - ***********Clicking Next Year************
2026-10-04 17:05:31 INFO  pages.MyInfoPage - ***********Clicking Next Year************
2026-10-04 17:05:31 INFO  pages.MyInfoPage - ***********Clicking Next Year************
2026-10-04 17:05:31 INFO  pages.MyInfoPage - ***********Clicking Next Year************
2026-10-04 17:05:31 INFO  pages.MyInfoPage - ***********Clicking Next Year************
2026-10-04 17:05:32 INFO  pages.MyInfoPage - ***********Clicking Next Year************
2026-10-04 17:05:32 INFO  pages.MyInfoPage - ***********Clicking Next Year************
2026-10-04 17:05:32 INFO  pages.MyInfoPage - ***********Clicking Next Year************
2026-10-04 17:05:33 INFO  pages.MyInfoPage - ***********Clicking Next Year************
2026-10-04 17:05:33 INFO  pages.MyInfoPage - ***********Clicking Next Year************
2026-10-04 17:05:33 INFO  pages.MyInfoPage - ***********Clicking Next Year************
2026-10-04 17:05:34 INFO  pages.MyInfoPage - ***********Clicking Next Year************
2026-10-04 17:05:34 INFO  pages.MyInfoPage - ***********Clicking Next Year************
2026-10-04 17:05:34 INFO  pages.MyInfoPage - ***********Clicking Next Year************
2026-10-04 17:05:35 INFO  pages.MyInfoPage - ***********Clicking Next Year************
2026-10-04 17:05:35 INFO  pages.MyInfoPage - ***********Clicking Next Year************
2026-10-04 17:05:35 INFO  pages.MyInfoPage - ***********Clicking Next Year************
2026-10-04 17:05:35 INFO  pages.MyInfoPage - ***********Clicking Next Year************
2026-10-04 17:05:36 INFO  pages.MyInfoPage - ***********Clicking Next Year************
2026-10-04 17:05:36 INFO  pages.MyInfoPage - ***********Clicking Next Year************
2026-10-04 17:05:36 INFO  pages.MyInfoPage - ***********Clicking Next Year************
2026-10-04 17:05:36 INFO  pages.MyInfoPage - ***********Clicking Next Year************
2026-10-04 17:05:37 INFO  pages.MyInfoPage - ***********Clicking Next Year************
2026-10-04 17:05:37 INFO  pages.MyInfoPage - ***********Clicking Next Year************
2026-10-04 17:05:37 INFO  pages.MyInfoPage - ***********Clicking Next Year************
2026-10-04 17:05:38 INFO  pages.MyInfoPage - ***********Clicking Next Year************
2026-10-04 17:05:38 INFO  pages.MyInfoPage - ***********Clicking Next Year************
2026-10-04 17:05:38 INFO  pages.MyInfoPage - ***********Clicking Next Year************
2026-10-04 17:05:38 INFO  pages.MyInfoPage - ***********Clicking Next Year************
2026-10-04 17:05:39 INFO  pages.MyInfoPage - ***********Clicking Next Year************
2026-10-04 17:05:39 INFO  pages.MyInfoPage - ***********Clicking Next Year************
2026-10-04 17:05:39 INFO  pages.MyInfoPage - ***********Clicking Next Year************
2026-10-04 17:05:39 INFO  pages.MyInfoPage - ***********Clicking Next Year************
2026-10-04 17:05:40 INFO  pages.MyInfoPage - ***********Clicking Next Year************
2026-10-04 17:05:40 INFO  pages.MyInfoPage - ***********Clicking Next Year************
2026-10-04 17:05:40 INFO  pages.MyInfoPage - ***********Clicking Next Year************
2026-10-04 17:05:40 INFO  pages.MyInfoPage - ***********Clicking Next Year************
2026-10-04 17:05:40 INFO  pages.MyInfoPage - ***********Clicking Next Year************
2026-10-04 17:05:41 INFO  pages.MyInfoPage - ***********Clicking Next Year************
2026-10-04 17:05:41 INFO  pages.MyInfoPage - ***********Clicking Next Year************
2026-10-04 17:05:41 INFO  pages.MyInfoPage - ***********Clicking Next Year************
2026-10-04 17:05:41 INFO  pages.MyInfoPage - ***********Clicking Next Year************
2026-10-04 17:05:42 INFO  pages.MyInfoPage - ***********Clicking Next Year************
2026-10-04 17:05:42 INFO  pages.MyInfoPage - ***********Clicking Next Year************
2026-10-04 17:05:42 INFO  pages.MyInfoPage - ***********Clicking Next Year************
2026-10-04 17:05:42 INFO  pages.MyInfoPage - ***********Clicking Month************
2026-10-04 17:05:43 INFO  pages.MyInfoPage - ***********Reading all Months************
2026-10-04 17:05:44 INFO  pages.MyInfoPage - ***********Clicking Desired Month************
2026-10-04 17:05:44 INFO  pages.MyInfoPage - ***********Reading all Dates************
2026-10-04 17:05:46 INFO  pages.MyInfoPage - ***********Clicking Desired Date************
2026-10-04 17:05:46 INFO  tests.MyInfoFormTest - ********Enetering Nationality*********
2026-10-04 17:05:46 INFO  pages.MyInfoPage - **********Checking Clickability of Nationality Field*************
2026-10-04 17:05:46 INFO  pages.MyInfoPage - **********Scrolling to Nationality Field*************
2026-10-04 17:05:46 INFO  pages.MyInfoPage - ***********Clicking on Nationality Field************
2026-10-04 17:05:47 INFO  pages.MyInfoPage - ***********Reading Nationality Dropdown************
2026-10-04 17:06:10 INFO  pages.MyInfoPage - ***********Clicking Desired Nationality************
2026-10-04 17:06:10 INFO  tests.MyInfoFormTest - ********Enetering Marital Status*********
2026-10-04 17:06:10 INFO  pages.MyInfoPage - **********Checking Clickability of Marital Status Field*************
2026-10-04 17:06:10 INFO  pages.MyInfoPage - ***********Clicking on Marital Status Field************
2026-10-04 17:06:10 INFO  pages.MyInfoPage - ***********Reading Marital Status Dropdown************
2026-10-04 17:06:10 INFO  pages.MyInfoPage - ***********Clicking Desired Marital Status************
2026-10-04 17:06:11 INFO  tests.MyInfoFormTest - ********Selecting Gender*********
2026-10-04 17:06:11 INFO  pages.MyInfoPage - ***********Checking Visibility of Male Button************
2026-10-04 17:06:11 INFO  pages.MyInfoPage - ***********Clicking on Male Gender************
2026-10-04 17:06:11 INFO  tests.MyInfoFormTest - ********Enetering Date of Birth*********
2026-10-04 17:06:11 INFO  pages.MyInfoPage - **********Checking Clickability of Date of Birth Field*************
2026-10-04 17:06:11 INFO  pages.MyInfoPage - **********Clicking on Date of Birth Field*************
2026-10-04 17:06:11 INFO  pages.MyInfoPage - ***********Checking Visibility of Birth Year************
2026-10-04 17:06:11 INFO  pages.MyInfoPage - ***********Clicking Previous Birth Year************
2026-10-04 17:06:11 INFO  pages.MyInfoPage - ***********Clicking Previous Birth Year************
2026-10-04 17:06:11 INFO  pages.MyInfoPage - ***********Clicking Previous Birth Year************
2026-10-04 17:06:12 INFO  pages.MyInfoPage - ***********Clicking Previous Birth Year************
2026-10-04 17:06:12 INFO  pages.MyInfoPage - ***********Clicking Previous Birth Year************
2026-10-04 17:06:12 INFO  pages.MyInfoPage - ***********Clicking Previous Birth Year************
2026-10-04 17:06:13 INFO  pages.MyInfoPage - ***********Clicking Previous Birth Year************
2026-10-04 17:06:13 INFO  pages.MyInfoPage - ***********Clicking Previous Birth Year************
2026-10-04 17:06:13 INFO  pages.MyInfoPage - ***********Clicking Previous Birth Year************
2026-10-04 17:06:13 INFO  pages.MyInfoPage - ***********Clicking Previous Birth Year************
2026-10-04 17:06:14 INFO  pages.MyInfoPage - ***********Clicking Previous Birth Year************
2026-10-04 17:06:14 INFO  pages.MyInfoPage - ***********Clicking Previous Birth Year************
2026-10-04 17:06:14 INFO  pages.MyInfoPage - ***********Clicking Previous Birth Year************
2026-10-04 17:06:14 INFO  pages.MyInfoPage - ***********Clicking Previous Birth Year************
2026-10-04 17:06:14 INFO  pages.MyInfoPage - ***********Clicking Previous Birth Year************
2026-10-04 17:06:15 INFO  pages.MyInfoPage - ***********Clicking Previous Birth Year************
2026-10-04 17:06:15 INFO  pages.MyInfoPage - ***********Clicking Previous Birth Year************
2026-10-04 17:06:15 INFO  pages.MyInfoPage - ***********Clicking Previous Birth Year************
2026-10-04 17:06:15 INFO  pages.MyInfoPage - ***********Clicking Previous Birth Year************
2026-10-04 17:06:15 INFO  pages.MyInfoPage - ***********Clicking Previous Birth Year************
2026-10-04 17:06:16 INFO  pages.MyInfoPage - ***********Clicking Previous Birth Year************
2026-10-04 17:06:16 INFO  pages.MyInfoPage - ***********Clicking Previous Birth Year************
2026-10-04 17:06:16 INFO  pages.MyInfoPage - ***********Clicking Previous Birth Year************
2026-10-04 17:06:16 INFO  pages.MyInfoPage - ***********Clicking Previous Birth Year************
2026-10-04 17:06:17 INFO  pages.MyInfoPage - ***********Clicking Previous Birth Year************
2026-10-04 17:06:17 INFO  pages.MyInfoPage - ***********Clicking Previous Birth Year************
2026-10-04 17:06:17 INFO  pages.MyInfoPage - ***********Clicking Previous Birth Year************
2026-10-04 17:06:17 INFO  pages.MyInfoPage - ***********Clicking Previous Birth Year************
2026-10-04 17:06:18 INFO  pages.MyInfoPage - ***********Clicking Previous Birth Year************
2026-10-04 17:06:18 INFO  pages.MyInfoPage - ***********Clicking Previous Birth Year************
2026-10-04 17:06:18 INFO  pages.MyInfoPage - ***********Clicking Previous Birth Year************
2026-10-04 17:06:18 INFO  pages.MyInfoPage - ***********Clicking Previous Birth Year************
2026-10-04 17:06:18 INFO  pages.MyInfoPage - ***********Clicking Previous Birth Year************
2026-10-04 17:06:19 INFO  pages.MyInfoPage - ***********Clicking Previous Birth Year************
2026-10-04 17:06:19 INFO  pages.MyInfoPage - ***********Clicking Previous Birth Year************
2026-10-04 17:06:19 INFO  pages.MyInfoPage - ***********Clicking Previous Birth Year************
2026-10-04 17:06:19 INFO  pages.MyInfoPage - ***********Clicking Previous Birth Year************
2026-10-04 17:06:20 INFO  pages.MyInfoPage - ***********Clicking Previous Birth Year************
2026-10-04 17:06:20 INFO  pages.MyInfoPage - ***********Clicking Previous Birth Year************
2026-10-04 17:06:20 INFO  pages.MyInfoPage - ***********Clicking Previous Birth Year************
2026-10-04 17:06:20 INFO  pages.MyInfoPage - ***********Clicking Previous Birth Year************
2026-10-04 17:06:21 INFO  pages.MyInfoPage - ***********Clicking Previous Birth Year************
2026-10-04 17:06:21 INFO  pages.MyInfoPage - ***********Clicking Previous Birth Year************
2026-10-04 17:06:21 INFO  pages.MyInfoPage - ***********Clicking Previous Birth Year************
2026-10-04 17:06:21 INFO  pages.MyInfoPage - ***********Clicking Previous Birth Year************
2026-10-04 17:06:21 INFO  pages.MyInfoPage - ***********Clicking Previous Birth Year************
2026-10-04 17:06:22 INFO  pages.MyInfoPage - ***********Clicking Previous Birth Year************
2026-10-04 17:06:22 INFO  pages.MyInfoPage - ***********Clicking Previous Birth Year************
2026-10-04 17:06:22 INFO  pages.MyInfoPage - ***********Clicking Previous Birth Year************
2026-10-04 17:06:22 INFO  pages.MyInfoPage - ***********Clicking Previous Birth Year************
2026-10-04 17:06:22 INFO  pages.MyInfoPage - ***********Clicking Previous Birth Year************
2026-10-04 17:06:23 INFO  pages.MyInfoPage - ***********Clicking Previous Birth Year************
2026-10-04 17:06:23 INFO  pages.MyInfoPage - ***********Clicking Previous Birth Year************
2026-10-04 17:06:23 INFO  pages.MyInfoPage - ***********Clicking Previous Birth Year************
2026-10-04 17:06:23 INFO  pages.MyInfoPage - ***********Clicking Previous Birth Year************
2026-10-04 17:06:24 INFO  pages.MyInfoPage - ***********Clicking Previous Birth Year************
2026-10-04 17:06:24 INFO  pages.MyInfoPage - ***********Clicking Previous Birth Year************
2026-10-04 17:06:24 INFO  pages.MyInfoPage - ***********Clicking Previous Birth Year************
2026-10-04 17:06:24 INFO  pages.MyInfoPage - ***********Clicking Previous Birth Year************
2026-10-04 17:06:24 INFO  pages.MyInfoPage - ***********Clicking Previous Birth Year************
2026-10-04 17:06:24 INFO  pages.MyInfoPage - ***********Clicking Previous Birth Year************
2026-10-04 17:06:25 INFO  pages.MyInfoPage - ***********Clicking Previous Birth Year************
2026-10-04 17:06:25 INFO  pages.MyInfoPage - ***********Clicking Previous Birth Year************
2026-10-04 17:06:25 INFO  pages.MyInfoPage - ***********Clicking Previous Birth Year************
2026-10-04 17:06:25 INFO  pages.MyInfoPage - ***********Clicking Previous Birth Year************
2026-10-04 17:06:26 INFO  pages.MyInfoPage - ***********Clicking Previous Birth Year************
2026-10-04 17:06:26 INFO  pages.MyInfoPage - ***********Clicking Previous Birth Year************
2026-10-04 17:06:26 INFO  pages.MyInfoPage - ***********Clicking Previous Birth Year************
2026-10-04 17:06:26 INFO  pages.MyInfoPage - ***********Clicking Previous Birth Year************
2026-10-04 17:06:26 INFO  pages.MyInfoPage - ***********Clicking Previous Birth Year************
2026-10-04 17:06:27 INFO  pages.MyInfoPage - ***********Clicking Previous Birth Year************
2026-10-04 17:06:27 INFO  pages.MyInfoPage - ***********Clicking Previous Birth Year************
2026-10-04 17:06:27 INFO  pages.MyInfoPage - ***********Clicking Previous Birth Year************
2026-10-04 17:06:27 INFO  pages.MyInfoPage - ***********Clicking Previous Birth Year************
2026-10-04 17:06:28 INFO  pages.MyInfoPage - ***********Clicking Previous Birth Year************
2026-10-04 17:06:28 INFO  pages.MyInfoPage - ***********Clicking Previous Birth Year************
2026-10-04 17:06:28 INFO  pages.MyInfoPage - ***********Clicking Previous Birth Year************
2026-10-04 17:06:28 INFO  pages.MyInfoPage - ***********Clicking Previous Birth Year************
2026-10-04 17:06:28 INFO  pages.MyInfoPage - ***********Clicking Previous Birth Year************
2026-10-04 17:06:29 INFO  pages.MyInfoPage - ***********Clicking Previous Birth Year************
2026-10-04 17:06:29 INFO  pages.MyInfoPage - ***********Clicking Previous Birth Year************
2026-10-04 17:06:29 INFO  pages.MyInfoPage - ***********Clicking Previous Birth Year************
2026-10-04 17:06:29 INFO  pages.MyInfoPage - ***********Clicking Previous Birth Year************
2026-10-04 17:06:30 INFO  pages.MyInfoPage - ***********Clicking Previous Birth Year************
2026-10-04 17:06:30 INFO  pages.MyInfoPage - ***********Clicking Previous Birth Year************
2026-10-04 17:06:30 INFO  pages.MyInfoPage - ***********Clicking Previous Birth Year************
2026-10-04 17:06:30 INFO  pages.MyInfoPage - ***********Clicking Previous Birth Year************
2026-10-04 17:06:30 INFO  pages.MyInfoPage - ***********Clicking Previous Birth Year************
2026-10-04 17:06:31 INFO  pages.MyInfoPage - ***********Clicking Previous Birth Year************
2026-10-04 17:06:31 INFO  pages.MyInfoPage - ***********Clicking Previous Birth Year************
2026-10-04 17:06:31 INFO  pages.MyInfoPage - ***********Clicking Previous Birth Year************
2026-10-04 17:06:31 INFO  pages.MyInfoPage - ***********Clicking Previous Birth Year************
2026-10-04 17:06:32 INFO  pages.MyInfoPage - ***********Clicking Previous Birth Year************
2026-10-04 17:06:32 INFO  pages.MyInfoPage - ***********Clicking Previous Birth Year************
2026-10-04 17:06:32 INFO  pages.MyInfoPage - ***********Clicking Previous Birth Year************
2026-10-04 17:06:32 INFO  pages.MyInfoPage - ***********Clicking Previous Birth Year************
2026-10-04 17:06:32 INFO  pages.MyInfoPage - ***********Clicking Previous Birth Year************
2026-10-04 17:06:33 INFO  pages.MyInfoPage - ***********Clicking Previous Birth Year************
2026-10-04 17:06:33 INFO  pages.MyInfoPage - ***********Clicking Previous Birth Year************
2026-10-04 17:06:33 INFO  pages.MyInfoPage - ***********Clicking Previous Birth Year************
2026-10-04 17:06:33 INFO  pages.MyInfoPage - ***********Clicking Previous Birth Year************
2026-10-04 17:06:34 INFO  pages.MyInfoPage - ***********Clicking Previous Birth Year************
2026-10-04 17:06:34 INFO  pages.MyInfoPage - ***********Clicking Previous Birth Year************
2026-10-04 17:06:34 INFO  pages.MyInfoPage - ***********Clicking Previous Birth Year************
2026-10-04 17:06:34 INFO  pages.MyInfoPage - ***********Clicking Previous Birth Year************
2026-10-04 17:06:34 INFO  pages.MyInfoPage - ***********Clicking Previous Birth Year************
2026-10-04 17:06:35 INFO  pages.MyInfoPage - ***********Clicking Previous Birth Year************
2026-10-04 17:06:35 INFO  pages.MyInfoPage - ***********Clicking Previous Birth Year************
2026-10-04 17:06:35 INFO  pages.MyInfoPage - ***********Clicking Previous Birth Year************
2026-10-04 17:06:35 INFO  pages.MyInfoPage - ***********Clicking Previous Birth Year************
2026-10-04 17:06:36 INFO  pages.MyInfoPage - ***********Clicking Previous Birth Year************
2026-10-04 17:06:36 INFO  pages.MyInfoPage - ***********Clicking Previous Birth Year************
2026-10-04 17:06:36 INFO  pages.MyInfoPage - ***********Clicking Previous Birth Year************
2026-10-04 17:06:36 INFO  pages.MyInfoPage - ***********Clicking Previous Birth Year************
2026-10-04 17:06:36 INFO  pages.MyInfoPage - ***********Clicking Previous Birth Year************
2026-10-04 17:06:37 INFO  pages.MyInfoPage - ***********Clicking Previous Birth Year************
2026-10-04 17:06:37 INFO  pages.MyInfoPage - ***********Clicking Previous Birth Year************
2026-10-04 17:06:37 INFO  pages.MyInfoPage - ***********Clicking Previous Birth Year************
2026-10-04 17:06:37 INFO  pages.MyInfoPage - ***********Clicking Previous Birth Year************
2026-10-04 17:06:38 INFO  pages.MyInfoPage - ***********Clicking Previous Birth Year************
2026-10-04 17:06:38 INFO  pages.MyInfoPage - ***********Clicking Previous Birth Year************
2026-10-04 17:06:38 INFO  pages.MyInfoPage - ***********Clicking Previous Birth Year************
2026-10-04 17:06:38 INFO  pages.MyInfoPage - ***********Clicking Previous Birth Year************
2026-10-04 17:06:38 INFO  pages.MyInfoPage - ***********Clicking Previous Birth Year************
2026-10-04 17:06:39 INFO  pages.MyInfoPage - ***********Clicking Previous Birth Year************
2026-10-04 17:06:39 INFO  pages.MyInfoPage - ***********Clicking Previous Birth Year************
2026-10-04 17:06:39 INFO  pages.MyInfoPage - ***********Clicking Previous Birth Year************
2026-10-04 17:06:39 INFO  pages.MyInfoPage - ***********Clicking Previous Birth Year************
2026-10-04 17:06:39 INFO  pages.MyInfoPage - ***********Clicking Previous Birth Year************
2026-10-04 17:06:40 INFO  pages.MyInfoPage - ***********Clicking Previous Birth Year************
2026-10-04 17:06:40 INFO  pages.MyInfoPage - ***********Clicking Previous Birth Year************
2026-10-04 17:06:40 INFO  pages.MyInfoPage - ***********Clicking Previous Birth Year************
2026-10-04 17:06:40 INFO  pages.MyInfoPage - ***********Clicking Previous Birth Year************
2026-10-04 17:06:40 INFO  pages.MyInfoPage - ***********Clicking Previous Birth Year************
2026-10-04 17:06:41 INFO  pages.MyInfoPage - ***********Clicking Previous Birth Year************
2026-10-04 17:06:41 INFO  pages.MyInfoPage - ***********Clicking Previous Birth Year************
2026-10-04 17:06:41 INFO  pages.MyInfoPage - ***********Clicking Previous Birth Year************
2026-10-04 17:06:41 INFO  pages.MyInfoPage - ***********Clicking Previous Birth Year************
2026-10-04 17:06:41 INFO  pages.MyInfoPage - ***********Clicking Previous Birth Year************
2026-10-04 17:06:42 INFO  pages.MyInfoPage - ***********Clicking Previous Birth Year************
2026-10-04 17:06:42 INFO  pages.MyInfoPage - ***********Clicking Previous Birth Year************
2026-10-04 17:06:42 INFO  pages.MyInfoPage - ***********Clicking Previous Birth Year************
2026-10-04 17:06:42 INFO  pages.MyInfoPage - ***********Clicking Previous Birth Year************
2026-10-04 17:06:43 INFO  pages.MyInfoPage - ***********Clicking Previous Birth Year************
2026-10-04 17:06:43 INFO  pages.MyInfoPage - ***********Clicking Previous Birth Year************
2026-10-04 17:06:43 INFO  pages.MyInfoPage - ***********Clicking Previous Birth Year************
2026-10-04 17:06:43 INFO  pages.MyInfoPage - ***********Clicking Previous Birth Year************
2026-10-04 17:06:43 INFO  pages.MyInfoPage - ***********Clicking Previous Birth Year************
2026-10-04 17:06:44 INFO  pages.MyInfoPage - ***********Clicking Previous Birth Year************
2026-10-04 17:06:44 INFO  pages.MyInfoPage - ***********Clicking Previous Birth Year************
2026-10-04 17:06:44 INFO  pages.MyInfoPage - ***********Clicking Previous Birth Year************
2026-10-04 17:06:44 INFO  pages.MyInfoPage - ***********Clicking Previous Birth Year************
2026-10-04 17:06:44 INFO  pages.MyInfoPage - ***********Clicking Previous Birth Year************
2026-10-04 17:06:45 INFO  pages.MyInfoPage - ***********Clicking Previous Birth Year************
2026-10-04 17:06:45 INFO  pages.MyInfoPage - ***********Clicking Previous Birth Year************
2026-10-04 17:06:45 INFO  pages.MyInfoPage - ***********Clicking Previous Birth Year************
2026-10-04 17:06:45 INFO  pages.MyInfoPage - ***********Clicking Previous Birth Year************
2026-10-04 17:06:46 INFO  pages.MyInfoPage - ***********Clicking Previous Birth Year************
2026-10-04 17:06:46 INFO  pages.MyInfoPage - ***********Clicking Previous Birth Year************
2026-10-04 17:06:46 INFO  pages.MyInfoPage - ***********Clicking Previous Birth Year************
2026-10-04 17:06:46 INFO  pages.MyInfoPage - ***********Clicking Previous Birth Year************
2026-10-04 17:06:46 INFO  pages.MyInfoPage - ***********Clicking Previous Birth Year************
2026-10-04 17:06:47 INFO  pages.MyInfoPage - ***********Clicking Previous Birth Year************
2026-10-04 17:06:47 INFO  pages.MyInfoPage - ***********Clicking Previous Birth Year************
2026-10-04 17:06:47 INFO  pages.MyInfoPage - ***********Clicking Previous Birth Year************
2026-10-04 17:06:47 INFO  pages.MyInfoPage - ***********Clicking Previous Birth Year************
2026-10-04 17:06:47 INFO  pages.MyInfoPage - ***********Clicking Previous Birth Year************
2026-10-04 17:06:48 INFO  pages.MyInfoPage - ***********Clicking Previous Birth Year************
2026-10-04 17:06:48 INFO  pages.MyInfoPage - ***********Clicking Previous Birth Year************
2026-10-04 17:06:48 INFO  pages.MyInfoPage - ***********Clicking Previous Birth Year************
2026-10-04 17:06:48 INFO  pages.MyInfoPage - ***********Clicking Previous Birth Year************
2026-10-04 17:06:49 INFO  pages.MyInfoPage - ***********Clicking Previous Birth Year************
2026-10-04 17:06:49 INFO  pages.MyInfoPage - ***********Clicking Previous Birth Year************
2026-10-04 17:06:49 INFO  pages.MyInfoPage - ***********Clicking Previous Birth Year************
2026-10-04 17:06:49 INFO  pages.MyInfoPage - ***********Clicking Previous Birth Year************
2026-10-04 17:06:49 INFO  pages.MyInfoPage - ***********Clicking Previous Birth Year************
2026-10-04 17:06:50 INFO  pages.MyInfoPage - ***********Clicking Previous Birth Year************
2026-10-04 17:06:50 INFO  pages.MyInfoPage - ***********Clicking Previous Birth Year************
2026-10-04 17:06:50 INFO  pages.MyInfoPage - ***********Clicking Previous Birth Year************
2026-10-04 17:06:50 INFO  pages.MyInfoPage - ***********Clicking Previous Birth Year************
2026-10-04 17:06:50 INFO  pages.MyInfoPage - ***********Clicking Previous Birth Year************
2026-10-04 17:06:51 INFO  pages.MyInfoPage - ***********Clicking Previous Birth Year************
2026-10-04 17:06:51 INFO  pages.MyInfoPage - ***********Clicking Previous Birth Year************
2026-10-04 17:06:51 INFO  pages.MyInfoPage - ***********Clicking Previous Birth Year************
2026-10-04 17:06:51 INFO  pages.MyInfoPage - ***********Clicking Previous Birth Year************
2026-10-04 17:06:52 INFO  pages.MyInfoPage - ***********Clicking Previous Birth Year************
2026-10-04 17:06:52 INFO  pages.MyInfoPage - ***********Clicking Previous Birth Year************
2026-10-04 17:06:52 INFO  pages.MyInfoPage - ***********Clicking Previous Birth Year************
2026-10-04 17:06:52 INFO  pages.MyInfoPage - ***********Clicking Previous Birth Year************
2026-10-04 17:06:52 INFO  pages.MyInfoPage - ***********Clicking Previous Birth Year************
2026-10-04 17:06:53 INFO  pages.MyInfoPage - ***********Clicking Previous Birth Year************
2026-10-04 17:06:53 INFO  pages.MyInfoPage - ***********Clicking Previous Birth Year************
2026-10-04 17:06:53 INFO  pages.MyInfoPage - ***********Clicking Previous Birth Year************
2026-10-04 17:06:53 INFO  pages.MyInfoPage - ***********Clicking Previous Birth Year************
2026-10-04 17:06:53 INFO  pages.MyInfoPage - ***********Clicking Previous Birth Year************
2026-10-04 17:06:54 INFO  pages.MyInfoPage - ***********Clicking Previous Birth Year************
2026-10-04 17:06:54 INFO  pages.MyInfoPage - ***********Clicking Previous Birth Year************
2026-10-04 17:06:54 INFO  pages.MyInfoPage - ***********Clicking Previous Birth Year************
2026-10-04 17:06:54 INFO  pages.MyInfoPage - ***********Clicking Previous Birth Year************
2026-10-04 17:06:54 INFO  pages.MyInfoPage - ***********Clicking Previous Birth Year************
2026-10-04 17:06:55 INFO  pages.MyInfoPage - ***********Clicking Previous Birth Year************
2026-10-04 17:06:55 INFO  pages.MyInfoPage - ***********Clicking Previous Birth Year************
2026-10-04 17:06:55 INFO  pages.MyInfoPage - ***********Clicking Previous Birth Year************
2026-10-04 17:06:55 INFO  pages.MyInfoPage - ***********Clicking Previous Birth Year************
2026-10-04 17:06:55 INFO  pages.MyInfoPage - ***********Clicking Previous Birth Year************
2026-10-04 17:06:55 INFO  pages.MyInfoPage - ***********Clicking Previous Birth Year************
2026-10-04 17:06:56 INFO  pages.MyInfoPage - ***********Clicking Previous Birth Year************
2026-10-04 17:06:56 INFO  pages.MyInfoPage - ***********Clicking Previous Birth Year************
2026-10-04 17:06:56 INFO  pages.MyInfoPage - ***********Clicking Previous Birth Year************
2026-10-04 17:06:56 INFO  pages.MyInfoPage - ***********Clicking Previous Birth Year************
2026-10-04 17:06:57 INFO  pages.MyInfoPage - ***********Clicking Previous Birth Year************
2026-10-04 17:06:57 INFO  pages.MyInfoPage - ***********Clicking Previous Birth Year************
2026-10-04 17:06:57 INFO  pages.MyInfoPage - ***********Clicking Previous Birth Year************
2026-10-04 17:06:57 INFO  pages.MyInfoPage - ***********Clicking Previous Birth Year************
2026-10-04 17:06:57 INFO  pages.MyInfoPage - ***********Clicking Previous Birth Year************
2026-10-04 17:06:58 INFO  pages.MyInfoPage - ***********Clicking Previous Birth Year************
2026-10-04 17:06:58 INFO  pages.MyInfoPage - ***********Clicking Previous Birth Year************
2026-10-04 17:06:58 INFO  pages.MyInfoPage - ***********Clicking Previous Birth Year************
2026-10-04 17:06:58 INFO  pages.MyInfoPage - ***********Clicking Previous Birth Year************
2026-10-04 17:06:59 INFO  pages.MyInfoPage - ***********Clicking Previous Birth Year************
2026-10-04 17:06:59 INFO  pages.MyInfoPage - ***********Clicking Previous Birth Year************
2026-10-04 17:06:59 INFO  pages.MyInfoPage - ***********Clicking Previous Birth Year************
2026-10-04 17:06:59 INFO  pages.MyInfoPage - ***********Clicking Previous Birth Year************
2026-10-04 17:06:59 INFO  pages.MyInfoPage - ***********Clicking Previous Birth Year************
2026-10-04 17:07:00 INFO  pages.MyInfoPage - ***********Clicking Previous Birth Year************
2026-10-04 17:07:00 INFO  pages.MyInfoPage - ***********Clicking Previous Birth Year************
2026-10-04 17:07:00 INFO  pages.MyInfoPage - ***********Checking Clickability of Birth Month************
2026-10-04 17:07:00 INFO  pages.MyInfoPage - ***********Clicking Birth Month************
2026-10-04 17:07:00 INFO  pages.MyInfoPage - ***********Reading Birth Month Dropdown************
2026-10-04 17:07:02 INFO  pages.MyInfoPage - ***********Clicking Desired Birth Month************
2026-10-04 17:07:02 INFO  pages.MyInfoPage - ***********Reading Birth Date Grid************
2026-10-04 17:07:04 INFO  pages.MyInfoPage - ***********Clicking Desired Birth Date************
2026-10-04 17:07:04 INFO  tests.MyInfoFormTest - ********Enetering Blood Type*********
2026-10-04 17:07:04 INFO  pages.MyInfoPage - ***********Checking Clickability of Blood Type Field************
2026-10-04 17:07:04 INFO  pages.MyInfoPage - ***********Clicking on Blood Type Field************
2026-10-04 17:07:04 INFO  pages.MyInfoPage - ***********Reading Blood Type Dropdown************
2026-10-04 17:07:05 INFO  pages.MyInfoPage - ***********Clicking Desired Blood Type************
2026-10-04 17:07:05 INFO  tests.MyInfoFormTest - ********Enetering Test*********
2026-10-04 17:07:05 INFO  pages.MyInfoPage - ***********Checking Visibility of Test Field************
2026-10-04 17:07:05 INFO  pages.MyInfoPage - ***********Selecting Previous Test************
2026-10-04 17:07:05 INFO  pages.MyInfoPage - ***********Overwriting Test************
2026-10-04 17:07:05 INFO  tests.MyInfoFormTest - ********Adding Attachment*********
2026-10-04 17:07:05 INFO  pages.MyInfoPage - ***********Checking Clickability of Add Attachment Button************
2026-10-04 17:07:05 INFO  pages.MyInfoPage - ***********Clicking Add Attachment Button************
2026-10-04 17:07:05 INFO  pages.MyInfoPage - ***********Checking File Attachment************
2026-10-04 17:07:25 ERROR tests.MyInfoFormTest - loginSuccessTest Failed : TimeoutException FOUND => Expected condition failed: waiting for visibility of [[EdgeDriver: MicrosoftEdge on windows (6ed88ae8c4aac647a98696289e6a3505)] -> xpath: //input[@class='oxd-file-input']]
2026-10-04 17:07:25 INFO  org.testng.internal.Utils - [TestNG] Time taken by org.testng.reporters.jq.Main@1d6545c5: 47 ms
2026-10-04 17:07:25 INFO  org.testng.internal.Utils - [TestNG] Time taken by org.testng.reporters.FailedReporter@14b810f9: 1 ms
2026-10-04 17:07:25 INFO  org.testng.internal.Utils - [TestNG] Time taken by org.testng.reporters.XMLReporter@375121ce: 5 ms
2026-10-04 17:07:25 INFO  org.testng.internal.Utils - [TestNG] Time taken by org.testng.reporters.EmailableReporter2@1f55bb2: 5 ms
2026-10-04 17:07:25 INFO  org.testng.internal.Utils - [TestNG] Time taken by org.testng.reporters.JUnitReportReporter@4e025001: 3 ms
2026-10-04 17:07:25 INFO  org.testng.internal.Utils - [TestNG] Time taken by org.testng.internal.ExitCodeListener@ce51a54: 0 ms
2026-10-04 17:11:55 INFO  org.testng.internal.Utils - [Utils] MethodGroupsHelper.collectMethodsByGroup() took 1 ms.
2026-10-04 17:11:55 INFO  org.testng.internal.Utils - [Utils] MethodGroupsHelper.sortMethods() took 1 ms.
2026-10-04 17:11:55 INFO  org.testng.internal.Utils - [Utils] MethodGroupsHelper.collectMethodsByGroup() took 0 ms.
2026-10-04 17:11:55 INFO  org.testng.internal.Utils - [Utils] MethodGroupsHelper.sortMethods() took 0 ms.
2026-10-04 17:11:55 INFO  org.testng.internal.Utils - [Utils] MethodGroupsHelper.collectMethodsByGroup() took 0 ms.
2026-10-04 17:11:55 INFO  org.testng.internal.Utils - [Utils] MethodGroupsHelper.sortMethods() took 0 ms.
2026-10-04 17:11:55 INFO  org.testng.internal.Utils - [Utils] MethodGroupsHelper.collectMethodsByGroup() took 0 ms.
2026-10-04 17:11:55 INFO  org.testng.internal.Utils - [Utils] MethodGroupsHelper.sortMethods() took 0 ms.
2026-10-04 17:11:55 INFO  org.testng.internal.Utils - [Utils] MethodGroupsHelper.collectMethodsByGroup() took 0 ms.
2026-10-04 17:11:55 INFO  org.testng.internal.Utils - [Utils] MethodGroupsHelper.sortMethods() took 0 ms.
2026-10-04 17:11:55 INFO  org.testng.internal.Utils - [Utils] MethodGroupsHelper.collectMethodsByGroup() took 0 ms.
2026-10-04 17:11:55 INFO  org.testng.internal.Utils - [Utils] MethodGroupsHelper.sortMethods() took 0 ms.
2026-10-04 17:11:55 INFO  org.testng.internal.Utils - [Utils] MethodGroupsHelper.collectMethodsByGroup() took 0 ms.
2026-10-04 17:11:55 INFO  org.testng.internal.Utils - [Utils] MethodGroupsHelper.sortMethods() took 0 ms.
2026-10-04 17:11:55 INFO  org.testng.internal.Utils - [Utils] MethodGroupsHelper.collectMethodsByGroup() took 0 ms.
2026-10-04 17:11:55 INFO  org.testng.internal.Utils - [Utils] MethodGroupsHelper.sortMethods() took 0 ms.
2026-10-04 17:11:55 INFO  org.testng.internal.Utils - [Utils] MethodGroupsHelper.collectMethodsByGroup() took 4 ms.
2026-10-04 17:11:55 INFO  org.testng.internal.Utils - [Utils] MethodGroupsHelper.sortMethods() took 9 ms.
2026-10-04 17:11:55 INFO  org.testng.internal.Utils - [Utils] MethodGroupsHelper.collectMethodsByGroup() took 0 ms.
2026-10-04 17:11:55 INFO  org.testng.internal.Utils - [Utils] MethodGroupsHelper.sortMethods() took 0 ms.
2026-10-04 17:11:55 INFO  org.testng.internal.Utils - [Utils] MethodGroupsHelper.collectMethodsByGroup() took 0 ms.
2026-10-04 17:11:55 INFO  org.testng.internal.Utils - [Utils] MethodGroupsHelper.sortMethods() took 0 ms.
2026-10-04 17:11:55 INFO  org.testng.internal.Utils - [Utils] MethodGroupsHelper.collectMethodsByGroup() took 0 ms.
2026-10-04 17:11:55 INFO  org.testng.internal.Utils - [Utils] MethodGroupsHelper.sortMethods() took 0 ms.
2026-10-04 17:11:55 INFO  org.testng.internal.Utils - [Utils] MethodGroupsHelper.collectMethodsByGroup() took 0 ms.
2026-10-04 17:11:55 INFO  org.testng.internal.Utils - [Utils] MethodGroupsHelper.sortMethods() took 0 ms.
2026-10-04 17:11:55 INFO  org.testng.internal.Utils - [Utils] MethodGroupsHelper.collectMethodsByGroup() took 0 ms.
2026-10-04 17:11:55 INFO  org.testng.internal.Utils - [Utils] MethodGroupsHelper.sortMethods() took 0 ms.
2026-10-04 17:11:55 INFO  org.testng.internal.Utils - [Utils] MethodGroupsHelper.collectMethodsByGroup() took 0 ms.
2026-10-04 17:11:55 INFO  org.testng.internal.Utils - [Utils] MethodGroupsHelper.sortMethods() took 0 ms.
2026-10-04 17:11:55 INFO  org.testng.internal.Utils - [TestNG] Running:
  C:\Users\Rahul Kumar\AppData\Local\Temp\testng-eclipse--2133973534\testng-customsuite.xml

2026-10-04 17:11:55 INFO  org.testng.internal.Utils - [Utils] DynamicGraphHelper.createDynamicGraph() took 3 ms.
2026-10-04 17:11:55 INFO  tests.MyInfoFormTest - ***********Initializing Driver***********
2026-10-04 17:11:55 INFO  library.Base - ***********LAUNCHING EDGE BROWSER***********
2026-10-04 17:12:12 INFO  tests.MyInfoFormTest - ***********Initiating LoginPage***********
2026-10-04 17:12:12 INFO  pages.LoginPage - ****Initiating LoginPage********
2026-10-04 17:12:12 INFO  tests.MyInfoFormTest - **********Sending Valid Username-Password to LoginPage*************
2026-10-04 17:12:12 INFO  pages.LoginPage - ******Logging into app****
2026-10-04 17:12:12 INFO  pages.LoginPage - ****Entering Username********
2026-10-04 17:12:12 INFO  pages.LoginPage - ******Checking Presence of Username Field******
2026-10-04 17:12:13 INFO  pages.LoginPage - ******Sending Username******
2026-10-04 17:12:13 INFO  pages.LoginPage - ****Entering Password********
2026-10-04 17:12:13 INFO  pages.LoginPage - ******Checking Visibility of Password Field******
2026-10-04 17:12:13 INFO  pages.LoginPage - ******Sending Password******
2026-10-04 17:12:13 INFO  pages.LoginPage - ****Clicking on Login Button********
2026-10-04 17:12:13 INFO  pages.LoginPage - ******Checking Clickability of Login Button******
2026-10-04 17:12:13 INFO  pages.LoginPage - ******Clicking on Login Button******
2026-10-04 17:12:15 INFO  tests.MyInfoFormTest - ********Initiating Homepage*********
2026-10-04 17:12:15 INFO  pages.HomePage - ****Initiating HomePage********
2026-10-04 17:12:15 INFO  tests.MyInfoFormTest - ********Finding dashboard*********
2026-10-04 17:12:15 INFO  pages.HomePage - ********Getting Dashboard Element********
2026-10-04 17:12:15 INFO  tests.MyInfoFormTest - ********Clicking on MyInfo Button*********
2026-10-04 17:12:15 INFO  pages.HomePage - ********Checking Clickability of MyInfo Button********
2026-10-04 17:12:15 INFO  pages.HomePage - *******Clicking on MyInfo Button********
2026-10-04 17:12:18 INFO  tests.MyInfoFormTest - ********Initiating infoFormTest*********
2026-10-04 17:12:18 INFO  tests.MyInfoFormTest - ********Initiating MyInfo Page*********
2026-10-04 17:12:18 INFO  pages.MyInfoPage - **********Initiating MyInfoPage**********
2026-10-04 17:12:18 INFO  tests.MyInfoFormTest - ********Enetering First Name*********
2026-10-04 17:12:18 INFO  pages.MyInfoPage - **********Checking Visibility of First Name Field*************
2026-10-04 17:12:18 INFO  pages.MyInfoPage - **********Clicking Inside First Name Field*************
2026-10-04 17:12:19 INFO  pages.MyInfoPage - **********Selecting Previous First Name*************
2026-10-04 17:12:19 INFO  pages.MyInfoPage - **********Overwriting First Name*************
2026-10-04 17:12:19 INFO  tests.MyInfoFormTest - ********Enetering Middle Name*********
2026-10-04 17:12:19 INFO  pages.MyInfoPage - **********Checking Visibility of Middle Name Field*************
2026-10-04 17:12:19 INFO  pages.MyInfoPage - **********Selecting Previous Middle Name*************
2026-10-04 17:12:19 INFO  pages.MyInfoPage - **********Overwriting Middle Name*************
2026-10-04 17:12:19 INFO  tests.MyInfoFormTest - ********Enetering last Name*********
2026-10-04 17:12:19 INFO  pages.MyInfoPage - **********Checking Visibility of Last Name Field*************
2026-10-04 17:12:19 INFO  pages.MyInfoPage - **********Selecting Previous Last Name*************
2026-10-04 17:12:19 INFO  pages.MyInfoPage - **********Overwriting Last Name*************
2026-10-04 17:12:19 INFO  tests.MyInfoFormTest - ********Enetering Employee ID*********
2026-10-04 17:12:19 INFO  pages.MyInfoPage - **********Checking Visibility of Employee ID Field*************
2026-10-04 17:12:19 INFO  pages.MyInfoPage - **********Selecting Previous Employee ID*************
2026-10-04 17:12:19 INFO  pages.MyInfoPage - **********Overwriting Employee ID*************
2026-10-04 17:12:19 INFO  tests.MyInfoFormTest - ********Enetering Driving License Number*********
2026-10-04 17:12:19 INFO  pages.MyInfoPage - **********Checking Visibility of Driving License Number Field*************
2026-10-04 17:12:19 INFO  pages.MyInfoPage - **********Selecting Previous Driving License Number*************
2026-10-04 17:12:19 INFO  pages.MyInfoPage - **********Overwriting Driving License Number*************
2026-10-04 17:12:20 INFO  tests.MyInfoFormTest - ********Enetering Driving License Expiry Date*********
2026-10-04 17:12:20 INFO  pages.MyInfoPage - **********Checking Clickability of License Expiry Field*************
2026-10-04 17:12:20 INFO  pages.MyInfoPage - **********Clicking on License Expiry Field*************
2026-10-04 17:12:20 INFO  pages.MyInfoPage - ***********Checking Visibility of License Expiry Year************
2026-10-04 17:12:20 INFO  pages.MyInfoPage - ***********Clicking Next Year************
2026-10-04 17:12:45 INFO  org.testng.internal.Utils - [Utils] MethodGroupsHelper.collectMethodsByGroup() took 1 ms.
2026-10-04 17:12:45 INFO  org.testng.internal.Utils - [Utils] MethodGroupsHelper.sortMethods() took 1 ms.
2026-10-04 17:12:45 INFO  org.testng.internal.Utils - [Utils] MethodGroupsHelper.collectMethodsByGroup() took 0 ms.
2026-10-04 17:12:45 INFO  org.testng.internal.Utils - [Utils] MethodGroupsHelper.sortMethods() took 0 ms.
2026-10-04 17:12:45 INFO  org.testng.internal.Utils - [Utils] MethodGroupsHelper.collectMethodsByGroup() took 0 ms.
2026-10-04 17:12:45 INFO  org.testng.internal.Utils - [Utils] MethodGroupsHelper.sortMethods() took 0 ms.
2026-10-04 17:12:45 INFO  org.testng.internal.Utils - [Utils] MethodGroupsHelper.collectMethodsByGroup() took 0 ms.
2026-10-04 17:12:45 INFO  org.testng.internal.Utils - [Utils] MethodGroupsHelper.sortMethods() took 0 ms.
2026-10-04 17:12:45 INFO  org.testng.internal.Utils - [Utils] MethodGroupsHelper.collectMethodsByGroup() took 0 ms.
2026-10-04 17:12:45 INFO  org.testng.internal.Utils - [Utils] MethodGroupsHelper.sortMethods() took 0 ms.
2026-10-04 17:12:45 INFO  org.testng.internal.Utils - [Utils] MethodGroupsHelper.collectMethodsByGroup() took 0 ms.
2026-10-04 17:12:45 INFO  org.testng.internal.Utils - [Utils] MethodGroupsHelper.sortMethods() took 0 ms.
2026-10-04 17:12:45 INFO  org.testng.internal.Utils - [Utils] MethodGroupsHelper.collectMethodsByGroup() took 0 ms.
2026-10-04 17:12:45 INFO  org.testng.internal.Utils - [Utils] MethodGroupsHelper.sortMethods() took 0 ms.
2026-10-04 17:12:45 INFO  org.testng.internal.Utils - [Utils] MethodGroupsHelper.collectMethodsByGroup() took 0 ms.
2026-10-04 17:12:45 INFO  org.testng.internal.Utils - [Utils] MethodGroupsHelper.sortMethods() took 0 ms.
2026-10-04 17:12:45 INFO  org.testng.internal.Utils - [Utils] MethodGroupsHelper.collectMethodsByGroup() took 3 ms.
2026-10-04 17:12:45 INFO  org.testng.internal.Utils - [Utils] MethodGroupsHelper.sortMethods() took 7 ms.
2026-10-04 17:12:45 INFO  org.testng.internal.Utils - [Utils] MethodGroupsHelper.collectMethodsByGroup() took 0 ms.
2026-10-04 17:12:45 INFO  org.testng.internal.Utils - [Utils] MethodGroupsHelper.sortMethods() took 0 ms.
2026-10-04 17:12:45 INFO  org.testng.internal.Utils - [Utils] MethodGroupsHelper.collectMethodsByGroup() took 0 ms.
2026-10-04 17:12:45 INFO  org.testng.internal.Utils - [Utils] MethodGroupsHelper.sortMethods() took 0 ms.
2026-10-04 17:12:45 INFO  org.testng.internal.Utils - [Utils] MethodGroupsHelper.collectMethodsByGroup() took 0 ms.
2026-10-04 17:12:45 INFO  org.testng.internal.Utils - [Utils] MethodGroupsHelper.sortMethods() took 0 ms.
2026-10-04 17:12:45 INFO  org.testng.internal.Utils - [Utils] MethodGroupsHelper.collectMethodsByGroup() took 0 ms.
2026-10-04 17:12:45 INFO  org.testng.internal.Utils - [Utils] MethodGroupsHelper.sortMethods() took 0 ms.
2026-10-04 17:12:45 INFO  org.testng.internal.Utils - [Utils] MethodGroupsHelper.collectMethodsByGroup() took 0 ms.
2026-10-04 17:12:45 INFO  org.testng.internal.Utils - [Utils] MethodGroupsHelper.sortMethods() took 0 ms.
2026-10-04 17:12:45 INFO  org.testng.internal.Utils - [Utils] MethodGroupsHelper.collectMethodsByGroup() took 0 ms.
2026-10-04 17:12:45 INFO  org.testng.internal.Utils - [Utils] MethodGroupsHelper.sortMethods() took 0 ms.
2026-10-04 17:12:45 INFO  org.testng.internal.Utils - [TestNG] Running:
  C:\Users\Rahul Kumar\AppData\Local\Temp\testng-eclipse--1122575945\testng-customsuite.xml

2026-10-04 17:12:45 INFO  org.testng.internal.Utils - [Utils] DynamicGraphHelper.createDynamicGraph() took 5 ms.
2026-10-04 17:12:45 INFO  tests.MyInfoFormTest - ***********Initializing Driver***********
2026-10-04 17:12:45 INFO  library.Base - ***********LAUNCHING EDGE BROWSER***********
2026-10-04 17:13:00 INFO  tests.MyInfoFormTest - ***********Initiating LoginPage***********
2026-10-04 17:13:00 INFO  pages.LoginPage - ****Initiating LoginPage********
2026-10-04 17:13:00 INFO  tests.MyInfoFormTest - **********Sending Valid Username-Password to LoginPage*************
2026-10-04 17:13:00 INFO  pages.LoginPage - ******Logging into app****
2026-10-04 17:13:00 INFO  pages.LoginPage - ****Entering Username********
2026-10-04 17:13:00 INFO  pages.LoginPage - ******Checking Presence of Username Field******
2026-10-04 17:13:01 INFO  pages.LoginPage - ******Sending Username******
2026-10-04 17:13:01 INFO  pages.LoginPage - ****Entering Password********
2026-10-04 17:13:01 INFO  pages.LoginPage - ******Checking Visibility of Password Field******
2026-10-04 17:13:01 INFO  pages.LoginPage - ******Sending Password******
2026-10-04 17:13:01 INFO  pages.LoginPage - ****Clicking on Login Button********
2026-10-04 17:13:01 INFO  pages.LoginPage - ******Checking Clickability of Login Button******
2026-10-04 17:13:01 INFO  pages.LoginPage - ******Clicking on Login Button******
2026-10-04 17:13:03 INFO  tests.MyInfoFormTest - ********Initiating Homepage*********
2026-10-04 17:13:03 INFO  pages.HomePage - ****Initiating HomePage********
2026-10-04 17:13:03 INFO  tests.MyInfoFormTest - ********Finding dashboard*********
2026-10-04 17:13:03 INFO  pages.HomePage - ********Getting Dashboard Element********
2026-10-04 17:13:03 INFO  tests.MyInfoFormTest - ********Clicking on MyInfo Button*********
2026-10-04 17:13:03 INFO  pages.HomePage - ********Checking Clickability of MyInfo Button********
2026-10-04 17:13:04 INFO  pages.HomePage - *******Clicking on MyInfo Button********
2026-10-04 17:13:05 INFO  tests.MyInfoFormTest - ********Initiating infoFormTest*********
2026-10-04 17:13:05 INFO  tests.MyInfoFormTest - ********Initiating MyInfo Page*********
2026-10-04 17:13:05 INFO  pages.MyInfoPage - **********Initiating MyInfoPage**********
2026-10-04 17:13:05 INFO  tests.MyInfoFormTest - ********Enetering First Name*********
2026-10-04 17:13:05 INFO  pages.MyInfoPage - **********Checking Visibility of First Name Field*************
2026-10-04 17:13:06 INFO  pages.MyInfoPage - **********Clicking Inside First Name Field*************
2026-10-04 17:13:06 INFO  pages.MyInfoPage - **********Selecting Previous First Name*************
2026-10-04 17:13:06 INFO  pages.MyInfoPage - **********Overwriting First Name*************
2026-10-04 17:13:06 INFO  tests.MyInfoFormTest - ********Enetering Middle Name*********
2026-10-04 17:13:06 INFO  pages.MyInfoPage - **********Checking Visibility of Middle Name Field*************
2026-10-04 17:13:06 INFO  pages.MyInfoPage - **********Selecting Previous Middle Name*************
2026-10-04 17:13:06 INFO  pages.MyInfoPage - **********Overwriting Middle Name*************
2026-10-04 17:13:07 INFO  tests.MyInfoFormTest - ********Enetering last Name*********
2026-10-04 17:13:07 INFO  pages.MyInfoPage - **********Checking Visibility of Last Name Field*************
2026-10-04 17:13:07 INFO  pages.MyInfoPage - **********Selecting Previous Last Name*************
2026-10-04 17:13:07 INFO  pages.MyInfoPage - **********Overwriting Last Name*************
2026-10-04 17:13:07 INFO  tests.MyInfoFormTest - ********Enetering Employee ID*********
2026-10-04 17:13:07 INFO  pages.MyInfoPage - **********Checking Visibility of Employee ID Field*************
2026-10-04 17:13:07 INFO  pages.MyInfoPage - **********Selecting Previous Employee ID*************
2026-10-04 17:13:07 INFO  pages.MyInfoPage - **********Overwriting Employee ID*************
2026-10-04 17:13:07 INFO  tests.MyInfoFormTest - ********Enetering Driving License Number*********
2026-10-04 17:13:07 INFO  pages.MyInfoPage - **********Checking Visibility of Driving License Number Field*************
2026-10-04 17:13:07 INFO  pages.MyInfoPage - **********Selecting Previous Driving License Number*************
2026-10-04 17:13:07 INFO  pages.MyInfoPage - **********Overwriting Driving License Number*************
2026-10-04 17:13:07 INFO  tests.MyInfoFormTest - ********Enetering Driving License Expiry Date*********
2026-10-04 17:13:07 INFO  pages.MyInfoPage - **********Checking Clickability of License Expiry Field*************
2026-10-04 17:13:07 INFO  pages.MyInfoPage - **********Clicking on License Expiry Field*************
2026-10-04 17:13:07 INFO  pages.MyInfoPage - ***********Checking Visibility of License Expiry Year************
2026-10-04 17:13:08 INFO  pages.MyInfoPage - ***********Clicking Next Year************
2026-10-04 17:13:17 INFO  pages.MyInfoPage - ***********Clicking Month************
2026-10-04 17:13:17 INFO  pages.MyInfoPage - ***********Reading all Months************
2026-10-04 17:13:18 INFO  pages.MyInfoPage - ***********Clicking Desired Month************
2026-10-04 17:13:18 INFO  pages.MyInfoPage - ***********Reading all Dates************
2026-10-04 17:13:19 INFO  pages.MyInfoPage - ***********Clicking Desired Date************
2026-10-04 17:13:19 INFO  tests.MyInfoFormTest - ********Enetering Nationality*********
2026-10-04 17:13:19 INFO  pages.MyInfoPage - **********Checking Clickability of Nationality Field*************
2026-10-04 17:13:19 INFO  pages.MyInfoPage - **********Scrolling to Nationality Field*************
2026-10-04 17:13:19 INFO  pages.MyInfoPage - ***********Clicking on Nationality Field************
2026-10-04 17:13:19 INFO  pages.MyInfoPage - ***********Reading Nationality Dropdown************
2026-10-04 17:13:23 ERROR tests.MyInfoFormTest - loginSuccessTest Failed : IndexOutOfBoundsException FOUND => Index 94 out of bounds for length 0
2026-10-04 17:13:23 INFO  org.testng.internal.Utils - [TestNG] Time taken by org.testng.reporters.jq.Main@73ff7a54: 78 ms
2026-10-04 17:13:23 INFO  org.testng.internal.Utils - [TestNG] Time taken by org.testng.reporters.FailedReporter@67b09e34: 1 ms
2026-10-04 17:13:23 INFO  org.testng.internal.Utils - [TestNG] Time taken by org.testng.reporters.XMLReporter@462b239f: 7 ms
2026-10-04 17:13:23 INFO  org.testng.internal.Utils - [TestNG] Time taken by org.testng.reporters.EmailableReporter2@35d2312f: 8 ms
2026-10-04 17:13:23 INFO  org.testng.internal.Utils - [TestNG] Time taken by org.testng.reporters.JUnitReportReporter@63c6c5e5: 5 ms
2026-10-04 17:13:23 INFO  org.testng.internal.Utils - [TestNG] Time taken by org.testng.internal.ExitCodeListener@6edb2c7b: 0 ms
2026-10-04 17:13:37 INFO  org.testng.internal.Utils - [Utils] MethodGroupsHelper.collectMethodsByGroup() took 1 ms.
2026-10-04 17:13:37 INFO  org.testng.internal.Utils - [Utils] MethodGroupsHelper.sortMethods() took 2 ms.
2026-10-04 17:13:37 INFO  org.testng.internal.Utils - [Utils] MethodGroupsHelper.collectMethodsByGroup() took 0 ms.
2026-10-04 17:13:37 INFO  org.testng.internal.Utils - [Utils] MethodGroupsHelper.sortMethods() took 0 ms.
2026-10-04 17:13:37 INFO  org.testng.internal.Utils - [Utils] MethodGroupsHelper.collectMethodsByGroup() took 0 ms.
2026-10-04 17:13:37 INFO  org.testng.internal.Utils - [Utils] MethodGroupsHelper.sortMethods() took 0 ms.
2026-10-04 17:13:37 INFO  org.testng.internal.Utils - [Utils] MethodGroupsHelper.collectMethodsByGroup() took 0 ms.
2026-10-04 17:13:37 INFO  org.testng.internal.Utils - [Utils] MethodGroupsHelper.sortMethods() took 0 ms.
2026-10-04 17:13:37 INFO  org.testng.internal.Utils - [Utils] MethodGroupsHelper.collectMethodsByGroup() took 0 ms.
2026-10-04 17:13:37 INFO  org.testng.internal.Utils - [Utils] MethodGroupsHelper.sortMethods() took 0 ms.
2026-10-04 17:13:37 INFO  org.testng.internal.Utils - [Utils] MethodGroupsHelper.collectMethodsByGroup() took 0 ms.
2026-10-04 17:13:37 INFO  org.testng.internal.Utils - [Utils] MethodGroupsHelper.sortMethods() took 0 ms.
2026-10-04 17:13:37 INFO  org.testng.internal.Utils - [Utils] MethodGroupsHelper.collectMethodsByGroup() took 0 ms.
2026-10-04 17:13:37 INFO  org.testng.internal.Utils - [Utils] MethodGroupsHelper.sortMethods() took 0 ms.
2026-10-04 17:13:37 INFO  org.testng.internal.Utils - [Utils] MethodGroupsHelper.collectMethodsByGroup() took 0 ms.
2026-10-04 17:13:37 INFO  org.testng.internal.Utils - [Utils] MethodGroupsHelper.sortMethods() took 0 ms.
2026-10-04 17:13:37 INFO  org.testng.internal.Utils - [Utils] MethodGroupsHelper.collectMethodsByGroup() took 5 ms.
2026-10-04 17:13:37 INFO  org.testng.internal.Utils - [Utils] MethodGroupsHelper.sortMethods() took 9 ms.
2026-10-04 17:13:37 INFO  org.testng.internal.Utils - [Utils] MethodGroupsHelper.collectMethodsByGroup() took 0 ms.
2026-10-04 17:13:37 INFO  org.testng.internal.Utils - [Utils] MethodGroupsHelper.sortMethods() took 0 ms.
2026-10-04 17:13:37 INFO  org.testng.internal.Utils - [Utils] MethodGroupsHelper.collectMethodsByGroup() took 0 ms.
2026-10-04 17:13:37 INFO  org.testng.internal.Utils - [Utils] MethodGroupsHelper.sortMethods() took 0 ms.
2026-10-04 17:13:37 INFO  org.testng.internal.Utils - [Utils] MethodGroupsHelper.collectMethodsByGroup() took 0 ms.
2026-10-04 17:13:37 INFO  org.testng.internal.Utils - [Utils] MethodGroupsHelper.sortMethods() took 0 ms.
2026-10-04 17:13:37 INFO  org.testng.internal.Utils - [Utils] MethodGroupsHelper.collectMethodsByGroup() took 0 ms.
2026-10-04 17:13:37 INFO  org.testng.internal.Utils - [Utils] MethodGroupsHelper.sortMethods() took 0 ms.
2026-10-04 17:13:37 INFO  org.testng.internal.Utils - [Utils] MethodGroupsHelper.collectMethodsByGroup() took 0 ms.
2026-10-04 17:13:37 INFO  org.testng.internal.Utils - [Utils] MethodGroupsHelper.sortMethods() took 0 ms.
2026-10-04 17:13:37 INFO  org.testng.internal.Utils - [Utils] MethodGroupsHelper.collectMethodsByGroup() took 0 ms.
2026-10-04 17:13:37 INFO  org.testng.internal.Utils - [Utils] MethodGroupsHelper.sortMethods() took 0 ms.
2026-10-04 17:13:37 INFO  org.testng.internal.Utils - [TestNG] Running:
  C:\Users\Rahul Kumar\AppData\Local\Temp\testng-eclipse-373620582\testng-customsuite.xml

2026-10-04 17:13:37 INFO  org.testng.internal.Utils - [Utils] DynamicGraphHelper.createDynamicGraph() took 4 ms.
2026-10-04 17:13:37 INFO  tests.MyInfoFormTest - ***********Initializing Driver***********
2026-10-04 17:13:37 INFO  library.Base - ***********LAUNCHING EDGE BROWSER***********
2026-10-04 17:13:46 INFO  tests.MyInfoFormTest - ***********Initiating LoginPage***********
2026-10-04 17:13:46 INFO  pages.LoginPage - ****Initiating LoginPage********
2026-10-04 17:13:46 INFO  tests.MyInfoFormTest - **********Sending Valid Username-Password to LoginPage*************
2026-10-04 17:13:46 INFO  pages.LoginPage - ******Logging into app****
2026-10-04 17:13:46 INFO  pages.LoginPage - ****Entering Username********
2026-10-04 17:13:46 INFO  pages.LoginPage - ******Checking Presence of Username Field******
2026-10-04 17:13:47 INFO  pages.LoginPage - ******Sending Username******
2026-10-04 17:13:47 INFO  pages.LoginPage - ****Entering Password********
2026-10-04 17:13:47 INFO  pages.LoginPage - ******Checking Visibility of Password Field******
2026-10-04 17:13:47 INFO  pages.LoginPage - ******Sending Password******
2026-10-04 17:13:47 INFO  pages.LoginPage - ****Clicking on Login Button********
2026-10-04 17:13:47 INFO  pages.LoginPage - ******Checking Clickability of Login Button******
2026-10-04 17:13:47 INFO  pages.LoginPage - ******Clicking on Login Button******
2026-10-04 17:13:49 INFO  tests.MyInfoFormTest - ********Initiating Homepage*********
2026-10-04 17:13:49 INFO  pages.HomePage - ****Initiating HomePage********
2026-10-04 17:13:49 INFO  tests.MyInfoFormTest - ********Finding dashboard*********
2026-10-04 17:13:49 INFO  pages.HomePage - ********Getting Dashboard Element********
2026-10-04 17:13:49 INFO  tests.MyInfoFormTest - ********Clicking on MyInfo Button*********
2026-10-04 17:13:49 INFO  pages.HomePage - ********Checking Clickability of MyInfo Button********
2026-10-04 17:13:49 INFO  pages.HomePage - *******Clicking on MyInfo Button********
2026-10-04 17:13:51 INFO  tests.MyInfoFormTest - ********Initiating infoFormTest*********
2026-10-04 17:13:51 INFO  tests.MyInfoFormTest - ********Initiating MyInfo Page*********
2026-10-04 17:13:51 INFO  pages.MyInfoPage - **********Initiating MyInfoPage**********
2026-10-04 17:13:51 INFO  tests.MyInfoFormTest - ********Enetering First Name*********
2026-10-04 17:13:51 INFO  pages.MyInfoPage - **********Checking Visibility of First Name Field*************
2026-10-04 17:13:51 INFO  pages.MyInfoPage - **********Clicking Inside First Name Field*************
2026-10-04 17:13:52 INFO  pages.MyInfoPage - **********Selecting Previous First Name*************
2026-10-04 17:13:52 INFO  pages.MyInfoPage - **********Overwriting First Name*************
2026-10-04 17:13:52 INFO  tests.MyInfoFormTest - ********Enetering Middle Name*********
2026-10-04 17:13:52 INFO  pages.MyInfoPage - **********Checking Visibility of Middle Name Field*************
2026-10-04 17:13:52 INFO  pages.MyInfoPage - **********Selecting Previous Middle Name*************
2026-10-04 17:13:52 INFO  pages.MyInfoPage - **********Overwriting Middle Name*************
2026-10-04 17:13:52 INFO  tests.MyInfoFormTest - ********Enetering last Name*********
2026-10-04 17:13:52 INFO  pages.MyInfoPage - **********Checking Visibility of Last Name Field*************
2026-10-04 17:13:52 INFO  pages.MyInfoPage - **********Selecting Previous Last Name*************
2026-10-04 17:13:52 INFO  pages.MyInfoPage - **********Overwriting Last Name*************
2026-10-04 17:13:52 INFO  tests.MyInfoFormTest - ********Enetering Employee ID*********
2026-10-04 17:13:52 INFO  pages.MyInfoPage - **********Checking Visibility of Employee ID Field*************
2026-10-04 17:13:52 INFO  pages.MyInfoPage - **********Selecting Previous Employee ID*************
2026-10-04 17:13:52 INFO  pages.MyInfoPage - **********Overwriting Employee ID*************
2026-10-04 17:13:52 INFO  tests.MyInfoFormTest - ********Enetering Driving License Number*********
2026-10-04 17:13:52 INFO  pages.MyInfoPage - **********Checking Visibility of Driving License Number Field*************
2026-10-04 17:13:52 INFO  pages.MyInfoPage - **********Selecting Previous Driving License Number*************
2026-10-04 17:13:52 INFO  pages.MyInfoPage - **********Overwriting Driving License Number*************
2026-10-04 17:13:52 INFO  tests.MyInfoFormTest - ********Enetering Driving License Expiry Date*********
2026-10-04 17:13:52 INFO  pages.MyInfoPage - **********Checking Clickability of License Expiry Field*************
2026-10-04 17:13:52 INFO  pages.MyInfoPage - **********Clicking on License Expiry Field*************
2026-10-04 17:13:53 INFO  pages.MyInfoPage - ***********Checking Visibility of License Expiry Year************
2026-10-04 17:13:53 INFO  pages.MyInfoPage - ***********Clicking Next Year************
2026-10-04 17:14:01 INFO  pages.MyInfoPage - ***********Clicking Month************
2026-10-04 17:14:01 INFO  pages.MyInfoPage - ***********Reading all Months************
2026-10-04 17:14:02 INFO  pages.MyInfoPage - ***********Clicking Desired Month************
2026-10-04 17:14:02 INFO  pages.MyInfoPage - ***********Reading all Dates************
2026-10-04 17:14:03 INFO  pages.MyInfoPage - ***********Clicking Desired Date************
2026-10-04 17:14:03 INFO  tests.MyInfoFormTest - ********Enetering Nationality*********
2026-10-04 17:14:03 INFO  pages.MyInfoPage - **********Checking Clickability of Nationality Field*************
2026-10-04 17:14:03 INFO  pages.MyInfoPage - **********Scrolling to Nationality Field*************
2026-10-04 17:14:03 INFO  pages.MyInfoPage - ***********Clicking on Nationality Field************
2026-10-04 17:14:04 INFO  pages.MyInfoPage - ***********Reading Nationality Dropdown************
2026-10-04 17:14:11 ERROR tests.MyInfoFormTest - loginSuccessTest Failed : StaleElementReferenceException FOUND => stale element reference: stale element not found in the current frame
2026-10-04 17:14:11 INFO  org.testng.internal.Utils - [TestNG] Time taken by org.testng.reporters.jq.Main@2eafb4e7: 102 ms
2026-10-04 17:14:11 INFO  org.testng.internal.Utils - [TestNG] Time taken by org.testng.reporters.FailedReporter@469bd719: 3 ms
2026-10-04 17:14:11 INFO  org.testng.internal.Utils - [TestNG] Time taken by org.testng.reporters.XMLReporter@1248f83: 12 ms
2026-10-04 17:14:11 INFO  org.testng.internal.Utils - [TestNG] Time taken by org.testng.reporters.EmailableReporter2@2b9615cb: 7 ms
2026-10-04 17:14:11 INFO  org.testng.internal.Utils - [TestNG] Time taken by org.testng.reporters.JUnitReportReporter@781bd9dd: 9 ms
2026-10-04 17:14:11 INFO  org.testng.internal.Utils - [TestNG] Time taken by org.testng.internal.ExitCodeListener@1cc42abe: 0 ms
2026-10-04 17:14:59 INFO  org.testng.internal.Utils - [Utils] MethodGroupsHelper.collectMethodsByGroup() took 1 ms.
2026-10-04 17:14:59 INFO  org.testng.internal.Utils - [Utils] MethodGroupsHelper.sortMethods() took 2 ms.
2026-10-04 17:14:59 INFO  org.testng.internal.Utils - [Utils] MethodGroupsHelper.collectMethodsByGroup() took 0 ms.
2026-10-04 17:14:59 INFO  org.testng.internal.Utils - [Utils] MethodGroupsHelper.sortMethods() took 0 ms.
2026-10-04 17:14:59 INFO  org.testng.internal.Utils - [Utils] MethodGroupsHelper.collectMethodsByGroup() took 0 ms.
2026-10-04 17:14:59 INFO  org.testng.internal.Utils - [Utils] MethodGroupsHelper.sortMethods() took 0 ms.
2026-10-04 17:14:59 INFO  org.testng.internal.Utils - [Utils] MethodGroupsHelper.collectMethodsByGroup() took 0 ms.
2026-10-04 17:14:59 INFO  org.testng.internal.Utils - [Utils] MethodGroupsHelper.sortMethods() took 0 ms.
2026-10-04 17:14:59 INFO  org.testng.internal.Utils - [Utils] MethodGroupsHelper.collectMethodsByGroup() took 0 ms.
2026-10-04 17:14:59 INFO  org.testng.internal.Utils - [Utils] MethodGroupsHelper.sortMethods() took 0 ms.
2026-10-04 17:14:59 INFO  org.testng.internal.Utils - [Utils] MethodGroupsHelper.collectMethodsByGroup() took 0 ms.
2026-10-04 17:14:59 INFO  org.testng.internal.Utils - [Utils] MethodGroupsHelper.sortMethods() took 0 ms.
2026-10-04 17:14:59 INFO  org.testng.internal.Utils - [Utils] MethodGroupsHelper.collectMethodsByGroup() took 0 ms.
2026-10-04 17:14:59 INFO  org.testng.internal.Utils - [Utils] MethodGroupsHelper.sortMethods() took 0 ms.
2026-10-04 17:14:59 INFO  org.testng.internal.Utils - [Utils] MethodGroupsHelper.collectMethodsByGroup() took 0 ms.
2026-10-04 17:14:59 INFO  org.testng.internal.Utils - [Utils] MethodGroupsHelper.sortMethods() took 0 ms.
2026-10-04 17:14:59 INFO  org.testng.internal.Utils - [Utils] MethodGroupsHelper.collectMethodsByGroup() took 6 ms.
2026-10-04 17:14:59 INFO  org.testng.internal.Utils - [Utils] MethodGroupsHelper.sortMethods() took 8 ms.
2026-10-04 17:14:59 INFO  org.testng.internal.Utils - [Utils] MethodGroupsHelper.collectMethodsByGroup() took 0 ms.
2026-10-04 17:14:59 INFO  org.testng.internal.Utils - [Utils] MethodGroupsHelper.sortMethods() took 0 ms.
2026-10-04 17:14:59 INFO  org.testng.internal.Utils - [Utils] MethodGroupsHelper.collectMethodsByGroup() took 0 ms.
2026-10-04 17:14:59 INFO  org.testng.internal.Utils - [Utils] MethodGroupsHelper.sortMethods() took 0 ms.
2026-10-04 17:14:59 INFO  org.testng.internal.Utils - [Utils] MethodGroupsHelper.collectMethodsByGroup() took 0 ms.
2026-10-04 17:14:59 INFO  org.testng.internal.Utils - [Utils] MethodGroupsHelper.sortMethods() took 0 ms.
2026-10-04 17:14:59 INFO  org.testng.internal.Utils - [Utils] MethodGroupsHelper.collectMethodsByGroup() took 1 ms.
2026-10-04 17:14:59 INFO  org.testng.internal.Utils - [Utils] MethodGroupsHelper.sortMethods() took 0 ms.
2026-10-04 17:14:59 INFO  org.testng.internal.Utils - [Utils] MethodGroupsHelper.collectMethodsByGroup() took 0 ms.
2026-10-04 17:14:59 INFO  org.testng.internal.Utils - [Utils] MethodGroupsHelper.sortMethods() took 0 ms.
2026-10-04 17:14:59 INFO  org.testng.internal.Utils - [Utils] MethodGroupsHelper.collectMethodsByGroup() took 0 ms.
2026-10-04 17:14:59 INFO  org.testng.internal.Utils - [Utils] MethodGroupsHelper.sortMethods() took 0 ms.
2026-10-04 17:14:59 INFO  org.testng.internal.Utils - [TestNG] Running:
  C:\Users\Rahul Kumar\AppData\Local\Temp\testng-eclipse-1845993326\testng-customsuite.xml

2026-10-04 17:14:59 INFO  org.testng.internal.Utils - [Utils] DynamicGraphHelper.createDynamicGraph() took 5 ms.
2026-10-04 17:14:59 INFO  tests.MyInfoFormTest - ***********Initializing Driver***********
2026-10-04 17:14:59 INFO  library.Base - ***********LAUNCHING EDGE BROWSER***********
2026-10-04 17:15:13 INFO  tests.MyInfoFormTest - ***********Initiating LoginPage***********
2026-10-04 17:15:13 INFO  pages.LoginPage - ****Initiating LoginPage********
2026-10-04 17:15:13 INFO  tests.MyInfoFormTest - **********Sending Valid Username-Password to LoginPage*************
2026-10-04 17:15:13 INFO  pages.LoginPage - ******Logging into app****
2026-10-04 17:15:13 INFO  pages.LoginPage - ****Entering Username********
2026-10-04 17:15:13 INFO  pages.LoginPage - ******Checking Presence of Username Field******
2026-10-04 17:15:13 INFO  pages.LoginPage - ******Sending Username******
2026-10-04 17:15:13 INFO  pages.LoginPage - ****Entering Password********
2026-10-04 17:15:13 INFO  pages.LoginPage - ******Checking Visibility of Password Field******
2026-10-04 17:15:13 INFO  pages.LoginPage - ******Sending Password******
2026-10-04 17:15:13 INFO  pages.LoginPage - ****Clicking on Login Button********
2026-10-04 17:15:13 INFO  pages.LoginPage - ******Checking Clickability of Login Button******
2026-10-04 17:15:13 INFO  pages.LoginPage - ******Clicking on Login Button******
2026-10-04 17:15:13 INFO  tests.MyInfoFormTest - ********Initiating Homepage*********
2026-10-04 17:15:13 INFO  pages.HomePage - ****Initiating HomePage********
2026-10-04 17:15:13 INFO  tests.MyInfoFormTest - ********Finding dashboard*********
2026-10-04 17:15:13 INFO  pages.HomePage - ********Getting Dashboard Element********
2026-10-04 17:15:13 INFO  tests.MyInfoFormTest - ********Clicking on MyInfo Button*********
2026-10-04 17:15:13 INFO  pages.HomePage - ********Checking Clickability of MyInfo Button********
2026-10-04 17:15:15 INFO  pages.HomePage - *******Clicking on MyInfo Button********
2026-10-04 17:15:16 INFO  tests.MyInfoFormTest - ********Initiating infoFormTest*********
2026-10-04 17:15:16 INFO  tests.MyInfoFormTest - ********Initiating MyInfo Page*********
2026-10-04 17:15:16 INFO  pages.MyInfoPage - **********Initiating MyInfoPage**********
2026-10-04 17:15:16 INFO  tests.MyInfoFormTest - ********Enetering First Name*********
2026-10-04 17:15:16 INFO  pages.MyInfoPage - **********Checking Visibility of First Name Field*************
2026-10-04 17:15:17 INFO  pages.MyInfoPage - **********Clicking Inside First Name Field*************
2026-10-04 17:15:18 INFO  pages.MyInfoPage - **********Selecting Previous First Name*************
2026-10-04 17:15:18 INFO  pages.MyInfoPage - **********Overwriting First Name*************
2026-10-04 17:15:18 INFO  tests.MyInfoFormTest - ********Enetering Middle Name*********
2026-10-04 17:15:18 INFO  pages.MyInfoPage - **********Checking Visibility of Middle Name Field*************
2026-10-04 17:15:18 INFO  pages.MyInfoPage - **********Selecting Previous Middle Name*************
2026-10-04 17:15:18 INFO  pages.MyInfoPage - **********Overwriting Middle Name*************
2026-10-04 17:15:18 INFO  tests.MyInfoFormTest - ********Enetering last Name*********
2026-10-04 17:15:18 INFO  pages.MyInfoPage - **********Checking Visibility of Last Name Field*************
2026-10-04 17:15:18 INFO  pages.MyInfoPage - **********Selecting Previous Last Name*************
2026-10-04 17:15:18 INFO  pages.MyInfoPage - **********Overwriting Last Name*************
2026-10-04 17:15:18 INFO  tests.MyInfoFormTest - ********Enetering Employee ID*********
2026-10-04 17:15:18 INFO  pages.MyInfoPage - **********Checking Visibility of Employee ID Field*************
2026-10-04 17:15:18 INFO  pages.MyInfoPage - **********Selecting Previous Employee ID*************
2026-10-04 17:15:18 INFO  pages.MyInfoPage - **********Overwriting Employee ID*************
2026-10-04 17:15:18 INFO  tests.MyInfoFormTest - ********Enetering Driving License Number*********
2026-10-04 17:15:18 INFO  pages.MyInfoPage - **********Checking Visibility of Driving License Number Field*************
2026-10-04 17:15:18 INFO  pages.MyInfoPage - **********Selecting Previous Driving License Number*************
2026-10-04 17:15:18 INFO  pages.MyInfoPage - **********Overwriting Driving License Number*************
2026-10-04 17:15:18 INFO  tests.MyInfoFormTest - ********Enetering Driving License Expiry Date*********
2026-10-04 17:15:18 INFO  pages.MyInfoPage - **********Checking Clickability of License Expiry Field*************
2026-10-04 17:15:18 INFO  pages.MyInfoPage - **********Clicking on License Expiry Field*************
2026-10-04 17:15:18 INFO  pages.MyInfoPage - ***********Checking Visibility of License Expiry Year************
2026-10-04 17:15:19 INFO  pages.MyInfoPage - ***********Clicking Next Year************
2026-10-04 17:15:28 INFO  pages.MyInfoPage - ***********Clicking Month************
2026-10-04 17:15:28 INFO  pages.MyInfoPage - ***********Reading all Months************
2026-10-04 17:15:29 INFO  pages.MyInfoPage - ***********Clicking Desired Month************
2026-10-04 17:15:29 INFO  pages.MyInfoPage - ***********Reading all Dates************
2026-10-04 17:15:30 INFO  pages.MyInfoPage - ***********Clicking Desired Date************
2026-10-04 17:15:30 INFO  tests.MyInfoFormTest - ********Enetering Nationality*********
2026-10-04 17:15:30 INFO  pages.MyInfoPage - **********Checking Clickability of Nationality Field*************
2026-10-04 17:15:30 INFO  pages.MyInfoPage - **********Scrolling to Nationality Field*************
2026-10-04 17:15:30 INFO  pages.MyInfoPage - ***********Clicking on Nationality Field************
2026-10-04 17:15:30 INFO  pages.MyInfoPage - ***********Reading Nationality Dropdown************
2026-10-04 17:15:41 INFO  pages.MyInfoPage - ***********Clicking Desired Nationality************
2026-10-04 17:15:41 INFO  tests.MyInfoFormTest - ********Enetering Marital Status*********
2026-10-04 17:15:41 INFO  pages.MyInfoPage - **********Checking Clickability of Marital Status Field*************
2026-10-04 17:15:41 INFO  pages.MyInfoPage - ***********Clicking on Marital Status Field************
2026-10-04 17:15:41 INFO  pages.MyInfoPage - ***********Reading Marital Status Dropdown************
2026-10-04 17:15:41 INFO  pages.MyInfoPage - ***********Clicking Desired Marital Status************
2026-10-04 17:15:41 INFO  tests.MyInfoFormTest - ********Selecting Gender*********
2026-10-04 17:15:41 INFO  pages.MyInfoPage - ***********Checking Visibility of Male Button************
2026-10-04 17:15:41 INFO  pages.MyInfoPage - ***********Clicking on Male Gender************
2026-10-04 17:15:41 INFO  tests.MyInfoFormTest - ********Enetering Date of Birth*********
2026-10-04 17:15:41 INFO  pages.MyInfoPage - **********Checking Clickability of Date of Birth Field*************
2026-10-04 17:15:41 INFO  pages.MyInfoPage - **********Clicking on Date of Birth Field*************
2026-10-04 17:15:41 INFO  pages.MyInfoPage - ***********Checking Visibility of Birth Year************
2026-10-04 17:15:42 INFO  pages.MyInfoPage - ***********Clicking Previous Birth Year************
2026-10-04 17:16:01 INFO  pages.MyInfoPage - ***********Checking Clickability of Birth Month************
2026-10-04 17:16:01 INFO  pages.MyInfoPage - ***********Clicking Birth Month************
2026-10-04 17:16:01 INFO  pages.MyInfoPage - ***********Reading Birth Month Dropdown************
2026-10-04 17:16:02 INFO  pages.MyInfoPage - ***********Clicking Desired Birth Month************
2026-10-04 17:16:02 INFO  pages.MyInfoPage - ***********Reading Birth Date Grid************
2026-10-04 17:16:03 INFO  pages.MyInfoPage - ***********Clicking Desired Birth Date************
2026-10-04 17:16:03 INFO  tests.MyInfoFormTest - ********Enetering Blood Type*********
2026-10-04 17:16:03 INFO  pages.MyInfoPage - ***********Checking Clickability of Blood Type Field************
2026-10-04 17:16:03 INFO  pages.MyInfoPage - ***********Clicking on Blood Type Field************
2026-10-04 17:16:03 INFO  pages.MyInfoPage - ***********Reading Blood Type Dropdown************
2026-10-04 17:16:03 INFO  pages.MyInfoPage - ***********Clicking Desired Blood Type************
2026-10-04 17:16:03 INFO  tests.MyInfoFormTest - ********Enetering Test*********
2026-10-04 17:16:03 INFO  pages.MyInfoPage - ***********Checking Visibility of Test Field************
2026-10-04 17:16:03 INFO  pages.MyInfoPage - ***********Selecting Previous Test************
2026-10-04 17:16:03 INFO  pages.MyInfoPage - ***********Overwriting Test************
2026-10-04 17:16:03 INFO  tests.MyInfoFormTest - ********Adding Attachment*********
2026-10-04 17:16:03 INFO  pages.MyInfoPage - ***********Checking Clickability of Add Attachment Button************
2026-10-04 17:16:03 INFO  pages.MyInfoPage - ***********Clicking Add Attachment Button************
2026-10-04 17:16:03 INFO  pages.MyInfoPage - ***********Checking File Attachment************
2026-10-04 17:16:04 INFO  pages.MyInfoPage - ***********Sending File Path************
2026-10-04 17:16:04 ERROR tests.MyInfoFormTest - infoFormTest Failed : ElementNotInteractableException FOUND => element not interactable
2026-10-04 17:16:04 INFO  org.testng.internal.Utils - [TestNG] Time taken by org.testng.reporters.jq.Main@7e95bbbb: 93 ms
2026-10-04 17:16:04 INFO  org.testng.internal.Utils - [TestNG] Time taken by org.testng.reporters.FailedReporter@63f8fded: 0 ms
2026-10-04 17:16:04 INFO  org.testng.internal.Utils - [TestNG] Time taken by org.testng.reporters.XMLReporter@3d57b228: 0 ms
2026-10-04 17:16:04 INFO  org.testng.internal.Utils - [TestNG] Time taken by org.testng.reporters.EmailableReporter2@595bcc11: 16 ms
2026-10-04 17:16:04 INFO  org.testng.internal.Utils - [TestNG] Time taken by org.testng.reporters.JUnitReportReporter@33225b82: 8 ms
2026-10-04 17:16:04 INFO  org.testng.internal.Utils - [TestNG] Time taken by org.testng.internal.ExitCodeListener@10370297: 0 ms
2026-10-04 17:28:14 INFO  org.testng.internal.Utils - [Utils] MethodGroupsHelper.collectMethodsByGroup() took 0 ms.
2026-10-04 17:28:14 INFO  org.testng.internal.Utils - [Utils] MethodGroupsHelper.sortMethods() took 2 ms.
2026-10-04 17:28:14 INFO  org.testng.internal.Utils - [Utils] MethodGroupsHelper.collectMethodsByGroup() took 0 ms.
2026-10-04 17:28:14 INFO  org.testng.internal.Utils - [Utils] MethodGroupsHelper.sortMethods() took 0 ms.
2026-10-04 17:28:14 INFO  org.testng.internal.Utils - [Utils] MethodGroupsHelper.collectMethodsByGroup() took 0 ms.
2026-10-04 17:28:14 INFO  org.testng.internal.Utils - [Utils] MethodGroupsHelper.sortMethods() took 0 ms.
2026-10-04 17:28:14 INFO  org.testng.internal.Utils - [Utils] MethodGroupsHelper.collectMethodsByGroup() took 0 ms.
2026-10-04 17:28:14 INFO  org.testng.internal.Utils - [Utils] MethodGroupsHelper.sortMethods() took 0 ms.
2026-10-04 17:28:14 INFO  org.testng.internal.Utils - [Utils] MethodGroupsHelper.collectMethodsByGroup() took 0 ms.
2026-10-04 17:28:14 INFO  org.testng.internal.Utils - [Utils] MethodGroupsHelper.sortMethods() took 0 ms.
2026-10-04 17:28:14 INFO  org.testng.internal.Utils - [Utils] MethodGroupsHelper.collectMethodsByGroup() took 0 ms.
2026-10-04 17:28:14 INFO  org.testng.internal.Utils - [Utils] MethodGroupsHelper.sortMethods() took 0 ms.
2026-10-04 17:28:14 INFO  org.testng.internal.Utils - [Utils] MethodGroupsHelper.collectMethodsByGroup() took 0 ms.
2026-10-04 17:28:14 INFO  org.testng.internal.Utils - [Utils] MethodGroupsHelper.sortMethods() took 0 ms.
2026-10-04 17:28:14 INFO  org.testng.internal.Utils - [Utils] MethodGroupsHelper.collectMethodsByGroup() took 0 ms.
2026-10-04 17:28:14 INFO  org.testng.internal.Utils - [Utils] MethodGroupsHelper.sortMethods() took 0 ms.
2026-10-04 17:28:14 INFO  org.testng.internal.Utils - [Utils] MethodGroupsHelper.collectMethodsByGroup() took 4 ms.
2026-10-04 17:28:14 INFO  org.testng.internal.Utils - [Utils] MethodGroupsHelper.sortMethods() took 7 ms.
2026-10-04 17:28:14 INFO  org.testng.internal.Utils - [Utils] MethodGroupsHelper.collectMethodsByGroup() took 0 ms.
2026-10-04 17:28:14 INFO  org.testng.internal.Utils - [Utils] MethodGroupsHelper.sortMethods() took 0 ms.
2026-10-04 17:28:14 INFO  org.testng.internal.Utils - [Utils] MethodGroupsHelper.collectMethodsByGroup() took 0 ms.
2026-10-04 17:28:14 INFO  org.testng.internal.Utils - [Utils] MethodGroupsHelper.sortMethods() took 0 ms.
2026-10-04 17:28:14 INFO  org.testng.internal.Utils - [Utils] MethodGroupsHelper.collectMethodsByGroup() took 0 ms.
2026-10-04 17:28:14 INFO  org.testng.internal.Utils - [Utils] MethodGroupsHelper.sortMethods() took 0 ms.
2026-10-04 17:28:14 INFO  org.testng.internal.Utils - [Utils] MethodGroupsHelper.collectMethodsByGroup() took 0 ms.
2026-10-04 17:28:14 INFO  org.testng.internal.Utils - [Utils] MethodGroupsHelper.sortMethods() took 0 ms.
2026-10-04 17:28:14 INFO  org.testng.internal.Utils - [Utils] MethodGroupsHelper.collectMethodsByGroup() took 0 ms.
2026-10-04 17:28:14 INFO  org.testng.internal.Utils - [Utils] MethodGroupsHelper.sortMethods() took 0 ms.
2026-10-04 17:28:14 INFO  org.testng.internal.Utils - [Utils] MethodGroupsHelper.collectMethodsByGroup() took 0 ms.
2026-10-04 17:28:14 INFO  org.testng.internal.Utils - [Utils] MethodGroupsHelper.sortMethods() took 0 ms.
2026-10-04 17:28:14 INFO  org.testng.internal.Utils - [TestNG] Running:
  C:\Users\Rahul Kumar\AppData\Local\Temp\testng-eclipse-1650277608\testng-customsuite.xml

2026-10-04 17:28:14 INFO  org.testng.internal.Utils - [Utils] DynamicGraphHelper.createDynamicGraph() took 4 ms.
2026-10-04 17:28:14 INFO  tests.MyInfoFormTest - ***********Initializing Driver***********
2026-10-04 17:28:14 INFO  library.Base - ***********LAUNCHING EDGE BROWSER***********
2026-10-04 17:28:31 INFO  tests.MyInfoFormTest - ***********Initiating LoginPage***********
2026-10-04 17:28:31 INFO  pages.LoginPage - ****Initiating LoginPage********
2026-10-04 17:28:31 INFO  tests.MyInfoFormTest - **********Sending Valid Username-Password to LoginPage*************
2026-10-04 17:28:31 INFO  pages.LoginPage - ******Logging into app****
2026-10-04 17:28:31 INFO  pages.LoginPage - ****Entering Username********
2026-10-04 17:28:31 INFO  pages.LoginPage - ******Checking Presence of Username Field******
2026-10-04 17:28:32 INFO  pages.LoginPage - ******Sending Username******
2026-10-04 17:28:32 INFO  pages.LoginPage - ****Entering Password********
2026-10-04 17:28:32 INFO  pages.LoginPage - ******Checking Visibility of Password Field******
2026-10-04 17:28:32 INFO  pages.LoginPage - ******Sending Password******
2026-10-04 17:28:32 INFO  pages.LoginPage - ****Clicking on Login Button********
2026-10-04 17:28:32 INFO  pages.LoginPage - ******Checking Clickability of Login Button******
2026-10-04 17:28:32 INFO  pages.LoginPage - ******Clicking on Login Button******
2026-10-04 17:28:34 INFO  tests.MyInfoFormTest - ********Initiating Homepage*********
2026-10-04 17:28:34 INFO  pages.HomePage - ****Initiating HomePage********
2026-10-04 17:28:34 INFO  tests.MyInfoFormTest - ********Finding dashboard*********
2026-10-04 17:28:34 INFO  pages.HomePage - ********Getting Dashboard Element********
2026-10-04 17:28:34 INFO  tests.MyInfoFormTest - ********Clicking on MyInfo Button*********
2026-10-04 17:28:34 INFO  pages.HomePage - ********Checking Clickability of MyInfo Button********
2026-10-04 17:28:34 INFO  pages.HomePage - *******Clicking on MyInfo Button********
2026-10-04 17:28:35 INFO  tests.MyInfoFormTest - ********Initiating infoFormTest*********
2026-10-04 17:28:35 INFO  tests.MyInfoFormTest - ********Initiating MyInfo Page*********
2026-10-04 17:28:35 INFO  pages.MyInfoPage - **********Initiating MyInfoPage**********
2026-10-04 17:28:35 INFO  tests.MyInfoFormTest - ********Enetering First Name*********
2026-10-04 17:28:35 INFO  pages.MyInfoPage - **********Checking Visibility of First Name Field*************
2026-10-04 17:28:36 INFO  pages.MyInfoPage - **********Clicking Inside First Name Field*************
2026-10-04 17:28:37 INFO  pages.MyInfoPage - **********Selecting Previous First Name*************
2026-10-04 17:28:37 INFO  pages.MyInfoPage - **********Overwriting First Name*************
2026-10-04 17:28:37 INFO  tests.MyInfoFormTest - ********Enetering Middle Name*********
2026-10-04 17:28:37 INFO  pages.MyInfoPage - **********Checking Visibility of Middle Name Field*************
2026-10-04 17:28:37 INFO  pages.MyInfoPage - **********Selecting Previous Middle Name*************
2026-10-04 17:28:37 INFO  pages.MyInfoPage - **********Overwriting Middle Name*************
2026-10-04 17:28:37 INFO  tests.MyInfoFormTest - ********Enetering last Name*********
2026-10-04 17:28:37 INFO  pages.MyInfoPage - **********Checking Visibility of Last Name Field*************
2026-10-04 17:28:37 INFO  pages.MyInfoPage - **********Selecting Previous Last Name*************
2026-10-04 17:28:37 INFO  pages.MyInfoPage - **********Overwriting Last Name*************
2026-10-04 17:28:37 INFO  tests.MyInfoFormTest - ********Enetering Employee ID*********
2026-10-04 17:28:37 INFO  pages.MyInfoPage - **********Checking Visibility of Employee ID Field*************
2026-10-04 17:28:37 INFO  pages.MyInfoPage - **********Selecting Previous Employee ID*************
2026-10-04 17:28:37 INFO  pages.MyInfoPage - **********Overwriting Employee ID*************
2026-10-04 17:28:37 INFO  tests.MyInfoFormTest - ********Enetering Driving License Number*********
2026-10-04 17:28:37 INFO  pages.MyInfoPage - **********Checking Visibility of Driving License Number Field*************
2026-10-04 17:28:37 INFO  pages.MyInfoPage - **********Selecting Previous Driving License Number*************
2026-10-04 17:28:37 INFO  pages.MyInfoPage - **********Overwriting Driving License Number*************
2026-10-04 17:28:37 INFO  tests.MyInfoFormTest - ********Enetering Driving License Expiry Date*********
2026-10-04 17:28:37 INFO  pages.MyInfoPage - **********Checking Clickability of License Expiry Field*************
2026-10-04 17:28:37 INFO  pages.MyInfoPage - **********Clicking on License Expiry Field*************
2026-10-04 17:28:37 INFO  pages.MyInfoPage - ***********Checking Visibility of License Expiry Year************
2026-10-04 17:28:38 INFO  pages.MyInfoPage - ***********Clicking Next Year************
2026-10-04 17:28:47 INFO  pages.MyInfoPage - ***********Clicking Month************
2026-10-04 17:28:47 INFO  pages.MyInfoPage - ***********Reading all Months************
2026-10-04 17:28:48 INFO  pages.MyInfoPage - ***********Clicking Desired Month************
2026-10-04 17:28:48 INFO  pages.MyInfoPage - ***********Reading all Dates************
2026-10-04 17:28:49 INFO  pages.MyInfoPage - ***********Clicking Desired Date************
2026-10-04 17:28:49 INFO  tests.MyInfoFormTest - ********Enetering Nationality*********
2026-10-04 17:28:49 INFO  pages.MyInfoPage - **********Checking Clickability of Nationality Field*************
2026-10-04 17:28:49 INFO  pages.MyInfoPage - **********Scrolling to Nationality Field*************
2026-10-04 17:28:49 INFO  pages.MyInfoPage - ***********Clicking on Nationality Field************
2026-10-04 17:28:49 INFO  pages.MyInfoPage - ***********Reading Nationality Dropdown************
2026-10-04 17:28:59 INFO  pages.MyInfoPage - ***********Clicking Desired Nationality************
2026-10-04 17:28:59 INFO  tests.MyInfoFormTest - ********Enetering Marital Status*********
2026-10-04 17:28:59 INFO  pages.MyInfoPage - **********Checking Clickability of Marital Status Field*************
2026-10-04 17:28:59 INFO  pages.MyInfoPage - ***********Clicking on Marital Status Field************
2026-10-04 17:29:00 INFO  pages.MyInfoPage - ***********Reading Marital Status Dropdown************
2026-10-04 17:29:00 INFO  pages.MyInfoPage - ***********Clicking Desired Marital Status************
2026-10-04 17:29:00 INFO  tests.MyInfoFormTest - ********Selecting Gender*********
2026-10-04 17:29:00 INFO  pages.MyInfoPage - ***********Checking Visibility of Male Button************
2026-10-04 17:29:00 INFO  pages.MyInfoPage - ***********Clicking on Male Gender************
2026-10-04 17:29:00 INFO  tests.MyInfoFormTest - ********Enetering Date of Birth*********
2026-10-04 17:29:00 INFO  pages.MyInfoPage - **********Checking Clickability of Date of Birth Field*************
2026-10-04 17:29:00 INFO  pages.MyInfoPage - **********Clicking on Date of Birth Field*************
2026-10-04 17:29:00 INFO  pages.MyInfoPage - ***********Checking Visibility of Birth Year************
2026-10-04 17:29:01 INFO  pages.MyInfoPage - ***********Clicking Previous Birth Year************
2026-10-04 17:29:20 INFO  pages.MyInfoPage - ***********Checking Clickability of Birth Month************
2026-10-04 17:29:20 INFO  pages.MyInfoPage - ***********Clicking Birth Month************
2026-10-04 17:29:20 INFO  pages.MyInfoPage - ***********Reading Birth Month Dropdown************
2026-10-04 17:29:20 INFO  pages.MyInfoPage - ***********Clicking Desired Birth Month************
2026-10-04 17:29:20 INFO  pages.MyInfoPage - ***********Reading Birth Date Grid************
2026-10-04 17:29:21 INFO  pages.MyInfoPage - ***********Clicking Desired Birth Date************
2026-10-04 17:29:21 INFO  tests.MyInfoFormTest - ********Enetering Blood Type*********
2026-10-04 17:29:21 INFO  pages.MyInfoPage - ***********Checking Clickability of Blood Type Field************
2026-10-04 17:29:21 INFO  pages.MyInfoPage - ***********Clicking on Blood Type Field************
2026-10-04 17:29:22 INFO  pages.MyInfoPage - ***********Reading Blood Type Dropdown************
2026-10-04 17:29:22 INFO  pages.MyInfoPage - ***********Clicking Desired Blood Type************
2026-10-04 17:29:22 INFO  tests.MyInfoFormTest - ********Enetering Test*********
2026-10-04 17:29:22 INFO  pages.MyInfoPage - ***********Checking Visibility of Test Field************
2026-10-04 17:29:22 INFO  pages.MyInfoPage - ***********Selecting Previous Test************
2026-10-04 17:29:22 INFO  pages.MyInfoPage - ***********Overwriting Test************
2026-10-04 17:29:22 INFO  tests.MyInfoFormTest - ********Adding Attachment*********
2026-10-04 17:29:22 INFO  pages.MyInfoPage - ***********Checking Clickability of Add Attachment Button************
2026-10-04 17:29:22 INFO  pages.MyInfoPage - ***********Clicking Add Attachment Button************
2026-10-04 17:29:22 INFO  pages.MyInfoPage - ***********Checking File Attachment************
2026-10-04 17:29:43 ERROR tests.MyInfoFormTest - infoFormTest Failed : TimeoutException FOUND => Expected condition failed: waiting for visibility of [[EdgeDriver: MicrosoftEdge on windows (28f8578d165dbc091d08915f64335700)] -> xpath: //input[@class='oxd-file-input']]
2026-10-04 17:29:43 INFO  org.testng.internal.Utils - [TestNG] Time taken by org.testng.reporters.jq.Main@3f096fa1: 65 ms
2026-10-04 17:29:43 INFO  org.testng.internal.Utils - [TestNG] Time taken by org.testng.reporters.FailedReporter@16641839: 0 ms
2026-10-04 17:29:43 INFO  org.testng.internal.Utils - [TestNG] Time taken by org.testng.reporters.XMLReporter@36f1262c: 6 ms
2026-10-04 17:29:43 INFO  org.testng.internal.Utils - [TestNG] Time taken by org.testng.reporters.EmailableReporter2@68374279: 9 ms
2026-10-04 17:29:43 INFO  org.testng.internal.Utils - [TestNG] Time taken by org.testng.reporters.JUnitReportReporter@508bd0d5: 8 ms
2026-10-04 17:29:43 INFO  org.testng.internal.Utils - [TestNG] Time taken by org.testng.internal.ExitCodeListener@35ea9d72: 0 ms
2026-10-04 17:31:19 INFO  org.testng.internal.Utils - [Utils] MethodGroupsHelper.collectMethodsByGroup() took 0 ms.
2026-10-04 17:31:19 INFO  org.testng.internal.Utils - [Utils] MethodGroupsHelper.sortMethods() took 1 ms.
2026-10-04 17:31:19 INFO  org.testng.internal.Utils - [Utils] MethodGroupsHelper.collectMethodsByGroup() took 0 ms.
2026-10-04 17:31:19 INFO  org.testng.internal.Utils - [Utils] MethodGroupsHelper.sortMethods() took 0 ms.
2026-10-04 17:31:19 INFO  org.testng.internal.Utils - [Utils] MethodGroupsHelper.collectMethodsByGroup() took 0 ms.
2026-10-04 17:31:19 INFO  org.testng.internal.Utils - [Utils] MethodGroupsHelper.sortMethods() took 0 ms.
2026-10-04 17:31:19 INFO  org.testng.internal.Utils - [Utils] MethodGroupsHelper.collectMethodsByGroup() took 0 ms.
2026-10-04 17:31:19 INFO  org.testng.internal.Utils - [Utils] MethodGroupsHelper.sortMethods() took 0 ms.
2026-10-04 17:31:19 INFO  org.testng.internal.Utils - [Utils] MethodGroupsHelper.collectMethodsByGroup() took 0 ms.
2026-10-04 17:31:19 INFO  org.testng.internal.Utils - [Utils] MethodGroupsHelper.sortMethods() took 0 ms.
2026-10-04 17:31:19 INFO  org.testng.internal.Utils - [Utils] MethodGroupsHelper.collectMethodsByGroup() took 0 ms.
2026-10-04 17:31:19 INFO  org.testng.internal.Utils - [Utils] MethodGroupsHelper.sortMethods() took 0 ms.
2026-10-04 17:31:19 INFO  org.testng.internal.Utils - [Utils] MethodGroupsHelper.collectMethodsByGroup() took 0 ms.
2026-10-04 17:31:19 INFO  org.testng.internal.Utils - [Utils] MethodGroupsHelper.sortMethods() took 0 ms.
2026-10-04 17:31:19 INFO  org.testng.internal.Utils - [Utils] MethodGroupsHelper.collectMethodsByGroup() took 0 ms.
2026-10-04 17:31:19 INFO  org.testng.internal.Utils - [Utils] MethodGroupsHelper.sortMethods() took 0 ms.
2026-10-04 17:31:19 INFO  org.testng.internal.Utils - [Utils] MethodGroupsHelper.collectMethodsByGroup() took 4 ms.
2026-10-04 17:31:19 INFO  org.testng.internal.Utils - [Utils] MethodGroupsHelper.sortMethods() took 10 ms.
2026-10-04 17:31:19 INFO  org.testng.internal.Utils - [Utils] MethodGroupsHelper.collectMethodsByGroup() took 0 ms.
2026-10-04 17:31:19 INFO  org.testng.internal.Utils - [Utils] MethodGroupsHelper.sortMethods() took 0 ms.
2026-10-04 17:31:19 INFO  org.testng.internal.Utils - [Utils] MethodGroupsHelper.collectMethodsByGroup() took 0 ms.
2026-10-04 17:31:19 INFO  org.testng.internal.Utils - [Utils] MethodGroupsHelper.sortMethods() took 0 ms.
2026-10-04 17:31:19 INFO  org.testng.internal.Utils - [Utils] MethodGroupsHelper.collectMethodsByGroup() took 0 ms.
2026-10-04 17:31:19 INFO  org.testng.internal.Utils - [Utils] MethodGroupsHelper.sortMethods() took 0 ms.
2026-10-04 17:31:19 INFO  org.testng.internal.Utils - [Utils] MethodGroupsHelper.collectMethodsByGroup() took 0 ms.
2026-10-04 17:31:19 INFO  org.testng.internal.Utils - [Utils] MethodGroupsHelper.sortMethods() took 1 ms.
2026-10-04 17:31:19 INFO  org.testng.internal.Utils - [Utils] MethodGroupsHelper.collectMethodsByGroup() took 0 ms.
2026-10-04 17:31:19 INFO  org.testng.internal.Utils - [Utils] MethodGroupsHelper.sortMethods() took 0 ms.
2026-10-04 17:31:19 INFO  org.testng.internal.Utils - [Utils] MethodGroupsHelper.collectMethodsByGroup() took 0 ms.
2026-10-04 17:31:19 INFO  org.testng.internal.Utils - [Utils] MethodGroupsHelper.sortMethods() took 0 ms.
2026-10-04 17:31:19 INFO  org.testng.internal.Utils - [TestNG] Running:
  C:\Users\Rahul Kumar\AppData\Local\Temp\testng-eclipse--785923423\testng-customsuite.xml

2026-10-04 17:31:19 INFO  org.testng.internal.Utils - [Utils] DynamicGraphHelper.createDynamicGraph() took 4 ms.
2026-10-04 17:31:19 INFO  tests.MyInfoFormTest - ***********Initializing Driver***********
2026-10-04 17:31:19 INFO  library.Base - ***********LAUNCHING EDGE BROWSER***********
2026-10-04 17:31:25 INFO  tests.MyInfoFormTest - ***********Initiating LoginPage***********
2026-10-04 17:31:25 INFO  pages.LoginPage - ****Initiating LoginPage********
2026-10-04 17:31:25 INFO  tests.MyInfoFormTest - **********Sending Valid Username-Password to LoginPage*************
2026-10-04 17:31:25 INFO  pages.LoginPage - ******Logging into app****
2026-10-04 17:31:25 INFO  pages.LoginPage - ****Entering Username********
2026-10-04 17:31:25 INFO  pages.LoginPage - ******Checking Presence of Username Field******
2026-10-04 17:31:25 INFO  pages.LoginPage - ******Sending Username******
2026-10-04 17:31:25 INFO  pages.LoginPage - ****Entering Password********
2026-10-04 17:31:25 INFO  pages.LoginPage - ******Checking Visibility of Password Field******
2026-10-04 17:31:25 INFO  pages.LoginPage - ******Sending Password******
2026-10-04 17:31:25 INFO  pages.LoginPage - ****Clicking on Login Button********
2026-10-04 17:31:25 INFO  pages.LoginPage - ******Checking Clickability of Login Button******
2026-10-04 17:31:25 INFO  pages.LoginPage - ******Clicking on Login Button******
2026-10-04 17:31:27 INFO  tests.MyInfoFormTest - ********Initiating Homepage*********
2026-10-04 17:31:27 INFO  pages.HomePage - ****Initiating HomePage********
2026-10-04 17:31:27 INFO  tests.MyInfoFormTest - ********Finding dashboard*********
2026-10-04 17:31:27 INFO  pages.HomePage - ********Getting Dashboard Element********
2026-10-04 17:31:27 INFO  tests.MyInfoFormTest - ********Clicking on MyInfo Button*********
2026-10-04 17:31:27 INFO  pages.HomePage - ********Checking Clickability of MyInfo Button********
2026-10-04 17:31:27 INFO  pages.HomePage - *******Clicking on MyInfo Button********
2026-10-04 17:31:29 INFO  tests.MyInfoFormTest - ********Initiating infoFormTest*********
2026-10-04 17:31:29 INFO  tests.MyInfoFormTest - ********Initiating MyInfo Page*********
2026-10-04 17:31:29 INFO  pages.MyInfoPage - **********Initiating MyInfoPage**********
2026-10-04 17:31:29 INFO  tests.MyInfoFormTest - ********Enetering First Name*********
2026-10-04 17:31:29 INFO  pages.MyInfoPage - **********Checking Visibility of First Name Field*************
2026-10-04 17:31:30 INFO  pages.MyInfoPage - **********Clicking Inside First Name Field*************
2026-10-04 17:31:31 INFO  pages.MyInfoPage - **********Selecting Previous First Name*************
2026-10-04 17:31:31 INFO  pages.MyInfoPage - **********Overwriting First Name*************
2026-10-04 17:31:31 INFO  tests.MyInfoFormTest - ********Enetering Middle Name*********
2026-10-04 17:31:31 INFO  pages.MyInfoPage - **********Checking Visibility of Middle Name Field*************
2026-10-04 17:31:31 INFO  pages.MyInfoPage - **********Selecting Previous Middle Name*************
2026-10-04 17:31:31 INFO  pages.MyInfoPage - **********Overwriting Middle Name*************
2026-10-04 17:31:31 INFO  tests.MyInfoFormTest - ********Enetering last Name*********
2026-10-04 17:31:31 INFO  pages.MyInfoPage - **********Checking Visibility of Last Name Field*************
2026-10-04 17:31:31 INFO  pages.MyInfoPage - **********Selecting Previous Last Name*************
2026-10-04 17:31:31 INFO  pages.MyInfoPage - **********Overwriting Last Name*************
2026-10-04 17:31:31 INFO  tests.MyInfoFormTest - ********Enetering Employee ID*********
2026-10-04 17:31:31 INFO  pages.MyInfoPage - **********Checking Visibility of Employee ID Field*************
2026-10-04 17:31:31 INFO  pages.MyInfoPage - **********Selecting Previous Employee ID*************
2026-10-04 17:31:31 INFO  pages.MyInfoPage - **********Overwriting Employee ID*************
2026-10-04 17:31:31 INFO  tests.MyInfoFormTest - ********Enetering Driving License Number*********
2026-10-04 17:31:31 INFO  pages.MyInfoPage - **********Checking Visibility of Driving License Number Field*************
2026-10-04 17:31:31 INFO  pages.MyInfoPage - **********Selecting Previous Driving License Number*************
2026-10-04 17:31:31 INFO  pages.MyInfoPage - **********Overwriting Driving License Number*************
2026-10-04 17:31:31 INFO  tests.MyInfoFormTest - ********Enetering Driving License Expiry Date*********
2026-10-04 17:31:31 INFO  pages.MyInfoPage - **********Checking Clickability of License Expiry Field*************
2026-10-04 17:31:31 INFO  pages.MyInfoPage - **********Clicking on License Expiry Field*************
2026-10-04 17:31:32 INFO  pages.MyInfoPage - ***********Checking Visibility of License Expiry Year************
2026-10-04 17:31:32 INFO  pages.MyInfoPage - ***********Clicking Next Year************
2026-10-04 17:31:41 INFO  pages.MyInfoPage - ***********Clicking Month************
2026-10-04 17:31:41 INFO  pages.MyInfoPage - ***********Reading all Months************
2026-10-04 17:31:42 INFO  pages.MyInfoPage - ***********Clicking Desired Month************
2026-10-04 17:31:42 INFO  pages.MyInfoPage - ***********Reading all Dates************
2026-10-04 17:31:43 INFO  pages.MyInfoPage - ***********Clicking Desired Date************
2026-10-04 17:31:43 INFO  tests.MyInfoFormTest - ********Enetering Nationality*********
2026-10-04 17:31:43 INFO  pages.MyInfoPage - **********Checking Clickability of Nationality Field*************
2026-10-04 17:31:43 INFO  pages.MyInfoPage - **********Scrolling to Nationality Field*************
2026-10-04 17:31:43 INFO  pages.MyInfoPage - ***********Clicking on Nationality Field************
2026-10-04 17:31:43 INFO  pages.MyInfoPage - ***********Reading Nationality Dropdown************
2026-10-04 17:31:52 INFO  pages.MyInfoPage - ***********Clicking Desired Nationality************
2026-10-04 17:31:52 INFO  tests.MyInfoFormTest - ********Enetering Marital Status*********
2026-10-04 17:31:52 INFO  pages.MyInfoPage - **********Checking Clickability of Marital Status Field*************
2026-10-04 17:31:52 INFO  pages.MyInfoPage - ***********Clicking on Marital Status Field************
2026-10-04 17:31:52 INFO  pages.MyInfoPage - ***********Reading Marital Status Dropdown************
2026-10-04 17:31:52 INFO  pages.MyInfoPage - ***********Clicking Desired Marital Status************
2026-10-04 17:31:52 INFO  tests.MyInfoFormTest - ********Selecting Gender*********
2026-10-04 17:31:52 INFO  pages.MyInfoPage - ***********Checking Visibility of Male Button************
2026-10-04 17:31:52 INFO  pages.MyInfoPage - ***********Clicking on Male Gender************
2026-10-04 17:31:52 INFO  tests.MyInfoFormTest - ********Enetering Date of Birth*********
2026-10-04 17:31:52 INFO  pages.MyInfoPage - **********Checking Clickability of Date of Birth Field*************
2026-10-04 17:31:52 INFO  pages.MyInfoPage - **********Clicking on Date of Birth Field*************
2026-10-04 17:31:53 INFO  pages.MyInfoPage - ***********Checking Visibility of Birth Year************
2026-10-04 17:31:53 INFO  pages.MyInfoPage - ***********Clicking Previous Birth Year************
2026-10-04 17:32:12 INFO  pages.MyInfoPage - ***********Checking Clickability of Birth Month************
2026-10-04 17:32:12 INFO  pages.MyInfoPage - ***********Clicking Birth Month************
2026-10-04 17:32:12 INFO  pages.MyInfoPage - ***********Reading Birth Month Dropdown************
2026-10-04 17:32:13 INFO  pages.MyInfoPage - ***********Clicking Desired Birth Month************
2026-10-04 17:32:13 INFO  pages.MyInfoPage - ***********Reading Birth Date Grid************
2026-10-04 17:32:14 INFO  pages.MyInfoPage - ***********Clicking Desired Birth Date************
2026-10-04 17:32:14 INFO  tests.MyInfoFormTest - ********Enetering Blood Type*********
2026-10-04 17:32:14 INFO  pages.MyInfoPage - ***********Checking Clickability of Blood Type Field************
2026-10-04 17:32:14 INFO  pages.MyInfoPage - ***********Clicking on Blood Type Field************
2026-10-04 17:32:15 INFO  pages.MyInfoPage - ***********Reading Blood Type Dropdown************
2026-10-04 17:32:15 INFO  pages.MyInfoPage - ***********Clicking Desired Blood Type************
2026-10-04 17:32:15 INFO  tests.MyInfoFormTest - ********Enetering Test*********
2026-10-04 17:32:15 INFO  pages.MyInfoPage - ***********Checking Visibility of Test Field************
2026-10-04 17:32:15 INFO  pages.MyInfoPage - ***********Selecting Previous Test************
2026-10-04 17:32:15 INFO  pages.MyInfoPage - ***********Overwriting Test************
2026-10-04 17:32:15 INFO  tests.MyInfoFormTest - ********Adding Attachment*********
2026-10-04 17:32:15 INFO  pages.MyInfoPage - ***********Checking Clickability of Add Attachment Button************
2026-10-04 17:32:15 INFO  pages.MyInfoPage - ***********Clicking Add Attachment Button************
2026-10-04 17:32:15 INFO  pages.MyInfoPage - ***********Checking File Attachment************
2026-10-04 17:32:35 ERROR tests.MyInfoFormTest - infoFormTest Failed : TimeoutException FOUND => Expected condition failed: waiting for visibility of [[EdgeDriver: MicrosoftEdge on windows (767913a8d692706f2c29d4e6f7293f3c)] -> xpath: //input[@class='oxd-file-input']]
2026-10-04 17:32:35 INFO  org.testng.internal.Utils - [TestNG] Time taken by org.testng.reporters.jq.Main@55a690be: 65 ms
2026-10-04 17:32:35 INFO  org.testng.internal.Utils - [TestNG] Time taken by org.testng.reporters.FailedReporter@436ef272: 0 ms
2026-10-04 17:32:35 INFO  org.testng.internal.Utils - [TestNG] Time taken by org.testng.reporters.XMLReporter@cda6100: 0 ms
2026-10-04 17:32:35 INFO  org.testng.internal.Utils - [TestNG] Time taken by org.testng.reporters.EmailableReporter2@4d01a100: 15 ms
2026-10-04 17:32:35 INFO  org.testng.internal.Utils - [TestNG] Time taken by org.testng.reporters.JUnitReportReporter@6404c85f: 13 ms
2026-10-04 17:32:35 INFO  org.testng.internal.Utils - [TestNG] Time taken by org.testng.internal.ExitCodeListener@52c94e6d: 0 ms
2026-10-04 17:34:43 INFO  org.testng.internal.Utils - [Utils] MethodGroupsHelper.collectMethodsByGroup() took 0 ms.
2026-10-04 17:34:43 INFO  org.testng.internal.Utils - [Utils] MethodGroupsHelper.sortMethods() took 1 ms.
2026-10-04 17:34:43 INFO  org.testng.internal.Utils - [Utils] MethodGroupsHelper.collectMethodsByGroup() took 0 ms.
2026-10-04 17:34:43 INFO  org.testng.internal.Utils - [Utils] MethodGroupsHelper.sortMethods() took 0 ms.
2026-10-04 17:34:43 INFO  org.testng.internal.Utils - [Utils] MethodGroupsHelper.collectMethodsByGroup() took 0 ms.
2026-10-04 17:34:43 INFO  org.testng.internal.Utils - [Utils] MethodGroupsHelper.sortMethods() took 0 ms.
2026-10-04 17:34:43 INFO  org.testng.internal.Utils - [Utils] MethodGroupsHelper.collectMethodsByGroup() took 0 ms.
2026-10-04 17:34:43 INFO  org.testng.internal.Utils - [Utils] MethodGroupsHelper.sortMethods() took 0 ms.
2026-10-04 17:34:43 INFO  org.testng.internal.Utils - [Utils] MethodGroupsHelper.collectMethodsByGroup() took 0 ms.
2026-10-04 17:34:43 INFO  org.testng.internal.Utils - [Utils] MethodGroupsHelper.sortMethods() took 0 ms.
2026-10-04 17:34:43 INFO  org.testng.internal.Utils - [Utils] MethodGroupsHelper.collectMethodsByGroup() took 0 ms.
2026-10-04 17:34:43 INFO  org.testng.internal.Utils - [Utils] MethodGroupsHelper.sortMethods() took 0 ms.
2026-10-04 17:34:43 INFO  org.testng.internal.Utils - [Utils] MethodGroupsHelper.collectMethodsByGroup() took 0 ms.
2026-10-04 17:34:43 INFO  org.testng.internal.Utils - [Utils] MethodGroupsHelper.sortMethods() took 0 ms.
2026-10-04 17:34:43 INFO  org.testng.internal.Utils - [Utils] MethodGroupsHelper.collectMethodsByGroup() took 0 ms.
2026-10-04 17:34:43 INFO  org.testng.internal.Utils - [Utils] MethodGroupsHelper.sortMethods() took 0 ms.
2026-10-04 17:34:43 INFO  org.testng.internal.Utils - [Utils] MethodGroupsHelper.collectMethodsByGroup() took 5 ms.
2026-10-04 17:34:43 INFO  org.testng.internal.Utils - [Utils] MethodGroupsHelper.sortMethods() took 11 ms.
2026-10-04 17:34:43 INFO  org.testng.internal.Utils - [Utils] MethodGroupsHelper.collectMethodsByGroup() took 0 ms.
2026-10-04 17:34:43 INFO  org.testng.internal.Utils - [Utils] MethodGroupsHelper.sortMethods() took 0 ms.
2026-10-04 17:34:43 INFO  org.testng.internal.Utils - [Utils] MethodGroupsHelper.collectMethodsByGroup() took 0 ms.
2026-10-04 17:34:43 INFO  org.testng.internal.Utils - [Utils] MethodGroupsHelper.sortMethods() took 0 ms.
2026-10-04 17:34:43 INFO  org.testng.internal.Utils - [Utils] MethodGroupsHelper.collectMethodsByGroup() took 0 ms.
2026-10-04 17:34:43 INFO  org.testng.internal.Utils - [Utils] MethodGroupsHelper.sortMethods() took 0 ms.
2026-10-04 17:34:43 INFO  org.testng.internal.Utils - [Utils] MethodGroupsHelper.collectMethodsByGroup() took 0 ms.
2026-10-04 17:34:43 INFO  org.testng.internal.Utils - [Utils] MethodGroupsHelper.sortMethods() took 0 ms.
2026-10-04 17:34:43 INFO  org.testng.internal.Utils - [Utils] MethodGroupsHelper.collectMethodsByGroup() took 0 ms.
2026-10-04 17:34:43 INFO  org.testng.internal.Utils - [Utils] MethodGroupsHelper.sortMethods() took 0 ms.
2026-10-04 17:34:43 INFO  org.testng.internal.Utils - [Utils] MethodGroupsHelper.collectMethodsByGroup() took 0 ms.
2026-10-04 17:34:43 INFO  org.testng.internal.Utils - [Utils] MethodGroupsHelper.sortMethods() took 0 ms.
2026-10-04 17:34:43 INFO  org.testng.internal.Utils - [TestNG] Running:
  C:\Users\Rahul Kumar\AppData\Local\Temp\testng-eclipse--717747891\testng-customsuite.xml

2026-10-04 17:34:43 INFO  org.testng.internal.Utils - [Utils] DynamicGraphHelper.createDynamicGraph() took 3 ms.
2026-10-04 17:34:43 INFO  tests.MyInfoFormTest - ***********Initializing Driver***********
2026-10-04 17:34:43 INFO  library.Base - ***********LAUNCHING EDGE BROWSER***********
2026-10-04 17:34:49 INFO  tests.MyInfoFormTest - ***********Initiating LoginPage***********
2026-10-04 17:34:49 INFO  pages.LoginPage - ****Initiating LoginPage********
2026-10-04 17:34:49 INFO  tests.MyInfoFormTest - **********Sending Valid Username-Password to LoginPage*************
2026-10-04 17:34:49 INFO  pages.LoginPage - ******Logging into app****
2026-10-04 17:34:49 INFO  pages.LoginPage - ****Entering Username********
2026-10-04 17:34:49 INFO  pages.LoginPage - ******Checking Presence of Username Field******
2026-10-04 17:34:50 INFO  pages.LoginPage - ******Sending Username******
2026-10-04 17:34:50 INFO  pages.LoginPage - ****Entering Password********
2026-10-04 17:34:50 INFO  pages.LoginPage - ******Checking Visibility of Password Field******
2026-10-04 17:34:50 INFO  pages.LoginPage - ******Sending Password******
2026-10-04 17:34:50 INFO  pages.LoginPage - ****Clicking on Login Button********
2026-10-04 17:34:50 INFO  pages.LoginPage - ******Checking Clickability of Login Button******
2026-10-04 17:34:50 INFO  pages.LoginPage - ******Clicking on Login Button******
2026-10-04 17:34:51 INFO  tests.MyInfoFormTest - ********Initiating Homepage*********
2026-10-04 17:34:51 INFO  pages.HomePage - ****Initiating HomePage********
2026-10-04 17:34:51 INFO  tests.MyInfoFormTest - ********Finding dashboard*********
2026-10-04 17:34:51 INFO  pages.HomePage - ********Getting Dashboard Element********
2026-10-04 17:34:51 INFO  tests.MyInfoFormTest - ********Clicking on MyInfo Button*********
2026-10-04 17:34:51 INFO  pages.HomePage - ********Checking Clickability of MyInfo Button********
2026-10-04 17:34:52 INFO  pages.HomePage - *******Clicking on MyInfo Button********
2026-10-04 17:34:53 INFO  tests.MyInfoFormTest - ********Initiating infoFormTest*********
2026-10-04 17:34:53 INFO  tests.MyInfoFormTest - ********Initiating MyInfo Page*********
2026-10-04 17:34:53 INFO  pages.MyInfoPage - **********Initiating MyInfoPage**********
2026-10-04 17:34:53 INFO  tests.MyInfoFormTest - ********Enetering First Name*********
2026-10-04 17:34:53 INFO  pages.MyInfoPage - **********Checking Visibility of First Name Field*************
2026-10-04 17:34:53 INFO  pages.MyInfoPage - **********Clicking Inside First Name Field*************
2026-10-04 17:34:54 INFO  pages.MyInfoPage - **********Selecting Previous First Name*************
2026-10-04 17:34:54 INFO  pages.MyInfoPage - **********Overwriting First Name*************
2026-10-04 17:34:54 INFO  tests.MyInfoFormTest - ********Enetering Middle Name*********
2026-10-04 17:34:54 INFO  pages.MyInfoPage - **********Checking Visibility of Middle Name Field*************
2026-10-04 17:34:54 INFO  pages.MyInfoPage - **********Selecting Previous Middle Name*************
2026-10-04 17:34:54 INFO  pages.MyInfoPage - **********Overwriting Middle Name*************
2026-10-04 17:34:54 INFO  tests.MyInfoFormTest - ********Enetering last Name*********
2026-10-04 17:34:54 INFO  pages.MyInfoPage - **********Checking Visibility of Last Name Field*************
2026-10-04 17:34:54 INFO  pages.MyInfoPage - **********Selecting Previous Last Name*************
2026-10-04 17:34:55 INFO  pages.MyInfoPage - **********Overwriting Last Name*************
2026-10-04 17:34:55 INFO  tests.MyInfoFormTest - ********Enetering Employee ID*********
2026-10-04 17:34:55 INFO  pages.MyInfoPage - **********Checking Visibility of Employee ID Field*************
2026-10-04 17:34:55 INFO  pages.MyInfoPage - **********Selecting Previous Employee ID*************
2026-10-04 17:34:55 INFO  pages.MyInfoPage - **********Overwriting Employee ID*************
2026-10-04 17:34:55 INFO  tests.MyInfoFormTest - ********Enetering Driving License Number*********
2026-10-04 17:34:55 INFO  pages.MyInfoPage - **********Checking Visibility of Driving License Number Field*************
2026-10-04 17:34:55 INFO  pages.MyInfoPage - **********Selecting Previous Driving License Number*************
2026-10-04 17:34:55 INFO  pages.MyInfoPage - **********Overwriting Driving License Number*************
2026-10-04 17:34:55 INFO  tests.MyInfoFormTest - ********Enetering Driving License Expiry Date*********
2026-10-04 17:34:55 INFO  pages.MyInfoPage - **********Checking Clickability of License Expiry Field*************
2026-10-04 17:34:55 INFO  pages.MyInfoPage - **********Clicking on License Expiry Field*************
2026-10-04 17:34:55 INFO  pages.MyInfoPage - ***********Checking Visibility of License Expiry Year************
2026-10-04 17:34:56 INFO  pages.MyInfoPage - ***********Clicking Next Year************
2026-10-04 17:35:05 INFO  pages.MyInfoPage - ***********Clicking Month************
2026-10-04 17:35:05 INFO  pages.MyInfoPage - ***********Reading all Months************
2026-10-04 17:35:06 INFO  pages.MyInfoPage - ***********Clicking Desired Month************
2026-10-04 17:35:06 INFO  pages.MyInfoPage - ***********Reading all Dates************
2026-10-04 17:35:07 INFO  pages.MyInfoPage - ***********Clicking Desired Date************
2026-10-04 17:35:07 INFO  tests.MyInfoFormTest - ********Enetering Nationality*********
2026-10-04 17:35:07 INFO  pages.MyInfoPage - **********Checking Clickability of Nationality Field*************
2026-10-04 17:35:07 INFO  pages.MyInfoPage - **********Scrolling to Nationality Field*************
2026-10-04 17:35:07 INFO  pages.MyInfoPage - ***********Clicking on Nationality Field************
2026-10-04 17:35:07 INFO  pages.MyInfoPage - ***********Reading Nationality Dropdown************
2026-10-04 17:35:16 INFO  pages.MyInfoPage - ***********Clicking Desired Nationality************
2026-10-04 17:35:16 INFO  tests.MyInfoFormTest - ********Enetering Marital Status*********
2026-10-04 17:35:16 INFO  pages.MyInfoPage - **********Checking Clickability of Marital Status Field*************
2026-10-04 17:35:16 INFO  pages.MyInfoPage - ***********Clicking on Marital Status Field************
2026-10-04 17:35:16 INFO  pages.MyInfoPage - ***********Reading Marital Status Dropdown************
2026-10-04 17:35:16 INFO  pages.MyInfoPage - ***********Clicking Desired Marital Status************
2026-10-04 17:35:16 INFO  tests.MyInfoFormTest - ********Selecting Gender*********
2026-10-04 17:35:16 INFO  pages.MyInfoPage - ***********Checking Visibility of Male Button************
2026-10-04 17:35:16 INFO  pages.MyInfoPage - ***********Clicking on Male Gender************
2026-10-04 17:35:16 INFO  tests.MyInfoFormTest - ********Enetering Date of Birth*********
2026-10-04 17:35:16 INFO  pages.MyInfoPage - **********Checking Clickability of Date of Birth Field*************
2026-10-04 17:35:16 INFO  pages.MyInfoPage - **********Clicking on Date of Birth Field*************
2026-10-04 17:35:16 INFO  pages.MyInfoPage - ***********Checking Visibility of Birth Year************
2026-10-04 17:35:17 INFO  pages.MyInfoPage - ***********Clicking Previous Birth Year************
2026-10-04 17:35:36 INFO  pages.MyInfoPage - ***********Checking Clickability of Birth Month************
2026-10-04 17:35:36 INFO  pages.MyInfoPage - ***********Clicking Birth Month************
2026-10-04 17:35:36 INFO  pages.MyInfoPage - ***********Reading Birth Month Dropdown************
2026-10-04 17:35:36 INFO  pages.MyInfoPage - ***********Clicking Desired Birth Month************
2026-10-04 17:35:37 INFO  pages.MyInfoPage - ***********Reading Birth Date Grid************
2026-10-04 17:35:37 INFO  pages.MyInfoPage - ***********Clicking Desired Birth Date************
2026-10-04 17:35:37 INFO  tests.MyInfoFormTest - ********Enetering Blood Type*********
2026-10-04 17:35:37 INFO  pages.MyInfoPage - ***********Checking Clickability of Blood Type Field************
2026-10-04 17:35:37 INFO  pages.MyInfoPage - ***********Clicking on Blood Type Field************
2026-10-04 17:35:38 INFO  pages.MyInfoPage - ***********Reading Blood Type Dropdown************
2026-10-04 17:35:38 INFO  pages.MyInfoPage - ***********Clicking Desired Blood Type************
2026-10-04 17:35:38 INFO  tests.MyInfoFormTest - ********Enetering Test*********
2026-10-04 17:35:38 INFO  pages.MyInfoPage - ***********Checking Visibility of Test Field************
2026-10-04 17:35:38 INFO  pages.MyInfoPage - ***********Selecting Previous Test************
2026-10-04 17:35:38 INFO  pages.MyInfoPage - ***********Overwriting Test************
2026-10-04 17:35:38 INFO  tests.MyInfoFormTest - ********Adding Attachment*********
2026-10-04 17:35:38 INFO  pages.MyInfoPage - ***********Checking Clickability of Add Attachment Button************
2026-10-04 17:35:38 INFO  pages.MyInfoPage - ***********Clicking Add Attachment Button************
2026-10-04 17:35:38 INFO  pages.MyInfoPage - ***********Checking File Attachment************
2026-10-04 17:35:59 ERROR tests.MyInfoFormTest - infoFormTest Failed : TimeoutException FOUND => Expected condition failed: waiting for element to be clickable, but the element was not visible.
2026-10-04 17:35:59 INFO  org.testng.internal.Utils - [TestNG] Time taken by org.testng.reporters.jq.Main@11281f47: 44 ms
2026-10-04 17:35:59 INFO  org.testng.internal.Utils - [TestNG] Time taken by org.testng.reporters.FailedReporter@2a15b749: 1 ms
2026-10-04 17:35:59 INFO  org.testng.internal.Utils - [TestNG] Time taken by org.testng.reporters.XMLReporter@5056e33f: 6 ms
2026-10-04 17:35:59 INFO  org.testng.internal.Utils - [TestNG] Time taken by org.testng.reporters.EmailableReporter2@2133c523: 4 ms
2026-10-04 17:35:59 INFO  org.testng.internal.Utils - [TestNG] Time taken by org.testng.reporters.JUnitReportReporter@18359094: 6 ms
2026-10-04 17:35:59 INFO  org.testng.internal.Utils - [TestNG] Time taken by org.testng.internal.ExitCodeListener@76c12d09: 0 ms
2026-10-04 17:37:19 INFO  org.testng.internal.Utils - [Utils] MethodGroupsHelper.collectMethodsByGroup() took 1 ms.
2026-10-04 17:37:20 INFO  org.testng.internal.Utils - [Utils] MethodGroupsHelper.sortMethods() took 2 ms.
2026-10-04 17:37:20 INFO  org.testng.internal.Utils - [Utils] MethodGroupsHelper.collectMethodsByGroup() took 0 ms.
2026-10-04 17:37:20 INFO  org.testng.internal.Utils - [Utils] MethodGroupsHelper.sortMethods() took 0 ms.
2026-10-04 17:37:20 INFO  org.testng.internal.Utils - [Utils] MethodGroupsHelper.collectMethodsByGroup() took 0 ms.
2026-10-04 17:37:20 INFO  org.testng.internal.Utils - [Utils] MethodGroupsHelper.sortMethods() took 0 ms.
2026-10-04 17:37:20 INFO  org.testng.internal.Utils - [Utils] MethodGroupsHelper.collectMethodsByGroup() took 1 ms.
2026-10-04 17:37:20 INFO  org.testng.internal.Utils - [Utils] MethodGroupsHelper.sortMethods() took 0 ms.
2026-10-04 17:37:20 INFO  org.testng.internal.Utils - [Utils] MethodGroupsHelper.collectMethodsByGroup() took 0 ms.
2026-10-04 17:37:20 INFO  org.testng.internal.Utils - [Utils] MethodGroupsHelper.sortMethods() took 0 ms.
2026-10-04 17:37:20 INFO  org.testng.internal.Utils - [Utils] MethodGroupsHelper.collectMethodsByGroup() took 0 ms.
2026-10-04 17:37:20 INFO  org.testng.internal.Utils - [Utils] MethodGroupsHelper.sortMethods() took 0 ms.
2026-10-04 17:37:20 INFO  org.testng.internal.Utils - [Utils] MethodGroupsHelper.collectMethodsByGroup() took 0 ms.
2026-10-04 17:37:20 INFO  org.testng.internal.Utils - [Utils] MethodGroupsHelper.sortMethods() took 0 ms.
2026-10-04 17:37:20 INFO  org.testng.internal.Utils - [Utils] MethodGroupsHelper.collectMethodsByGroup() took 0 ms.
2026-10-04 17:37:20 INFO  org.testng.internal.Utils - [Utils] MethodGroupsHelper.sortMethods() took 0 ms.
2026-10-04 17:37:20 INFO  org.testng.internal.Utils - [Utils] MethodGroupsHelper.collectMethodsByGroup() took 5 ms.
2026-10-04 17:37:20 INFO  org.testng.internal.Utils - [Utils] MethodGroupsHelper.sortMethods() took 8 ms.
2026-10-04 17:37:20 INFO  org.testng.internal.Utils - [Utils] MethodGroupsHelper.collectMethodsByGroup() took 0 ms.
2026-10-04 17:37:20 INFO  org.testng.internal.Utils - [Utils] MethodGroupsHelper.sortMethods() took 0 ms.
2026-10-04 17:37:20 INFO  org.testng.internal.Utils - [Utils] MethodGroupsHelper.collectMethodsByGroup() took 0 ms.
2026-10-04 17:37:20 INFO  org.testng.internal.Utils - [Utils] MethodGroupsHelper.sortMethods() took 0 ms.
2026-10-04 17:37:20 INFO  org.testng.internal.Utils - [Utils] MethodGroupsHelper.collectMethodsByGroup() took 0 ms.
2026-10-04 17:37:20 INFO  org.testng.internal.Utils - [Utils] MethodGroupsHelper.sortMethods() took 0 ms.
2026-10-04 17:37:20 INFO  org.testng.internal.Utils - [Utils] MethodGroupsHelper.collectMethodsByGroup() took 1 ms.
2026-10-04 17:37:20 INFO  org.testng.internal.Utils - [Utils] MethodGroupsHelper.sortMethods() took 0 ms.
2026-10-04 17:37:20 INFO  org.testng.internal.Utils - [Utils] MethodGroupsHelper.collectMethodsByGroup() took 0 ms.
2026-10-04 17:37:20 INFO  org.testng.internal.Utils - [Utils] MethodGroupsHelper.sortMethods() took 0 ms.
2026-10-04 17:37:20 INFO  org.testng.internal.Utils - [Utils] MethodGroupsHelper.collectMethodsByGroup() took 0 ms.
2026-10-04 17:37:20 INFO  org.testng.internal.Utils - [Utils] MethodGroupsHelper.sortMethods() took 0 ms.
2026-10-04 17:37:20 INFO  org.testng.internal.Utils - [TestNG] Running:
  C:\Users\Rahul Kumar\AppData\Local\Temp\testng-eclipse--1880997058\testng-customsuite.xml

2026-10-04 17:37:20 INFO  org.testng.internal.Utils - [Utils] DynamicGraphHelper.createDynamicGraph() took 6 ms.
2026-10-04 17:37:20 INFO  tests.MyInfoFormTest - ***********Initializing Driver***********
2026-10-04 17:37:20 INFO  library.Base - ***********LAUNCHING EDGE BROWSER***********
2026-10-04 17:37:41 INFO  tests.MyInfoFormTest - ***********Initiating LoginPage***********
2026-10-04 17:37:41 INFO  pages.LoginPage - ****Initiating LoginPage********
2026-10-04 17:37:41 INFO  tests.MyInfoFormTest - **********Sending Valid Username-Password to LoginPage*************
2026-10-04 17:37:41 INFO  pages.LoginPage - ******Logging into app****
2026-10-04 17:37:41 INFO  pages.LoginPage - ****Entering Username********
2026-10-04 17:37:41 INFO  pages.LoginPage - ******Checking Presence of Username Field******
2026-10-04 17:37:42 INFO  pages.LoginPage - ******Sending Username******
2026-10-04 17:37:42 INFO  pages.LoginPage - ****Entering Password********
2026-10-04 17:37:42 INFO  pages.LoginPage - ******Checking Visibility of Password Field******
2026-10-04 17:37:42 INFO  pages.LoginPage - ******Sending Password******
2026-10-04 17:37:42 INFO  pages.LoginPage - ****Clicking on Login Button********
2026-10-04 17:37:42 INFO  pages.LoginPage - ******Checking Clickability of Login Button******
2026-10-04 17:37:42 INFO  pages.LoginPage - ******Clicking on Login Button******
2026-10-04 17:37:51 INFO  tests.MyInfoFormTest - ********Initiating Homepage*********
2026-10-04 17:37:51 INFO  pages.HomePage - ****Initiating HomePage********
2026-10-04 17:37:51 INFO  tests.MyInfoFormTest - ********Finding dashboard*********
2026-10-04 17:37:51 INFO  pages.HomePage - ********Getting Dashboard Element********
2026-10-04 17:37:51 INFO  tests.MyInfoFormTest - ********Clicking on MyInfo Button*********
2026-10-04 17:37:51 INFO  pages.HomePage - ********Checking Clickability of MyInfo Button********
2026-10-04 17:37:51 INFO  pages.HomePage - *******Clicking on MyInfo Button********
2026-10-04 17:37:53 INFO  tests.MyInfoFormTest - ********Initiating infoFormTest*********
2026-10-04 17:37:53 INFO  tests.MyInfoFormTest - ********Initiating MyInfo Page*********
2026-10-04 17:37:53 INFO  pages.MyInfoPage - **********Initiating MyInfoPage**********
2026-10-04 17:37:53 INFO  tests.MyInfoFormTest - ********Enetering First Name*********
2026-10-04 17:37:53 INFO  pages.MyInfoPage - **********Checking Visibility of First Name Field*************
2026-10-04 17:37:55 INFO  pages.MyInfoPage - **********Clicking Inside First Name Field*************
2026-10-04 17:37:55 INFO  pages.MyInfoPage - **********Selecting Previous First Name*************
2026-10-04 17:37:55 INFO  pages.MyInfoPage - **********Overwriting First Name*************
2026-10-04 17:37:55 INFO  tests.MyInfoFormTest - ********Enetering Middle Name*********
2026-10-04 17:37:55 INFO  pages.MyInfoPage - **********Checking Visibility of Middle Name Field*************
2026-10-04 17:37:55 INFO  pages.MyInfoPage - **********Selecting Previous Middle Name*************
2026-10-04 17:37:55 INFO  pages.MyInfoPage - **********Overwriting Middle Name*************
2026-10-04 17:37:55 INFO  tests.MyInfoFormTest - ********Enetering last Name*********
2026-10-04 17:37:55 INFO  pages.MyInfoPage - **********Checking Visibility of Last Name Field*************
2026-10-04 17:37:55 INFO  pages.MyInfoPage - **********Selecting Previous Last Name*************
2026-10-04 17:37:55 INFO  pages.MyInfoPage - **********Overwriting Last Name*************
2026-10-04 17:37:56 INFO  tests.MyInfoFormTest - ********Enetering Employee ID*********
2026-10-04 17:37:56 INFO  pages.MyInfoPage - **********Checking Visibility of Employee ID Field*************
2026-10-04 17:37:56 INFO  pages.MyInfoPage - **********Selecting Previous Employee ID*************
2026-10-04 17:37:56 INFO  pages.MyInfoPage - **********Overwriting Employee ID*************
2026-10-04 17:37:56 INFO  tests.MyInfoFormTest - ********Enetering Driving License Number*********
2026-10-04 17:37:56 INFO  pages.MyInfoPage - **********Checking Visibility of Driving License Number Field*************
2026-10-04 17:37:56 INFO  pages.MyInfoPage - **********Selecting Previous Driving License Number*************
2026-10-04 17:37:56 INFO  pages.MyInfoPage - **********Overwriting Driving License Number*************
2026-10-04 17:37:56 INFO  tests.MyInfoFormTest - ********Enetering Driving License Expiry Date*********
2026-10-04 17:37:56 INFO  pages.MyInfoPage - **********Checking Clickability of License Expiry Field*************
2026-10-04 17:37:56 INFO  pages.MyInfoPage - **********Clicking on License Expiry Field*************
2026-10-04 17:37:56 INFO  pages.MyInfoPage - ***********Checking Visibility of License Expiry Year************
2026-10-04 17:37:56 INFO  pages.MyInfoPage - ***********Clicking Next Year************
2026-10-04 17:38:05 INFO  pages.MyInfoPage - ***********Clicking Month************
2026-10-04 17:38:05 INFO  pages.MyInfoPage - ***********Reading all Months************
2026-10-04 17:38:06 INFO  pages.MyInfoPage - ***********Clicking Desired Month************
2026-10-04 17:38:06 INFO  pages.MyInfoPage - ***********Reading all Dates************
2026-10-04 17:38:07 INFO  pages.MyInfoPage - ***********Clicking Desired Date************
2026-10-04 17:38:07 INFO  tests.MyInfoFormTest - ********Enetering Nationality*********
2026-10-04 17:38:07 INFO  pages.MyInfoPage - **********Checking Clickability of Nationality Field*************
2026-10-04 17:38:07 INFO  pages.MyInfoPage - **********Scrolling to Nationality Field*************
2026-10-04 17:38:07 INFO  pages.MyInfoPage - ***********Clicking on Nationality Field************
2026-10-04 17:38:07 INFO  pages.MyInfoPage - ***********Reading Nationality Dropdown************
2026-10-04 17:38:17 ERROR tests.MyInfoFormTest - infoFormTest Failed : StaleElementReferenceException FOUND => stale element reference: stale element not found in the current frame
2026-10-04 17:38:18 INFO  org.testng.internal.Utils - [TestNG] Time taken by org.testng.reporters.jq.Main@399acce3: 96 ms
2026-10-04 17:38:18 INFO  org.testng.internal.Utils - [TestNG] Time taken by org.testng.reporters.FailedReporter@3fae357f: 2 ms
2026-10-04 17:38:18 INFO  org.testng.internal.Utils - [TestNG] Time taken by org.testng.reporters.XMLReporter@77f95e19: 10 ms
2026-10-04 17:38:18 INFO  org.testng.internal.Utils - [TestNG] Time taken by org.testng.reporters.EmailableReporter2@e8fb390: 9 ms
2026-10-04 17:38:18 INFO  org.testng.internal.Utils - [TestNG] Time taken by org.testng.reporters.JUnitReportReporter@60e5b3a8: 8 ms
2026-10-04 17:38:18 INFO  org.testng.internal.Utils - [TestNG] Time taken by org.testng.internal.ExitCodeListener@1e084a26: 0 ms
2026-10-04 17:38:23 INFO  org.testng.internal.Utils - [Utils] MethodGroupsHelper.collectMethodsByGroup() took 1 ms.
2026-10-04 17:38:23 INFO  org.testng.internal.Utils - [Utils] MethodGroupsHelper.sortMethods() took 2 ms.
2026-10-04 17:38:23 INFO  org.testng.internal.Utils - [Utils] MethodGroupsHelper.collectMethodsByGroup() took 0 ms.
2026-10-04 17:38:23 INFO  org.testng.internal.Utils - [Utils] MethodGroupsHelper.sortMethods() took 0 ms.
2026-10-04 17:38:23 INFO  org.testng.internal.Utils - [Utils] MethodGroupsHelper.collectMethodsByGroup() took 0 ms.
2026-10-04 17:38:23 INFO  org.testng.internal.Utils - [Utils] MethodGroupsHelper.sortMethods() took 0 ms.
2026-10-04 17:38:23 INFO  org.testng.internal.Utils - [Utils] MethodGroupsHelper.collectMethodsByGroup() took 0 ms.
2026-10-04 17:38:23 INFO  org.testng.internal.Utils - [Utils] MethodGroupsHelper.sortMethods() took 0 ms.
2026-10-04 17:38:23 INFO  org.testng.internal.Utils - [Utils] MethodGroupsHelper.collectMethodsByGroup() took 0 ms.
2026-10-04 17:38:23 INFO  org.testng.internal.Utils - [Utils] MethodGroupsHelper.sortMethods() took 0 ms.
2026-10-04 17:38:23 INFO  org.testng.internal.Utils - [Utils] MethodGroupsHelper.collectMethodsByGroup() took 0 ms.
2026-10-04 17:38:23 INFO  org.testng.internal.Utils - [Utils] MethodGroupsHelper.sortMethods() took 0 ms.
2026-10-04 17:38:23 INFO  org.testng.internal.Utils - [Utils] MethodGroupsHelper.collectMethodsByGroup() took 0 ms.
2026-10-04 17:38:23 INFO  org.testng.internal.Utils - [Utils] MethodGroupsHelper.sortMethods() took 0 ms.
2026-10-04 17:38:23 INFO  org.testng.internal.Utils - [Utils] MethodGroupsHelper.collectMethodsByGroup() took 0 ms.
2026-10-04 17:38:23 INFO  org.testng.internal.Utils - [Utils] MethodGroupsHelper.sortMethods() took 0 ms.
2026-10-04 17:38:23 INFO  org.testng.internal.Utils - [Utils] MethodGroupsHelper.collectMethodsByGroup() took 7 ms.
2026-10-04 17:38:23 INFO  org.testng.internal.Utils - [Utils] MethodGroupsHelper.sortMethods() took 12 ms.
2026-10-04 17:38:23 INFO  org.testng.internal.Utils - [Utils] MethodGroupsHelper.collectMethodsByGroup() took 0 ms.
2026-10-04 17:38:23 INFO  org.testng.internal.Utils - [Utils] MethodGroupsHelper.sortMethods() took 0 ms.
2026-10-04 17:38:23 INFO  org.testng.internal.Utils - [Utils] MethodGroupsHelper.collectMethodsByGroup() took 0 ms.
2026-10-04 17:38:23 INFO  org.testng.internal.Utils - [Utils] MethodGroupsHelper.sortMethods() took 1 ms.
2026-10-04 17:38:23 INFO  org.testng.internal.Utils - [Utils] MethodGroupsHelper.collectMethodsByGroup() took 0 ms.
2026-10-04 17:38:23 INFO  org.testng.internal.Utils - [Utils] MethodGroupsHelper.sortMethods() took 0 ms.
2026-10-04 17:38:23 INFO  org.testng.internal.Utils - [Utils] MethodGroupsHelper.collectMethodsByGroup() took 1 ms.
2026-10-04 17:38:23 INFO  org.testng.internal.Utils - [Utils] MethodGroupsHelper.sortMethods() took 0 ms.
2026-10-04 17:38:23 INFO  org.testng.internal.Utils - [Utils] MethodGroupsHelper.collectMethodsByGroup() took 0 ms.
2026-10-04 17:38:23 INFO  org.testng.internal.Utils - [Utils] MethodGroupsHelper.sortMethods() took 0 ms.
2026-10-04 17:38:23 INFO  org.testng.internal.Utils - [Utils] MethodGroupsHelper.collectMethodsByGroup() took 0 ms.
2026-10-04 17:38:23 INFO  org.testng.internal.Utils - [Utils] MethodGroupsHelper.sortMethods() took 0 ms.
2026-10-04 17:38:23 INFO  org.testng.internal.Utils - [TestNG] Running:
  C:\Users\Rahul Kumar\AppData\Local\Temp\testng-eclipse--401566374\testng-customsuite.xml

2026-10-04 17:38:23 INFO  org.testng.internal.Utils - [Utils] DynamicGraphHelper.createDynamicGraph() took 6 ms.
2026-10-04 17:38:23 INFO  tests.MyInfoFormTest - ***********Initializing Driver***********
2026-10-04 17:38:23 INFO  library.Base - ***********LAUNCHING EDGE BROWSER***********
2026-10-04 17:38:33 INFO  tests.MyInfoFormTest - ***********Initiating LoginPage***********
2026-10-04 17:38:33 INFO  pages.LoginPage - ****Initiating LoginPage********
2026-10-04 17:38:33 INFO  tests.MyInfoFormTest - **********Sending Valid Username-Password to LoginPage*************
2026-10-04 17:38:33 INFO  pages.LoginPage - ******Logging into app****
2026-10-04 17:38:33 INFO  pages.LoginPage - ****Entering Username********
2026-10-04 17:38:33 INFO  pages.LoginPage - ******Checking Presence of Username Field******
2026-10-04 17:38:34 INFO  pages.LoginPage - ******Sending Username******
2026-10-04 17:38:34 INFO  pages.LoginPage - ****Entering Password********
2026-10-04 17:38:34 INFO  pages.LoginPage - ******Checking Visibility of Password Field******
2026-10-04 17:38:34 INFO  pages.LoginPage - ******Sending Password******
2026-10-04 17:38:34 INFO  pages.LoginPage - ****Clicking on Login Button********
2026-10-04 17:38:34 INFO  pages.LoginPage - ******Checking Clickability of Login Button******
2026-10-04 17:38:34 INFO  pages.LoginPage - ******Clicking on Login Button******
2026-10-04 17:38:36 INFO  tests.MyInfoFormTest - ********Initiating Homepage*********
2026-10-04 17:38:36 INFO  pages.HomePage - ****Initiating HomePage********
2026-10-04 17:38:36 INFO  tests.MyInfoFormTest - ********Finding dashboard*********
2026-10-04 17:38:36 INFO  pages.HomePage - ********Getting Dashboard Element********
2026-10-04 17:38:36 INFO  tests.MyInfoFormTest - ********Clicking on MyInfo Button*********
2026-10-04 17:38:36 INFO  pages.HomePage - ********Checking Clickability of MyInfo Button********
2026-10-04 17:38:37 INFO  pages.HomePage - *******Clicking on MyInfo Button********
2026-10-04 17:38:38 INFO  tests.MyInfoFormTest - ********Initiating infoFormTest*********
2026-10-04 17:38:38 INFO  tests.MyInfoFormTest - ********Initiating MyInfo Page*********
2026-10-04 17:38:38 INFO  pages.MyInfoPage - **********Initiating MyInfoPage**********
2026-10-04 17:38:38 INFO  tests.MyInfoFormTest - ********Enetering First Name*********
2026-10-04 17:38:38 INFO  pages.MyInfoPage - **********Checking Visibility of First Name Field*************
2026-10-04 17:38:39 INFO  pages.MyInfoPage - **********Clicking Inside First Name Field*************
2026-10-04 17:38:40 INFO  pages.MyInfoPage - **********Selecting Previous First Name*************
2026-10-04 17:38:40 INFO  pages.MyInfoPage - **********Overwriting First Name*************
2026-10-04 17:38:40 INFO  tests.MyInfoFormTest - ********Enetering Middle Name*********
2026-10-04 17:38:40 INFO  pages.MyInfoPage - **********Checking Visibility of Middle Name Field*************
2026-10-04 17:38:40 INFO  pages.MyInfoPage - **********Selecting Previous Middle Name*************
2026-10-04 17:38:40 INFO  pages.MyInfoPage - **********Overwriting Middle Name*************
2026-10-04 17:38:40 INFO  tests.MyInfoFormTest - ********Enetering last Name*********
2026-10-04 17:38:40 INFO  pages.MyInfoPage - **********Checking Visibility of Last Name Field*************
2026-10-04 17:38:40 INFO  pages.MyInfoPage - **********Selecting Previous Last Name*************
2026-10-04 17:38:40 INFO  pages.MyInfoPage - **********Overwriting Last Name*************
2026-10-04 17:38:40 INFO  tests.MyInfoFormTest - ********Enetering Employee ID*********
2026-10-04 17:38:40 INFO  pages.MyInfoPage - **********Checking Visibility of Employee ID Field*************
2026-10-04 17:38:41 INFO  pages.MyInfoPage - **********Selecting Previous Employee ID*************
2026-10-04 17:38:41 INFO  pages.MyInfoPage - **********Overwriting Employee ID*************
2026-10-04 17:38:41 INFO  tests.MyInfoFormTest - ********Enetering Driving License Number*********
2026-10-04 17:38:41 INFO  pages.MyInfoPage - **********Checking Visibility of Driving License Number Field*************
2026-10-04 17:38:41 INFO  pages.MyInfoPage - **********Selecting Previous Driving License Number*************
2026-10-04 17:38:41 INFO  pages.MyInfoPage - **********Overwriting Driving License Number*************
2026-10-04 17:38:41 INFO  tests.MyInfoFormTest - ********Enetering Driving License Expiry Date*********
2026-10-04 17:38:41 INFO  pages.MyInfoPage - **********Checking Clickability of License Expiry Field*************
2026-10-04 17:38:41 INFO  pages.MyInfoPage - **********Clicking on License Expiry Field*************
2026-10-04 17:38:41 INFO  pages.MyInfoPage - ***********Checking Visibility of License Expiry Year************
2026-10-04 17:38:41 INFO  pages.MyInfoPage - ***********Clicking Next Year************
2026-10-04 17:38:51 INFO  pages.MyInfoPage - ***********Clicking Month************
2026-10-04 17:38:51 INFO  pages.MyInfoPage - ***********Reading all Months************
2026-10-04 17:38:52 INFO  pages.MyInfoPage - ***********Clicking Desired Month************
2026-10-04 17:38:52 INFO  pages.MyInfoPage - ***********Reading all Dates************
2026-10-04 17:38:54 INFO  pages.MyInfoPage - ***********Clicking Desired Date************
2026-10-04 17:38:54 INFO  tests.MyInfoFormTest - ********Enetering Nationality*********
2026-10-04 17:38:54 INFO  pages.MyInfoPage - **********Checking Clickability of Nationality Field*************
2026-10-04 17:38:54 INFO  pages.MyInfoPage - **********Scrolling to Nationality Field*************
2026-10-04 17:38:54 INFO  pages.MyInfoPage - ***********Clicking on Nationality Field************
2026-10-04 17:38:54 INFO  pages.MyInfoPage - ***********Reading Nationality Dropdown************
2026-10-04 17:39:05 INFO  pages.MyInfoPage - ***********Clicking Desired Nationality************
2026-10-04 17:39:05 INFO  tests.MyInfoFormTest - ********Enetering Marital Status*********
2026-10-04 17:39:05 INFO  pages.MyInfoPage - **********Checking Clickability of Marital Status Field*************
2026-10-04 17:39:05 INFO  pages.MyInfoPage - ***********Clicking on Marital Status Field************
2026-10-04 17:39:05 INFO  pages.MyInfoPage - ***********Reading Marital Status Dropdown************
2026-10-04 17:39:05 INFO  pages.MyInfoPage - ***********Clicking Desired Marital Status************
2026-10-04 17:39:05 INFO  tests.MyInfoFormTest - ********Selecting Gender*********
2026-10-04 17:39:05 INFO  pages.MyInfoPage - ***********Checking Visibility of Male Button************
2026-10-04 17:39:05 INFO  pages.MyInfoPage - ***********Clicking on Male Gender************
2026-10-04 17:39:05 INFO  tests.MyInfoFormTest - ********Enetering Date of Birth*********
2026-10-04 17:39:05 INFO  pages.MyInfoPage - **********Checking Clickability of Date of Birth Field*************
2026-10-04 17:39:05 INFO  pages.MyInfoPage - **********Clicking on Date of Birth Field*************
2026-10-04 17:39:06 INFO  pages.MyInfoPage - ***********Checking Visibility of Birth Year************
2026-10-04 17:39:06 INFO  pages.MyInfoPage - ***********Clicking Previous Birth Year************
2026-10-04 17:39:27 INFO  pages.MyInfoPage - ***********Checking Clickability of Birth Month************
2026-10-04 17:39:27 INFO  pages.MyInfoPage - ***********Clicking Birth Month************
2026-10-04 17:39:27 INFO  pages.MyInfoPage - ***********Reading Birth Month Dropdown************
2026-10-04 17:39:28 INFO  pages.MyInfoPage - ***********Clicking Desired Birth Month************
2026-10-04 17:39:28 INFO  pages.MyInfoPage - ***********Reading Birth Date Grid************
2026-10-04 17:39:29 INFO  pages.MyInfoPage - ***********Clicking Desired Birth Date************
2026-10-04 17:39:29 INFO  tests.MyInfoFormTest - ********Enetering Blood Type*********
2026-10-04 17:39:29 INFO  pages.MyInfoPage - ***********Checking Clickability of Blood Type Field************
2026-10-04 17:39:29 INFO  pages.MyInfoPage - ***********Clicking on Blood Type Field************
2026-10-04 17:39:30 INFO  pages.MyInfoPage - ***********Reading Blood Type Dropdown************
2026-10-04 17:39:30 INFO  pages.MyInfoPage - ***********Clicking Desired Blood Type************
2026-10-04 17:39:30 INFO  tests.MyInfoFormTest - ********Enetering Test*********
2026-10-04 17:39:30 INFO  pages.MyInfoPage - ***********Checking Visibility of Test Field************
2026-10-04 17:39:30 INFO  pages.MyInfoPage - ***********Selecting Previous Test************
2026-10-04 17:39:30 INFO  pages.MyInfoPage - ***********Overwriting Test************
2026-10-04 17:39:30 INFO  tests.MyInfoFormTest - ********Adding Attachment*********
2026-10-04 17:39:30 INFO  pages.MyInfoPage - ***********Checking Clickability of Add Attachment Button************
2026-10-04 17:39:30 INFO  pages.MyInfoPage - ***********Clicking Add Attachment Button************
2026-10-04 17:39:30 INFO  pages.MyInfoPage - ***********Checking File Attachment************
2026-10-04 17:39:50 ERROR tests.MyInfoFormTest - infoFormTest Failed : TimeoutException FOUND => Expected condition failed: waiting for visibility of [[EdgeDriver: MicrosoftEdge on windows (63a9002f25c952705ab4429864fc8d52)] -> xpath: //input[@class='oxd-file-input']]
2026-10-04 17:39:51 INFO  org.testng.internal.Utils - [TestNG] Time taken by org.testng.reporters.jq.Main@47f8e46f: 44 ms
2026-10-04 17:39:51 INFO  org.testng.internal.Utils - [TestNG] Time taken by org.testng.reporters.FailedReporter@2133c523: 0 ms
2026-10-04 17:39:51 INFO  org.testng.internal.Utils - [TestNG] Time taken by org.testng.reporters.XMLReporter@7430d369: 6 ms
2026-10-04 17:39:51 INFO  org.testng.internal.Utils - [TestNG] Time taken by org.testng.reporters.EmailableReporter2@2901e61e: 4 ms
2026-10-04 17:39:51 INFO  org.testng.internal.Utils - [TestNG] Time taken by org.testng.reporters.JUnitReportReporter@7bcccbd2: 5 ms
2026-10-04 17:39:51 INFO  org.testng.internal.Utils - [TestNG] Time taken by org.testng.internal.ExitCodeListener@72883ae0: 0 ms
2026-10-04 17:42:32 INFO  org.testng.internal.Utils - [Utils] MethodGroupsHelper.collectMethodsByGroup() took 0 ms.
2026-10-04 17:42:32 INFO  org.testng.internal.Utils - [Utils] MethodGroupsHelper.sortMethods() took 1 ms.
2026-10-04 17:42:32 INFO  org.testng.internal.Utils - [Utils] MethodGroupsHelper.collectMethodsByGroup() took 0 ms.
2026-10-04 17:42:32 INFO  org.testng.internal.Utils - [Utils] MethodGroupsHelper.sortMethods() took 0 ms.
2026-10-04 17:42:32 INFO  org.testng.internal.Utils - [Utils] MethodGroupsHelper.collectMethodsByGroup() took 0 ms.
2026-10-04 17:42:32 INFO  org.testng.internal.Utils - [Utils] MethodGroupsHelper.sortMethods() took 1 ms.
2026-10-04 17:42:32 INFO  org.testng.internal.Utils - [Utils] MethodGroupsHelper.collectMethodsByGroup() took 0 ms.
2026-10-04 17:42:32 INFO  org.testng.internal.Utils - [Utils] MethodGroupsHelper.sortMethods() took 0 ms.
2026-10-04 17:42:32 INFO  org.testng.internal.Utils - [Utils] MethodGroupsHelper.collectMethodsByGroup() took 0 ms.
2026-10-04 17:42:32 INFO  org.testng.internal.Utils - [Utils] MethodGroupsHelper.sortMethods() took 0 ms.
2026-10-04 17:42:32 INFO  org.testng.internal.Utils - [Utils] MethodGroupsHelper.collectMethodsByGroup() took 0 ms.
2026-10-04 17:42:32 INFO  org.testng.internal.Utils - [Utils] MethodGroupsHelper.sortMethods() took 0 ms.
2026-10-04 17:42:32 INFO  org.testng.internal.Utils - [Utils] MethodGroupsHelper.collectMethodsByGroup() took 0 ms.
2026-10-04 17:42:32 INFO  org.testng.internal.Utils - [Utils] MethodGroupsHelper.sortMethods() took 0 ms.
2026-10-04 17:42:32 INFO  org.testng.internal.Utils - [Utils] MethodGroupsHelper.collectMethodsByGroup() took 0 ms.
2026-10-04 17:42:32 INFO  org.testng.internal.Utils - [Utils] MethodGroupsHelper.sortMethods() took 0 ms.
2026-10-04 17:42:32 INFO  org.testng.internal.Utils - [Utils] MethodGroupsHelper.collectMethodsByGroup() took 5 ms.
2026-10-04 17:42:32 INFO  org.testng.internal.Utils - [Utils] MethodGroupsHelper.sortMethods() took 8 ms.
2026-10-04 17:42:32 INFO  org.testng.internal.Utils - [Utils] MethodGroupsHelper.collectMethodsByGroup() took 0 ms.
2026-10-04 17:42:32 INFO  org.testng.internal.Utils - [Utils] MethodGroupsHelper.sortMethods() took 0 ms.
2026-10-04 17:42:32 INFO  org.testng.internal.Utils - [Utils] MethodGroupsHelper.collectMethodsByGroup() took 0 ms.
2026-10-04 17:42:32 INFO  org.testng.internal.Utils - [Utils] MethodGroupsHelper.sortMethods() took 0 ms.
2026-10-04 17:42:32 INFO  org.testng.internal.Utils - [Utils] MethodGroupsHelper.collectMethodsByGroup() took 0 ms.
2026-10-04 17:42:32 INFO  org.testng.internal.Utils - [Utils] MethodGroupsHelper.sortMethods() took 0 ms.
2026-10-04 17:42:32 INFO  org.testng.internal.Utils - [Utils] MethodGroupsHelper.collectMethodsByGroup() took 0 ms.
2026-10-04 17:42:32 INFO  org.testng.internal.Utils - [Utils] MethodGroupsHelper.sortMethods() took 1 ms.
2026-10-04 17:42:32 INFO  org.testng.internal.Utils - [Utils] MethodGroupsHelper.collectMethodsByGroup() took 0 ms.
2026-10-04 17:42:32 INFO  org.testng.internal.Utils - [Utils] MethodGroupsHelper.sortMethods() took 0 ms.
2026-10-04 17:42:32 INFO  org.testng.internal.Utils - [Utils] MethodGroupsHelper.collectMethodsByGroup() took 0 ms.
2026-10-04 17:42:32 INFO  org.testng.internal.Utils - [Utils] MethodGroupsHelper.sortMethods() took 0 ms.
2026-10-04 17:42:32 INFO  org.testng.internal.Utils - [TestNG] Running:
  C:\Users\Rahul Kumar\AppData\Local\Temp\testng-eclipse-823041758\testng-customsuite.xml

2026-10-04 17:42:32 INFO  org.testng.internal.Utils - [Utils] DynamicGraphHelper.createDynamicGraph() took 4 ms.
2026-10-04 17:42:32 INFO  tests.MyInfoFormTest - ***********Initializing Driver***********
2026-10-04 17:42:32 INFO  library.Base - ***********LAUNCHING EDGE BROWSER***********
2026-10-04 17:42:39 INFO  tests.MyInfoFormTest - ***********Initiating LoginPage***********
2026-10-04 17:42:39 INFO  pages.LoginPage - ****Initiating LoginPage********
2026-10-04 17:42:39 INFO  tests.MyInfoFormTest - **********Sending Valid Username-Password to LoginPage*************
2026-10-04 17:42:39 INFO  pages.LoginPage - ******Logging into app****
2026-10-04 17:42:39 INFO  pages.LoginPage - ****Entering Username********
2026-10-04 17:42:39 INFO  pages.LoginPage - ******Checking Presence of Username Field******
2026-10-04 17:42:40 INFO  pages.LoginPage - ******Sending Username******
2026-10-04 17:42:40 INFO  pages.LoginPage - ****Entering Password********
2026-10-04 17:42:40 INFO  pages.LoginPage - ******Checking Visibility of Password Field******
2026-10-04 17:42:40 INFO  pages.LoginPage - ******Sending Password******
2026-10-04 17:42:40 INFO  pages.LoginPage - ****Clicking on Login Button********
2026-10-04 17:42:40 INFO  pages.LoginPage - ******Checking Clickability of Login Button******
2026-10-04 17:42:40 INFO  pages.LoginPage - ******Clicking on Login Button******
2026-10-04 17:42:42 INFO  tests.MyInfoFormTest - ********Initiating Homepage*********
2026-10-04 17:42:42 INFO  pages.HomePage - ****Initiating HomePage********
2026-10-04 17:42:42 INFO  tests.MyInfoFormTest - ********Finding dashboard*********
2026-10-04 17:42:42 INFO  pages.HomePage - ********Getting Dashboard Element********
2026-10-04 17:42:42 INFO  tests.MyInfoFormTest - ********Clicking on MyInfo Button*********
2026-10-04 17:42:42 INFO  pages.HomePage - ********Checking Clickability of MyInfo Button********
2026-10-04 17:42:43 INFO  pages.HomePage - *******Clicking on MyInfo Button********
2026-10-04 17:42:45 INFO  tests.MyInfoFormTest - ********Initiating infoFormTest*********
2026-10-04 17:42:45 INFO  tests.MyInfoFormTest - ********Initiating MyInfo Page*********
2026-10-04 17:42:45 INFO  pages.MyInfoPage - **********Initiating MyInfoPage**********
2026-10-04 17:42:45 INFO  tests.MyInfoFormTest - ********Enetering First Name*********
2026-10-04 17:42:45 INFO  pages.MyInfoPage - **********Checking Visibility of First Name Field*************
2026-10-04 17:42:45 INFO  pages.MyInfoPage - **********Clicking Inside First Name Field*************
2026-10-04 17:42:46 INFO  pages.MyInfoPage - **********Selecting Previous First Name*************
2026-10-04 17:42:46 INFO  pages.MyInfoPage - **********Overwriting First Name*************
2026-10-04 17:42:46 INFO  tests.MyInfoFormTest - ********Enetering Middle Name*********
2026-10-04 17:42:46 INFO  pages.MyInfoPage - **********Checking Visibility of Middle Name Field*************
2026-10-04 17:42:46 INFO  pages.MyInfoPage - **********Selecting Previous Middle Name*************
2026-10-04 17:42:47 INFO  pages.MyInfoPage - **********Overwriting Middle Name*************
2026-10-04 17:42:47 INFO  tests.MyInfoFormTest - ********Enetering last Name*********
2026-10-04 17:42:47 INFO  pages.MyInfoPage - **********Checking Visibility of Last Name Field*************
2026-10-04 17:42:47 INFO  pages.MyInfoPage - **********Selecting Previous Last Name*************
2026-10-04 17:42:47 INFO  pages.MyInfoPage - **********Overwriting Last Name*************
2026-10-04 17:42:47 INFO  tests.MyInfoFormTest - ********Enetering Employee ID*********
2026-10-04 17:42:47 INFO  pages.MyInfoPage - **********Checking Visibility of Employee ID Field*************
2026-10-04 17:42:47 INFO  pages.MyInfoPage - **********Selecting Previous Employee ID*************
2026-10-04 17:42:47 INFO  pages.MyInfoPage - **********Overwriting Employee ID*************
2026-10-04 17:42:47 INFO  tests.MyInfoFormTest - ********Enetering Driving License Number*********
2026-10-04 17:42:47 INFO  pages.MyInfoPage - **********Checking Visibility of Driving License Number Field*************
2026-10-04 17:42:47 INFO  pages.MyInfoPage - **********Selecting Previous Driving License Number*************
2026-10-04 17:42:47 INFO  pages.MyInfoPage - **********Overwriting Driving License Number*************
2026-10-04 17:42:47 INFO  tests.MyInfoFormTest - ********Enetering Driving License Expiry Date*********
2026-10-04 17:42:47 INFO  pages.MyInfoPage - **********Checking Clickability of License Expiry Field*************
2026-10-04 17:42:47 INFO  pages.MyInfoPage - **********Clicking on License Expiry Field*************
2026-10-04 17:42:47 INFO  pages.MyInfoPage - ***********Checking Visibility of License Expiry Year************
2026-10-04 17:42:48 INFO  pages.MyInfoPage - ***********Clicking Next Year************
2026-10-04 17:42:51 ERROR tests.MyInfoFormTest - infoFormTest Failed : NoSuchElementException FOUND => no such element: Unable to locate element: {"method":"xpath","selector":"//i[@class='oxd-icon bi-chevron-right']"}
2026-10-04 17:42:51 INFO  org.testng.internal.Utils - [TestNG] Time taken by org.testng.reporters.jq.Main@727320fa: 102 ms
2026-10-04 17:42:51 INFO  org.testng.internal.Utils - [TestNG] Time taken by org.testng.reporters.FailedReporter@3ce443f9: 2 ms
2026-10-04 17:42:51 INFO  org.testng.internal.Utils - [TestNG] Time taken by org.testng.reporters.XMLReporter@7beae796: 13 ms
2026-10-04 17:42:51 INFO  org.testng.internal.Utils - [TestNG] Time taken by org.testng.reporters.EmailableReporter2@59bbb974: 12 ms
2026-10-04 17:42:51 INFO  org.testng.internal.Utils - [TestNG] Time taken by org.testng.reporters.JUnitReportReporter@551e4c6d: 8 ms
2026-10-04 17:42:51 INFO  org.testng.internal.Utils - [TestNG] Time taken by org.testng.internal.ExitCodeListener@625a9c5d: 0 ms
2026-10-04 17:43:05 INFO  org.testng.internal.Utils - [Utils] MethodGroupsHelper.collectMethodsByGroup() took 1 ms.
2026-10-04 17:43:05 INFO  org.testng.internal.Utils - [Utils] MethodGroupsHelper.sortMethods() took 1 ms.
2026-10-04 17:43:05 INFO  org.testng.internal.Utils - [Utils] MethodGroupsHelper.collectMethodsByGroup() took 1 ms.
2026-10-04 17:43:05 INFO  org.testng.internal.Utils - [Utils] MethodGroupsHelper.sortMethods() took 0 ms.
2026-10-04 17:43:05 INFO  org.testng.internal.Utils - [Utils] MethodGroupsHelper.collectMethodsByGroup() took 0 ms.
2026-10-04 17:43:05 INFO  org.testng.internal.Utils - [Utils] MethodGroupsHelper.sortMethods() took 0 ms.
2026-10-04 17:43:05 INFO  org.testng.internal.Utils - [Utils] MethodGroupsHelper.collectMethodsByGroup() took 0 ms.
2026-10-04 17:43:05 INFO  org.testng.internal.Utils - [Utils] MethodGroupsHelper.sortMethods() took 0 ms.
2026-10-04 17:43:05 INFO  org.testng.internal.Utils - [Utils] MethodGroupsHelper.collectMethodsByGroup() took 0 ms.
2026-10-04 17:43:05 INFO  org.testng.internal.Utils - [Utils] MethodGroupsHelper.sortMethods() took 0 ms.
2026-10-04 17:43:05 INFO  org.testng.internal.Utils - [Utils] MethodGroupsHelper.collectMethodsByGroup() took 0 ms.
2026-10-04 17:43:05 INFO  org.testng.internal.Utils - [Utils] MethodGroupsHelper.sortMethods() took 0 ms.
2026-10-04 17:43:05 INFO  org.testng.internal.Utils - [Utils] MethodGroupsHelper.collectMethodsByGroup() took 0 ms.
2026-10-04 17:43:05 INFO  org.testng.internal.Utils - [Utils] MethodGroupsHelper.sortMethods() took 0 ms.
2026-10-04 17:43:05 INFO  org.testng.internal.Utils - [Utils] MethodGroupsHelper.collectMethodsByGroup() took 0 ms.
2026-10-04 17:43:05 INFO  org.testng.internal.Utils - [Utils] MethodGroupsHelper.sortMethods() took 0 ms.
2026-10-04 17:43:05 INFO  org.testng.internal.Utils - [Utils] MethodGroupsHelper.collectMethodsByGroup() took 7 ms.
2026-10-04 17:43:05 INFO  org.testng.internal.Utils - [Utils] MethodGroupsHelper.sortMethods() took 14 ms.
2026-10-04 17:43:05 INFO  org.testng.internal.Utils - [Utils] MethodGroupsHelper.collectMethodsByGroup() took 0 ms.
2026-10-04 17:43:05 INFO  org.testng.internal.Utils - [Utils] MethodGroupsHelper.sortMethods() took 0 ms.
2026-10-04 17:43:05 INFO  org.testng.internal.Utils - [Utils] MethodGroupsHelper.collectMethodsByGroup() took 0 ms.
2026-10-04 17:43:05 INFO  org.testng.internal.Utils - [Utils] MethodGroupsHelper.sortMethods() took 0 ms.
2026-10-04 17:43:05 INFO  org.testng.internal.Utils - [Utils] MethodGroupsHelper.collectMethodsByGroup() took 0 ms.
2026-10-04 17:43:05 INFO  org.testng.internal.Utils - [Utils] MethodGroupsHelper.sortMethods() took 0 ms.
2026-10-04 17:43:05 INFO  org.testng.internal.Utils - [Utils] MethodGroupsHelper.collectMethodsByGroup() took 0 ms.
2026-10-04 17:43:05 INFO  org.testng.internal.Utils - [Utils] MethodGroupsHelper.sortMethods() took 1 ms.
2026-10-04 17:43:05 INFO  org.testng.internal.Utils - [Utils] MethodGroupsHelper.collectMethodsByGroup() took 0 ms.
2026-10-04 17:43:05 INFO  org.testng.internal.Utils - [Utils] MethodGroupsHelper.sortMethods() took 0 ms.
2026-10-04 17:43:05 INFO  org.testng.internal.Utils - [Utils] MethodGroupsHelper.collectMethodsByGroup() took 0 ms.
2026-10-04 17:43:05 INFO  org.testng.internal.Utils - [Utils] MethodGroupsHelper.sortMethods() took 0 ms.
2026-10-04 17:43:05 INFO  org.testng.internal.Utils - [TestNG] Running:
  C:\Users\Rahul Kumar\AppData\Local\Temp\testng-eclipse-1373278658\testng-customsuite.xml

2026-10-04 17:43:05 INFO  org.testng.internal.Utils - [Utils] DynamicGraphHelper.createDynamicGraph() took 6 ms.
2026-10-04 17:43:05 INFO  tests.MyInfoFormTest - ***********Initializing Driver***********
2026-10-04 17:43:05 INFO  library.Base - ***********LAUNCHING EDGE BROWSER***********
2026-10-04 17:43:32 INFO  tests.MyInfoFormTest - ***********Initiating LoginPage***********
2026-10-04 17:43:32 INFO  pages.LoginPage - ****Initiating LoginPage********
2026-10-04 17:43:32 INFO  tests.MyInfoFormTest - **********Sending Valid Username-Password to LoginPage*************
2026-10-04 17:43:32 INFO  pages.LoginPage - ******Logging into app****
2026-10-04 17:43:32 INFO  pages.LoginPage - ****Entering Username********
2026-10-04 17:43:32 INFO  pages.LoginPage - ******Checking Presence of Username Field******
2026-10-04 17:43:33 INFO  pages.LoginPage - ******Sending Username******
2026-10-04 17:43:33 INFO  pages.LoginPage - ****Entering Password********
2026-10-04 17:43:33 INFO  pages.LoginPage - ******Checking Visibility of Password Field******
2026-10-04 17:43:33 INFO  pages.LoginPage - ******Sending Password******
2026-10-04 17:43:33 INFO  pages.LoginPage - ****Clicking on Login Button********
2026-10-04 17:43:33 INFO  pages.LoginPage - ******Checking Clickability of Login Button******
2026-10-04 17:43:33 INFO  pages.LoginPage - ******Clicking on Login Button******
2026-10-04 17:43:34 INFO  tests.MyInfoFormTest - ********Initiating Homepage*********
2026-10-04 17:43:34 INFO  pages.HomePage - ****Initiating HomePage********
2026-10-04 17:43:34 INFO  tests.MyInfoFormTest - ********Finding dashboard*********
2026-10-04 17:43:34 INFO  pages.HomePage - ********Getting Dashboard Element********
2026-10-04 17:43:34 INFO  tests.MyInfoFormTest - ********Clicking on MyInfo Button*********
2026-10-04 17:43:34 INFO  pages.HomePage - ********Checking Clickability of MyInfo Button********
2026-10-04 17:43:35 INFO  pages.HomePage - *******Clicking on MyInfo Button********
2026-10-04 17:43:36 INFO  tests.MyInfoFormTest - ********Initiating infoFormTest*********
2026-10-04 17:43:36 INFO  tests.MyInfoFormTest - ********Initiating MyInfo Page*********
2026-10-04 17:43:36 INFO  pages.MyInfoPage - **********Initiating MyInfoPage**********
2026-10-04 17:43:36 INFO  tests.MyInfoFormTest - ********Enetering First Name*********
2026-10-04 17:43:36 INFO  pages.MyInfoPage - **********Checking Visibility of First Name Field*************
2026-10-04 17:43:37 INFO  pages.MyInfoPage - **********Clicking Inside First Name Field*************
2026-10-04 17:43:37 INFO  pages.MyInfoPage - **********Selecting Previous First Name*************
2026-10-04 17:43:37 INFO  pages.MyInfoPage - **********Overwriting First Name*************
2026-10-04 17:43:37 INFO  tests.MyInfoFormTest - ********Enetering Middle Name*********
2026-10-04 17:43:37 INFO  pages.MyInfoPage - **********Checking Visibility of Middle Name Field*************
2026-10-04 17:43:37 INFO  pages.MyInfoPage - **********Selecting Previous Middle Name*************
2026-10-04 17:43:37 INFO  pages.MyInfoPage - **********Overwriting Middle Name*************
2026-10-04 17:43:37 INFO  tests.MyInfoFormTest - ********Enetering last Name*********
2026-10-04 17:43:37 INFO  pages.MyInfoPage - **********Checking Visibility of Last Name Field*************
2026-10-04 17:43:37 INFO  pages.MyInfoPage - **********Selecting Previous Last Name*************
2026-10-04 17:43:37 INFO  pages.MyInfoPage - **********Overwriting Last Name*************
2026-10-04 17:43:38 INFO  tests.MyInfoFormTest - ********Enetering Employee ID*********
2026-10-04 17:43:38 INFO  pages.MyInfoPage - **********Checking Visibility of Employee ID Field*************
2026-10-04 17:43:38 INFO  pages.MyInfoPage - **********Selecting Previous Employee ID*************
2026-10-04 17:43:38 INFO  pages.MyInfoPage - **********Overwriting Employee ID*************
2026-10-04 17:43:38 INFO  tests.MyInfoFormTest - ********Enetering Driving License Number*********
2026-10-04 17:43:38 INFO  pages.MyInfoPage - **********Checking Visibility of Driving License Number Field*************
2026-10-04 17:43:38 INFO  pages.MyInfoPage - **********Selecting Previous Driving License Number*************
2026-10-04 17:43:38 INFO  pages.MyInfoPage - **********Overwriting Driving License Number*************
2026-10-04 17:43:38 INFO  tests.MyInfoFormTest - ********Enetering Driving License Expiry Date*********
2026-10-04 17:43:38 INFO  pages.MyInfoPage - **********Checking Clickability of License Expiry Field*************
2026-10-04 17:43:38 INFO  pages.MyInfoPage - **********Clicking on License Expiry Field*************
2026-10-04 17:43:38 INFO  pages.MyInfoPage - ***********Checking Visibility of License Expiry Year************
2026-10-04 17:43:38 INFO  pages.MyInfoPage - ***********Clicking Next Year************
2026-10-04 17:43:46 INFO  pages.MyInfoPage - ***********Clicking Month************
2026-10-04 17:43:46 INFO  pages.MyInfoPage - ***********Reading all Months************
2026-10-04 17:43:47 INFO  pages.MyInfoPage - ***********Clicking Desired Month************
2026-10-04 17:43:47 INFO  pages.MyInfoPage - ***********Reading all Dates************
2026-10-04 17:43:48 INFO  pages.MyInfoPage - ***********Clicking Desired Date************
2026-10-04 17:43:48 INFO  tests.MyInfoFormTest - ********Enetering Nationality*********
2026-10-04 17:43:48 INFO  pages.MyInfoPage - **********Checking Clickability of Nationality Field*************
2026-10-04 17:43:48 INFO  pages.MyInfoPage - **********Scrolling to Nationality Field*************
2026-10-04 17:43:48 INFO  pages.MyInfoPage - ***********Clicking on Nationality Field************
2026-10-04 17:43:48 INFO  pages.MyInfoPage - ***********Reading Nationality Dropdown************
2026-10-04 17:43:59 INFO  pages.MyInfoPage - ***********Clicking Desired Nationality************
2026-10-04 17:43:59 INFO  tests.MyInfoFormTest - ********Enetering Marital Status*********
2026-10-04 17:43:59 INFO  pages.MyInfoPage - **********Checking Clickability of Marital Status Field*************
2026-10-04 17:43:59 INFO  pages.MyInfoPage - ***********Clicking on Marital Status Field************
2026-10-04 17:43:59 INFO  pages.MyInfoPage - ***********Reading Marital Status Dropdown************
2026-10-04 17:43:59 INFO  pages.MyInfoPage - ***********Clicking Desired Marital Status************
2026-10-04 17:43:59 INFO  tests.MyInfoFormTest - ********Selecting Gender*********
2026-10-04 17:43:59 INFO  pages.MyInfoPage - ***********Checking Visibility of Male Button************
2026-10-04 17:43:59 INFO  pages.MyInfoPage - ***********Clicking on Male Gender************
2026-10-04 17:43:59 INFO  tests.MyInfoFormTest - ********Enetering Date of Birth*********
2026-10-04 17:43:59 INFO  pages.MyInfoPage - **********Checking Clickability of Date of Birth Field*************
2026-10-04 17:43:59 INFO  pages.MyInfoPage - **********Clicking on Date of Birth Field*************
2026-10-04 17:43:59 INFO  pages.MyInfoPage - ***********Checking Visibility of Birth Year************
2026-10-04 17:44:00 INFO  pages.MyInfoPage - ***********Clicking Previous Birth Year************
2026-10-04 17:44:24 ERROR tests.MyInfoFormTest - infoFormTest Failed : TimeoutException FOUND => Expected condition failed: waiting for element to be clickable, but the element was not found: org.openqa.selenium.NoSuchElementException: no such element: Unable to locate element: {"method":"xpath","selector":"//label[text()='Date of Birth']/parent::div/following-sibling::div//i[@class='oxd-icon bi-chevron-left']"}.
2026-10-04 17:44:24 INFO  org.testng.internal.Utils - [TestNG] Time taken by org.testng.reporters.jq.Main@70b437bb: 49 ms
2026-10-04 17:44:24 INFO  org.testng.internal.Utils - [TestNG] Time taken by org.testng.reporters.FailedReporter@30367620: 1 ms
2026-10-04 17:44:24 INFO  org.testng.internal.Utils - [TestNG] Time taken by org.testng.reporters.XMLReporter@21f48f6c: 7 ms
2026-10-04 17:44:24 INFO  org.testng.internal.Utils - [TestNG] Time taken by org.testng.reporters.EmailableReporter2@4b391e45: 2 ms
2026-10-04 17:44:24 INFO  org.testng.internal.Utils - [TestNG] Time taken by org.testng.reporters.JUnitReportReporter@3e94a6f6: 4 ms
2026-10-04 17:44:24 INFO  org.testng.internal.Utils - [TestNG] Time taken by org.testng.internal.ExitCodeListener@41ff98dc: 0 ms
2026-10-04 17:47:00 INFO  org.testng.internal.Utils - [Utils] MethodGroupsHelper.collectMethodsByGroup() took 1 ms.
2026-10-04 17:47:00 INFO  org.testng.internal.Utils - [Utils] MethodGroupsHelper.sortMethods() took 1 ms.
2026-10-04 17:47:00 INFO  org.testng.internal.Utils - [Utils] MethodGroupsHelper.collectMethodsByGroup() took 0 ms.
2026-10-04 17:47:00 INFO  org.testng.internal.Utils - [Utils] MethodGroupsHelper.sortMethods() took 0 ms.
2026-10-04 17:47:00 INFO  org.testng.internal.Utils - [Utils] MethodGroupsHelper.collectMethodsByGroup() took 0 ms.
2026-10-04 17:47:00 INFO  org.testng.internal.Utils - [Utils] MethodGroupsHelper.sortMethods() took 0 ms.
2026-10-04 17:47:00 INFO  org.testng.internal.Utils - [Utils] MethodGroupsHelper.collectMethodsByGroup() took 0 ms.
2026-10-04 17:47:00 INFO  org.testng.internal.Utils - [Utils] MethodGroupsHelper.sortMethods() took 0 ms.
2026-10-04 17:47:00 INFO  org.testng.internal.Utils - [Utils] MethodGroupsHelper.collectMethodsByGroup() took 0 ms.
2026-10-04 17:47:00 INFO  org.testng.internal.Utils - [Utils] MethodGroupsHelper.sortMethods() took 0 ms.
2026-10-04 17:47:00 INFO  org.testng.internal.Utils - [Utils] MethodGroupsHelper.collectMethodsByGroup() took 0 ms.
2026-10-04 17:47:00 INFO  org.testng.internal.Utils - [Utils] MethodGroupsHelper.sortMethods() took 0 ms.
2026-10-04 17:47:00 INFO  org.testng.internal.Utils - [Utils] MethodGroupsHelper.collectMethodsByGroup() took 0 ms.
2026-10-04 17:47:00 INFO  org.testng.internal.Utils - [Utils] MethodGroupsHelper.sortMethods() took 0 ms.
2026-10-04 17:47:00 INFO  org.testng.internal.Utils - [Utils] MethodGroupsHelper.collectMethodsByGroup() took 0 ms.
2026-10-04 17:47:00 INFO  org.testng.internal.Utils - [Utils] MethodGroupsHelper.sortMethods() took 0 ms.
2026-10-04 17:47:00 INFO  org.testng.internal.Utils - [Utils] MethodGroupsHelper.collectMethodsByGroup() took 6 ms.
2026-10-04 17:47:00 INFO  org.testng.internal.Utils - [Utils] MethodGroupsHelper.sortMethods() took 14 ms.
2026-10-04 17:47:00 INFO  org.testng.internal.Utils - [Utils] MethodGroupsHelper.collectMethodsByGroup() took 0 ms.
2026-10-04 17:47:00 INFO  org.testng.internal.Utils - [Utils] MethodGroupsHelper.sortMethods() took 0 ms.
2026-10-04 17:47:00 INFO  org.testng.internal.Utils - [Utils] MethodGroupsHelper.collectMethodsByGroup() took 0 ms.
2026-10-04 17:47:00 INFO  org.testng.internal.Utils - [Utils] MethodGroupsHelper.sortMethods() took 0 ms.
2026-10-04 17:47:00 INFO  org.testng.internal.Utils - [Utils] MethodGroupsHelper.collectMethodsByGroup() took 0 ms.
2026-10-04 17:47:00 INFO  org.testng.internal.Utils - [Utils] MethodGroupsHelper.sortMethods() took 0 ms.
2026-10-04 17:47:00 INFO  org.testng.internal.Utils - [Utils] MethodGroupsHelper.collectMethodsByGroup() took 1 ms.
2026-10-04 17:47:00 INFO  org.testng.internal.Utils - [Utils] MethodGroupsHelper.sortMethods() took 0 ms.
2026-10-04 17:47:00 INFO  org.testng.internal.Utils - [Utils] MethodGroupsHelper.collectMethodsByGroup() took 0 ms.
2026-10-04 17:47:00 INFO  org.testng.internal.Utils - [Utils] MethodGroupsHelper.sortMethods() took 0 ms.
2026-10-04 17:47:00 INFO  org.testng.internal.Utils - [Utils] MethodGroupsHelper.collectMethodsByGroup() took 0 ms.
2026-10-04 17:47:00 INFO  org.testng.internal.Utils - [Utils] MethodGroupsHelper.sortMethods() took 0 ms.
2026-10-04 17:47:00 INFO  org.testng.internal.Utils - [TestNG] Running:
  C:\Users\Rahul Kumar\AppData\Local\Temp\testng-eclipse--215412492\testng-customsuite.xml

2026-10-04 17:47:00 INFO  org.testng.internal.Utils - [Utils] DynamicGraphHelper.createDynamicGraph() took 4 ms.
2026-10-04 17:47:00 INFO  tests.MyInfoFormTest - ***********Initializing Driver***********
2026-10-04 17:47:00 INFO  library.Base - ***********LAUNCHING EDGE BROWSER***********
2026-10-04 17:47:09 INFO  tests.MyInfoFormTest - ***********Initiating LoginPage***********
2026-10-04 17:47:09 INFO  pages.LoginPage - ****Initiating LoginPage********
2026-10-04 17:47:09 INFO  tests.MyInfoFormTest - **********Sending Valid Username-Password to LoginPage*************
2026-10-04 17:47:09 INFO  pages.LoginPage - ******Logging into app****
2026-10-04 17:47:09 INFO  pages.LoginPage - ****Entering Username********
2026-10-04 17:47:09 INFO  pages.LoginPage - ******Checking Presence of Username Field******
2026-10-04 17:47:10 INFO  pages.LoginPage - ******Sending Username******
2026-10-04 17:47:10 INFO  pages.LoginPage - ****Entering Password********
2026-10-04 17:47:10 INFO  pages.LoginPage - ******Checking Visibility of Password Field******
2026-10-04 17:47:10 INFO  pages.LoginPage - ******Sending Password******
2026-10-04 17:47:11 INFO  pages.LoginPage - ****Clicking on Login Button********
2026-10-04 17:47:11 INFO  pages.LoginPage - ******Checking Clickability of Login Button******
2026-10-04 17:47:11 INFO  pages.LoginPage - ******Clicking on Login Button******
2026-10-04 17:47:13 INFO  tests.MyInfoFormTest - ********Initiating Homepage*********
2026-10-04 17:47:13 INFO  pages.HomePage - ****Initiating HomePage********
2026-10-04 17:47:13 INFO  tests.MyInfoFormTest - ********Finding dashboard*********
2026-10-04 17:47:13 INFO  pages.HomePage - ********Getting Dashboard Element********
2026-10-04 17:47:13 INFO  tests.MyInfoFormTest - ********Clicking on MyInfo Button*********
2026-10-04 17:47:13 INFO  pages.HomePage - ********Checking Clickability of MyInfo Button********
2026-10-04 17:47:13 INFO  pages.HomePage - *******Clicking on MyInfo Button********
2026-10-04 17:47:14 INFO  tests.MyInfoFormTest - ********Initiating infoFormTest*********
2026-10-04 17:47:14 INFO  tests.MyInfoFormTest - ********Initiating MyInfo Page*********
2026-10-04 17:47:14 INFO  pages.MyInfoPage - **********Initiating MyInfoPage**********
2026-10-04 17:47:14 INFO  tests.MyInfoFormTest - ********Enetering First Name*********
2026-10-04 17:47:14 INFO  pages.MyInfoPage - **********Checking Visibility of First Name Field*************
2026-10-04 17:47:15 INFO  pages.MyInfoPage - **********Clicking Inside First Name Field*************
2026-10-04 17:47:16 INFO  pages.MyInfoPage - **********Selecting Previous First Name*************
2026-10-04 17:47:16 INFO  pages.MyInfoPage - **********Overwriting First Name*************
2026-10-04 17:47:16 INFO  tests.MyInfoFormTest - ********Enetering Middle Name*********
2026-10-04 17:47:16 INFO  pages.MyInfoPage - **********Checking Visibility of Middle Name Field*************
2026-10-04 17:47:16 INFO  pages.MyInfoPage - **********Selecting Previous Middle Name*************
2026-10-04 17:47:16 INFO  pages.MyInfoPage - **********Overwriting Middle Name*************
2026-10-04 17:47:16 INFO  tests.MyInfoFormTest - ********Enetering last Name*********
2026-10-04 17:47:16 INFO  pages.MyInfoPage - **********Checking Visibility of Last Name Field*************
2026-10-04 17:47:16 INFO  pages.MyInfoPage - **********Selecting Previous Last Name*************
2026-10-04 17:47:16 INFO  pages.MyInfoPage - **********Overwriting Last Name*************
2026-10-04 17:47:17 INFO  tests.MyInfoFormTest - ********Enetering Employee ID*********
2026-10-04 17:47:17 INFO  pages.MyInfoPage - **********Checking Visibility of Employee ID Field*************
2026-10-04 17:47:17 INFO  pages.MyInfoPage - **********Selecting Previous Employee ID*************
2026-10-04 17:47:17 INFO  pages.MyInfoPage - **********Overwriting Employee ID*************
2026-10-04 17:47:17 INFO  tests.MyInfoFormTest - ********Enetering Driving License Number*********
2026-10-04 17:47:17 INFO  pages.MyInfoPage - **********Checking Visibility of Driving License Number Field*************
2026-10-04 17:47:17 INFO  pages.MyInfoPage - **********Selecting Previous Driving License Number*************
2026-10-04 17:47:17 INFO  pages.MyInfoPage - **********Overwriting Driving License Number*************
2026-10-04 17:47:17 INFO  tests.MyInfoFormTest - ********Enetering Driving License Expiry Date*********
2026-10-04 17:47:17 INFO  pages.MyInfoPage - **********Checking Clickability of License Expiry Field*************
2026-10-04 17:47:17 INFO  pages.MyInfoPage - **********Clicking on License Expiry Field*************
2026-10-04 17:47:17 INFO  pages.MyInfoPage - ***********Checking Visibility of License Expiry Year************
2026-10-04 17:47:17 INFO  pages.MyInfoPage - ***********Clicking Next Year************
2026-10-04 17:47:26 INFO  pages.MyInfoPage - ***********Clicking Month************
2026-10-04 17:47:26 INFO  pages.MyInfoPage - ***********Reading all Months************
2026-10-04 17:47:27 INFO  pages.MyInfoPage - ***********Clicking Desired Month************
2026-10-04 17:47:27 INFO  pages.MyInfoPage - ***********Reading all Dates************
2026-10-04 17:47:28 INFO  pages.MyInfoPage - ***********Clicking Desired Date************
2026-10-04 17:47:28 INFO  tests.MyInfoFormTest - ********Enetering Nationality*********
2026-10-04 17:47:28 INFO  pages.MyInfoPage - **********Checking Clickability of Nationality Field*************
2026-10-04 17:47:28 INFO  pages.MyInfoPage - **********Scrolling to Nationality Field*************
2026-10-04 17:47:28 INFO  pages.MyInfoPage - ***********Clicking on Nationality Field************
2026-10-04 17:47:28 INFO  pages.MyInfoPage - ***********Reading Nationality Dropdown************
2026-10-04 17:47:37 INFO  pages.MyInfoPage - ***********Clicking Desired Nationality************
2026-10-04 17:47:37 INFO  tests.MyInfoFormTest - ********Enetering Marital Status*********
2026-10-04 17:47:37 INFO  pages.MyInfoPage - **********Checking Clickability of Marital Status Field*************
2026-10-04 17:47:37 INFO  pages.MyInfoPage - ***********Clicking on Marital Status Field************
2026-10-04 17:47:38 INFO  pages.MyInfoPage - ***********Reading Marital Status Dropdown************
2026-10-04 17:47:38 INFO  pages.MyInfoPage - ***********Clicking Desired Marital Status************
2026-10-04 17:47:38 INFO  tests.MyInfoFormTest - ********Selecting Gender*********
2026-10-04 17:47:38 INFO  pages.MyInfoPage - ***********Checking Visibility of Male Button************
2026-10-04 17:47:38 INFO  pages.MyInfoPage - ***********Clicking on Male Gender************
2026-10-04 17:47:38 INFO  tests.MyInfoFormTest - ********Enetering Date of Birth*********
2026-10-04 17:47:38 INFO  pages.MyInfoPage - **********Checking Clickability of Date of Birth Field*************
2026-10-04 17:47:38 INFO  pages.MyInfoPage - **********Clicking on Date of Birth Field*************
2026-10-04 17:47:38 INFO  pages.MyInfoPage - ***********Checking Visibility of Birth Year************
2026-10-04 17:47:38 INFO  pages.MyInfoPage - ***********Clicking Previous Birth Year************
2026-10-04 17:47:57 INFO  pages.MyInfoPage - ***********Checking Clickability of Birth Month************
2026-10-04 17:47:57 INFO  pages.MyInfoPage - ***********Clicking Birth Month************
2026-10-04 17:47:57 INFO  pages.MyInfoPage - ***********Reading Birth Month Dropdown************
2026-10-04 17:47:58 INFO  pages.MyInfoPage - ***********Clicking Desired Birth Month************
2026-10-04 17:47:58 INFO  pages.MyInfoPage - ***********Reading Birth Date Grid************
2026-10-04 17:47:59 INFO  pages.MyInfoPage - ***********Clicking Desired Birth Date************
2026-10-04 17:47:59 INFO  tests.MyInfoFormTest - ********Enetering Blood Type*********
2026-10-04 17:47:59 INFO  pages.MyInfoPage - ***********Checking Clickability of Blood Type Field************
2026-10-04 17:47:59 INFO  pages.MyInfoPage - ***********Clicking on Blood Type Field************
2026-10-04 17:47:59 INFO  pages.MyInfoPage - ***********Reading Blood Type Dropdown************
2026-10-04 17:47:59 INFO  pages.MyInfoPage - ***********Clicking Desired Blood Type************
2026-10-04 17:47:59 INFO  tests.MyInfoFormTest - ********Enetering Test*********
2026-10-04 17:47:59 INFO  pages.MyInfoPage - ***********Checking Visibility of Test Field************
2026-10-04 17:47:59 INFO  pages.MyInfoPage - ***********Selecting Previous Test************
2026-10-04 17:47:59 INFO  pages.MyInfoPage - ***********Overwriting Test************
2026-10-04 17:47:59 INFO  tests.MyInfoFormTest - ********Adding Attachment*********
2026-10-04 17:47:59 INFO  pages.MyInfoPage - ***********Checking Clickability of Add Attachment Button************
2026-10-04 17:47:59 INFO  pages.MyInfoPage - ***********Clicking Add Attachment Button************
2026-10-04 17:48:00 INFO  pages.MyInfoPage - ***********Checking File Attachment************
2026-10-04 17:48:20 ERROR tests.MyInfoFormTest - infoFormTest Failed : TimeoutException FOUND => Expected condition failed: waiting for visibility of [[EdgeDriver: MicrosoftEdge on windows (237eac8c5f333fc565f61c6efa56c339)] -> xpath: //input[@class='oxd-file-input']]
2026-10-04 17:48:20 INFO  org.testng.internal.Utils - [TestNG] Time taken by org.testng.reporters.jq.Main@64f5cec8: 64 ms
2026-10-04 17:48:20 INFO  org.testng.internal.Utils - [TestNG] Time taken by org.testng.reporters.FailedReporter@3e79c9e0: 0 ms
2026-10-04 17:48:20 INFO  org.testng.internal.Utils - [TestNG] Time taken by org.testng.reporters.XMLReporter@49a777ee: 15 ms
2026-10-04 17:48:20 INFO  org.testng.internal.Utils - [TestNG] Time taken by org.testng.reporters.EmailableReporter2@4f3551c1: 0 ms
2026-10-04 17:48:20 INFO  org.testng.internal.Utils - [TestNG] Time taken by org.testng.reporters.JUnitReportReporter@3a7f7201: 16 ms
2026-10-04 17:48:20 INFO  org.testng.internal.Utils - [TestNG] Time taken by org.testng.internal.ExitCodeListener@552fcd4d: 0 ms
2026-10-04 17:54:18 INFO  org.testng.internal.Utils - [Utils] MethodGroupsHelper.collectMethodsByGroup() took 1 ms.
2026-10-04 17:54:18 INFO  org.testng.internal.Utils - [Utils] MethodGroupsHelper.sortMethods() took 1 ms.
2026-10-04 17:54:18 INFO  org.testng.internal.Utils - [Utils] MethodGroupsHelper.collectMethodsByGroup() took 0 ms.
2026-10-04 17:54:18 INFO  org.testng.internal.Utils - [Utils] MethodGroupsHelper.sortMethods() took 0 ms.
2026-10-04 17:54:18 INFO  org.testng.internal.Utils - [Utils] MethodGroupsHelper.collectMethodsByGroup() took 0 ms.
2026-10-04 17:54:18 INFO  org.testng.internal.Utils - [Utils] MethodGroupsHelper.sortMethods() took 0 ms.
2026-10-04 17:54:18 INFO  org.testng.internal.Utils - [Utils] MethodGroupsHelper.collectMethodsByGroup() took 0 ms.
2026-10-04 17:54:18 INFO  org.testng.internal.Utils - [Utils] MethodGroupsHelper.sortMethods() took 0 ms.
2026-10-04 17:54:18 INFO  org.testng.internal.Utils - [Utils] MethodGroupsHelper.collectMethodsByGroup() took 0 ms.
2026-10-04 17:54:18 INFO  org.testng.internal.Utils - [Utils] MethodGroupsHelper.sortMethods() took 0 ms.
2026-10-04 17:54:18 INFO  org.testng.internal.Utils - [Utils] MethodGroupsHelper.collectMethodsByGroup() took 0 ms.
2026-10-04 17:54:18 INFO  org.testng.internal.Utils - [Utils] MethodGroupsHelper.sortMethods() took 0 ms.
2026-10-04 17:54:18 INFO  org.testng.internal.Utils - [Utils] MethodGroupsHelper.collectMethodsByGroup() took 0 ms.
2026-10-04 17:54:18 INFO  org.testng.internal.Utils - [Utils] MethodGroupsHelper.sortMethods() took 0 ms.
2026-10-04 17:54:18 INFO  org.testng.internal.Utils - [Utils] MethodGroupsHelper.collectMethodsByGroup() took 0 ms.
2026-10-04 17:54:18 INFO  org.testng.internal.Utils - [Utils] MethodGroupsHelper.sortMethods() took 0 ms.
2026-10-04 17:54:19 INFO  org.testng.internal.Utils - [Utils] MethodGroupsHelper.collectMethodsByGroup() took 4 ms.
2026-10-04 17:54:19 INFO  org.testng.internal.Utils - [Utils] MethodGroupsHelper.sortMethods() took 9 ms.
2026-10-04 17:54:19 INFO  org.testng.internal.Utils - [Utils] MethodGroupsHelper.collectMethodsByGroup() took 0 ms.
2026-10-04 17:54:19 INFO  org.testng.internal.Utils - [Utils] MethodGroupsHelper.sortMethods() took 0 ms.
2026-10-04 17:54:19 INFO  org.testng.internal.Utils - [Utils] MethodGroupsHelper.collectMethodsByGroup() took 0 ms.
2026-10-04 17:54:19 INFO  org.testng.internal.Utils - [Utils] MethodGroupsHelper.sortMethods() took 0 ms.
2026-10-04 17:54:19 INFO  org.testng.internal.Utils - [Utils] MethodGroupsHelper.collectMethodsByGroup() took 0 ms.
2026-10-04 17:54:19 INFO  org.testng.internal.Utils - [Utils] MethodGroupsHelper.sortMethods() took 0 ms.
2026-10-04 17:54:19 INFO  org.testng.internal.Utils - [Utils] MethodGroupsHelper.collectMethodsByGroup() took 1 ms.
2026-10-04 17:54:19 INFO  org.testng.internal.Utils - [Utils] MethodGroupsHelper.sortMethods() took 1 ms.
2026-10-04 17:54:19 INFO  org.testng.internal.Utils - [Utils] MethodGroupsHelper.collectMethodsByGroup() took 0 ms.
2026-10-04 17:54:19 INFO  org.testng.internal.Utils - [Utils] MethodGroupsHelper.sortMethods() took 0 ms.
2026-10-04 17:54:19 INFO  org.testng.internal.Utils - [Utils] MethodGroupsHelper.collectMethodsByGroup() took 0 ms.
2026-10-04 17:54:19 INFO  org.testng.internal.Utils - [Utils] MethodGroupsHelper.sortMethods() took 0 ms.
2026-10-04 17:54:19 INFO  org.testng.internal.Utils - [TestNG] Running:
  C:\Users\Rahul Kumar\AppData\Local\Temp\testng-eclipse-314463365\testng-customsuite.xml

2026-10-04 17:54:19 INFO  org.testng.internal.Utils - [Utils] DynamicGraphHelper.createDynamicGraph() took 4 ms.
2026-10-04 17:54:19 INFO  tests.MyInfoFormTest - ***********Initializing Driver***********
2026-10-04 17:54:19 INFO  library.Base - ***********LAUNCHING EDGE BROWSER***********
2026-10-04 17:54:37 INFO  tests.MyInfoFormTest - ***********Initiating LoginPage***********
2026-10-04 17:54:37 INFO  pages.LoginPage - ****Initiating LoginPage********
2026-10-04 17:54:37 INFO  tests.MyInfoFormTest - **********Sending Valid Username-Password to LoginPage*************
2026-10-04 17:54:37 INFO  pages.LoginPage - ******Logging into app****
2026-10-04 17:54:37 INFO  pages.LoginPage - ****Entering Username********
2026-10-04 17:54:37 INFO  pages.LoginPage - ******Checking Presence of Username Field******
2026-10-04 17:54:38 INFO  pages.LoginPage - ******Sending Username******
2026-10-04 17:54:38 INFO  pages.LoginPage - ****Entering Password********
2026-10-04 17:54:38 INFO  pages.LoginPage - ******Checking Visibility of Password Field******
2026-10-04 17:54:38 INFO  pages.LoginPage - ******Sending Password******
2026-10-04 17:54:38 INFO  pages.LoginPage - ****Clicking on Login Button********
2026-10-04 17:54:38 INFO  pages.LoginPage - ******Checking Clickability of Login Button******
2026-10-04 17:54:38 INFO  pages.LoginPage - ******Clicking on Login Button******
2026-10-04 17:54:41 INFO  tests.MyInfoFormTest - ********Initiating Homepage*********
2026-10-04 17:54:41 INFO  pages.HomePage - ****Initiating HomePage********
2026-10-04 17:54:41 INFO  tests.MyInfoFormTest - ********Finding dashboard*********
2026-10-04 17:54:41 INFO  pages.HomePage - ********Getting Dashboard Element********
2026-10-04 17:54:41 INFO  tests.MyInfoFormTest - ********Clicking on MyInfo Button*********
2026-10-04 17:54:41 INFO  pages.HomePage - ********Checking Clickability of MyInfo Button********
2026-10-04 17:54:41 INFO  pages.HomePage - *******Clicking on MyInfo Button********
2026-10-04 17:54:43 INFO  tests.MyInfoFormTest - ********Initiating infoFormTest*********
2026-10-04 17:54:43 INFO  tests.MyInfoFormTest - ********Initiating MyInfo Page*********
2026-10-04 17:54:43 INFO  pages.MyInfoPage - **********Initiating MyInfoPage**********
2026-10-04 17:54:43 INFO  tests.MyInfoFormTest - ********Enetering First Name*********
2026-10-04 17:54:43 INFO  pages.MyInfoPage - **********Checking Visibility of First Name Field*************
2026-10-04 17:54:45 INFO  pages.MyInfoPage - **********Clicking Inside First Name Field*************
2026-10-04 17:54:46 INFO  pages.MyInfoPage - **********Selecting Previous First Name*************
2026-10-04 17:54:46 INFO  pages.MyInfoPage - **********Overwriting First Name*************
2026-10-04 17:54:46 INFO  tests.MyInfoFormTest - ********Enetering Middle Name*********
2026-10-04 17:54:46 INFO  pages.MyInfoPage - **********Checking Visibility of Middle Name Field*************
2026-10-04 17:54:46 INFO  pages.MyInfoPage - **********Selecting Previous Middle Name*************
2026-10-04 17:54:46 INFO  pages.MyInfoPage - **********Overwriting Middle Name*************
2026-10-04 17:54:46 INFO  tests.MyInfoFormTest - ********Enetering last Name*********
2026-10-04 17:54:46 INFO  pages.MyInfoPage - **********Checking Visibility of Last Name Field*************
2026-10-04 17:54:46 INFO  pages.MyInfoPage - **********Selecting Previous Last Name*************
2026-10-04 17:54:46 INFO  pages.MyInfoPage - **********Overwriting Last Name*************
2026-10-04 17:54:46 INFO  tests.MyInfoFormTest - ********Enetering Employee ID*********
2026-10-04 17:54:46 INFO  pages.MyInfoPage - **********Checking Visibility of Employee ID Field*************
2026-10-04 17:54:46 INFO  pages.MyInfoPage - **********Selecting Previous Employee ID*************
2026-10-04 17:54:46 INFO  pages.MyInfoPage - **********Overwriting Employee ID*************
2026-10-04 17:54:47 INFO  tests.MyInfoFormTest - ********Enetering Driving License Number*********
2026-10-04 17:54:47 INFO  pages.MyInfoPage - **********Checking Visibility of Driving License Number Field*************
2026-10-04 17:54:47 INFO  pages.MyInfoPage - **********Selecting Previous Driving License Number*************
2026-10-04 17:54:47 INFO  pages.MyInfoPage - **********Overwriting Driving License Number*************
2026-10-04 17:54:47 INFO  tests.MyInfoFormTest - ********Enetering Driving License Expiry Date*********
2026-10-04 17:54:47 INFO  pages.MyInfoPage - **********Checking Clickability of License Expiry Field*************
2026-10-04 17:54:47 INFO  pages.MyInfoPage - **********Clicking on License Expiry Field*************
2026-10-04 17:54:47 INFO  pages.MyInfoPage - ***********Checking Visibility of License Expiry Year************
2026-10-04 17:54:47 INFO  pages.MyInfoPage - ***********Clicking Next Year************
2026-10-04 17:54:56 INFO  pages.MyInfoPage - ***********Clicking Month************
2026-10-04 17:54:56 INFO  pages.MyInfoPage - ***********Reading all Months************
2026-10-04 17:54:57 INFO  pages.MyInfoPage - ***********Clicking Desired Month************
2026-10-04 17:54:57 INFO  pages.MyInfoPage - ***********Reading all Dates************
2026-10-04 17:54:58 INFO  pages.MyInfoPage - ***********Clicking Desired Date************
2026-10-04 17:54:58 INFO  tests.MyInfoFormTest - ********Enetering Nationality*********
2026-10-04 17:54:58 INFO  pages.MyInfoPage - **********Checking Clickability of Nationality Field*************
2026-10-04 17:54:58 INFO  pages.MyInfoPage - **********Scrolling to Nationality Field*************
2026-10-04 17:54:58 INFO  pages.MyInfoPage - ***********Clicking on Nationality Field************
2026-10-04 17:54:59 INFO  pages.MyInfoPage - ***********Reading Nationality Dropdown************
2026-10-04 17:55:08 INFO  pages.MyInfoPage - ***********Clicking Desired Nationality************
2026-10-04 17:55:08 INFO  tests.MyInfoFormTest - ********Enetering Marital Status*********
2026-10-04 17:55:08 INFO  pages.MyInfoPage - **********Checking Clickability of Marital Status Field*************
2026-10-04 17:55:08 INFO  pages.MyInfoPage - ***********Clicking on Marital Status Field************
2026-10-04 17:55:08 INFO  pages.MyInfoPage - ***********Reading Marital Status Dropdown************
2026-10-04 17:55:08 INFO  pages.MyInfoPage - ***********Clicking Desired Marital Status************
2026-10-04 17:55:08 INFO  tests.MyInfoFormTest - ********Selecting Gender*********
2026-10-04 17:55:08 INFO  pages.MyInfoPage - ***********Checking Visibility of Male Button************
2026-10-04 17:55:08 INFO  pages.MyInfoPage - ***********Clicking on Male Gender************
2026-10-04 17:55:08 INFO  tests.MyInfoFormTest - ********Enetering Date of Birth*********
2026-10-04 17:55:08 INFO  pages.MyInfoPage - **********Checking Clickability of Date of Birth Field*************
2026-10-04 17:55:08 INFO  pages.MyInfoPage - **********Clicking on Date of Birth Field*************
2026-10-04 17:55:09 INFO  pages.MyInfoPage - ***********Checking Visibility of Birth Year************
2026-10-04 17:55:09 INFO  pages.MyInfoPage - ***********Clicking Previous Birth Year************
2026-10-04 17:55:28 INFO  pages.MyInfoPage - ***********Checking Clickability of Birth Month************
2026-10-04 17:55:28 INFO  pages.MyInfoPage - ***********Clicking Birth Month************
2026-10-04 17:55:28 INFO  pages.MyInfoPage - ***********Reading Birth Month Dropdown************
2026-10-04 17:55:29 INFO  pages.MyInfoPage - ***********Clicking Desired Birth Month************
2026-10-04 17:55:29 INFO  pages.MyInfoPage - ***********Reading Birth Date Grid************
2026-10-04 17:55:30 INFO  pages.MyInfoPage - ***********Clicking Desired Birth Date************
2026-10-04 17:55:30 INFO  tests.MyInfoFormTest - ********Enetering Blood Type*********
2026-10-04 17:55:30 INFO  pages.MyInfoPage - ***********Checking Clickability of Blood Type Field************
2026-10-04 17:55:30 INFO  pages.MyInfoPage - ***********Clicking on Blood Type Field************
2026-10-04 17:55:30 INFO  pages.MyInfoPage - ***********Reading Blood Type Dropdown************
2026-10-04 17:55:31 INFO  pages.MyInfoPage - ***********Clicking Desired Blood Type************
2026-10-04 17:55:31 INFO  tests.MyInfoFormTest - ********Enetering Test*********
2026-10-04 17:55:31 INFO  pages.MyInfoPage - ***********Checking Visibility of Test Field************
2026-10-04 17:55:31 INFO  pages.MyInfoPage - ***********Selecting Previous Test************
2026-10-04 17:55:31 INFO  pages.MyInfoPage - ***********Overwriting Test************
2026-10-04 17:55:31 INFO  tests.MyInfoFormTest - ********Adding Attachment*********
2026-10-04 17:55:31 INFO  pages.MyInfoPage - ***********Checking Clickability of Add Attachment Button************
2026-10-04 17:55:31 INFO  pages.MyInfoPage - ***********Clicking Add Attachment Button************
2026-10-04 17:55:31 INFO  pages.MyInfoPage - ***********Checking File Attachment************
2026-10-04 17:55:34 INFO  pages.MyInfoPage - ***********Sending File Path************
2026-10-04 17:55:34 INFO  pages.MyInfoPage - ***********Checking Visibility of Save Button************
2026-10-04 17:55:34 INFO  pages.MyInfoPage - ***********Clicking Save Button************
2026-10-04 17:55:34 INFO  tests.MyInfoFormTest - ********Validating Upload*********
2026-10-04 17:55:34 INFO  pages.MyInfoPage - ***********Checking Uploaded File Table************
2026-10-04 17:55:37 INFO  tests.MyInfoFormTest - Pass
2026-10-04 17:55:37 INFO  org.testng.internal.Utils - [TestNG] Time taken by org.testng.reporters.jq.Main@749afabf: 73 ms
2026-10-04 17:55:37 INFO  org.testng.internal.Utils - [TestNG] Time taken by org.testng.reporters.FailedReporter@4054e55b: 4 ms
2026-10-04 17:55:37 INFO  org.testng.internal.Utils - [TestNG] Time taken by org.testng.reporters.XMLReporter@41e67819: 6 ms
2026-10-04 17:55:37 INFO  org.testng.internal.Utils - [TestNG] Time taken by org.testng.reporters.EmailableReporter2@156329de: 7 ms
2026-10-04 17:55:37 INFO  org.testng.internal.Utils - [TestNG] Time taken by org.testng.reporters.JUnitReportReporter@48ab29f8: 0 ms
2026-10-04 17:55:37 INFO  org.testng.internal.Utils - [TestNG] Time taken by org.testng.internal.ExitCodeListener@7ad9ff43: 0 ms
2026-10-04 18:26:28 INFO  org.testng.internal.Utils - [Utils] MethodGroupsHelper.collectMethodsByGroup() took 0 ms.
2026-10-04 18:26:28 INFO  org.testng.internal.Utils - [Utils] MethodGroupsHelper.sortMethods() took 3 ms.
2026-10-04 18:26:28 INFO  org.testng.internal.Utils - [Utils] MethodGroupsHelper.collectMethodsByGroup() took 0 ms.
2026-10-04 18:26:28 INFO  org.testng.internal.Utils - [Utils] MethodGroupsHelper.sortMethods() took 0 ms.
2026-10-04 18:26:28 INFO  org.testng.internal.Utils - [Utils] MethodGroupsHelper.collectMethodsByGroup() took 0 ms.
2026-10-04 18:26:28 INFO  org.testng.internal.Utils - [Utils] MethodGroupsHelper.sortMethods() took 0 ms.
2026-10-04 18:26:28 INFO  org.testng.internal.Utils - [Utils] MethodGroupsHelper.collectMethodsByGroup() took 0 ms.
2026-10-04 18:26:28 INFO  org.testng.internal.Utils - [Utils] MethodGroupsHelper.sortMethods() took 0 ms.
2026-10-04 18:26:28 INFO  org.testng.internal.Utils - [Utils] MethodGroupsHelper.collectMethodsByGroup() took 0 ms.
2026-10-04 18:26:28 INFO  org.testng.internal.Utils - [Utils] MethodGroupsHelper.sortMethods() took 0 ms.
2026-10-04 18:26:28 INFO  org.testng.internal.Utils - [Utils] MethodGroupsHelper.collectMethodsByGroup() took 0 ms.
2026-10-04 18:26:28 INFO  org.testng.internal.Utils - [Utils] MethodGroupsHelper.sortMethods() took 0 ms.
2026-10-04 18:26:28 INFO  org.testng.internal.Utils - [Utils] MethodGroupsHelper.collectMethodsByGroup() took 0 ms.
2026-10-04 18:26:28 INFO  org.testng.internal.Utils - [Utils] MethodGroupsHelper.sortMethods() took 0 ms.
2026-10-04 18:26:28 INFO  org.testng.internal.Utils - [Utils] MethodGroupsHelper.collectMethodsByGroup() took 0 ms.
2026-10-04 18:26:28 INFO  org.testng.internal.Utils - [Utils] MethodGroupsHelper.sortMethods() took 0 ms.
2026-10-04 18:26:28 INFO  org.testng.internal.Utils - [Utils] MethodGroupsHelper.collectMethodsByGroup() took 7 ms.
2026-10-04 18:26:28 INFO  org.testng.internal.Utils - [Utils] MethodGroupsHelper.sortMethods() took 9 ms.
2026-10-04 18:26:28 INFO  org.testng.internal.Utils - [Utils] MethodGroupsHelper.collectMethodsByGroup() took 0 ms.
2026-10-04 18:26:28 INFO  org.testng.internal.Utils - [Utils] MethodGroupsHelper.sortMethods() took 0 ms.
2026-10-04 18:26:28 INFO  org.testng.internal.Utils - [Utils] MethodGroupsHelper.collectMethodsByGroup() took 0 ms.
2026-10-04 18:26:28 INFO  org.testng.internal.Utils - [Utils] MethodGroupsHelper.sortMethods() took 0 ms.
2026-10-04 18:26:28 INFO  org.testng.internal.Utils - [Utils] MethodGroupsHelper.collectMethodsByGroup() took 0 ms.
2026-10-04 18:26:28 INFO  org.testng.internal.Utils - [Utils] MethodGroupsHelper.sortMethods() took 0 ms.
2026-10-04 18:26:28 INFO  org.testng.internal.Utils - [Utils] MethodGroupsHelper.collectMethodsByGroup() took 1 ms.
2026-10-04 18:26:28 INFO  org.testng.internal.Utils - [Utils] MethodGroupsHelper.sortMethods() took 0 ms.
2026-10-04 18:26:28 INFO  org.testng.internal.Utils - [Utils] MethodGroupsHelper.collectMethodsByGroup() took 0 ms.
2026-10-04 18:26:28 INFO  org.testng.internal.Utils - [Utils] MethodGroupsHelper.sortMethods() took 0 ms.
2026-10-04 18:26:28 INFO  org.testng.internal.Utils - [Utils] MethodGroupsHelper.collectMethodsByGroup() took 0 ms.
2026-10-04 18:26:28 INFO  org.testng.internal.Utils - [Utils] MethodGroupsHelper.sortMethods() took 0 ms.
2026-10-04 18:26:28 INFO  org.testng.internal.Utils - [TestNG] Running:
  C:\Users\Rahul Kumar\AppData\Local\Temp\testng-eclipse--962424122\testng-customsuite.xml

2026-10-04 18:26:28 INFO  org.testng.internal.Utils - [Utils] DynamicGraphHelper.createDynamicGraph() took 4 ms.
2026-10-04 18:26:28 INFO  tests.MyInfoFormTest - ***********Initializing Driver***********
2026-10-04 18:26:28 INFO  library.Base - ***********LAUNCHING EDGE BROWSER***********
2026-10-04 18:26:35 INFO  tests.MyInfoFormTest - ***********Initiating LoginPage***********
2026-10-04 18:26:35 INFO  pages.LoginPage - ****Initiating LoginPage********
2026-10-04 18:26:35 INFO  tests.MyInfoFormTest - **********Sending Valid Username-Password to LoginPage*************
2026-10-04 18:26:35 INFO  pages.LoginPage - ******Logging into app****
2026-10-04 18:26:35 INFO  pages.LoginPage - ****Entering Username********
2026-10-04 18:26:35 INFO  pages.LoginPage - ******Checking Presence of Username Field******
2026-10-04 18:26:36 INFO  pages.LoginPage - ******Sending Username******
2026-10-04 18:26:36 INFO  pages.LoginPage - ****Entering Password********
2026-10-04 18:26:36 INFO  pages.LoginPage - ******Checking Visibility of Password Field******
2026-10-04 18:26:36 INFO  pages.LoginPage - ******Sending Password******
2026-10-04 18:26:36 INFO  pages.LoginPage - ****Clicking on Login Button********
2026-10-04 18:26:36 INFO  pages.LoginPage - ******Checking Clickability of Login Button******
2026-10-04 18:26:36 INFO  pages.LoginPage - ******Clicking on Login Button******
2026-10-04 18:26:37 INFO  tests.MyInfoFormTest - ********Initiating Homepage*********
2026-10-04 18:26:37 INFO  pages.HomePage - ****Initiating HomePage********
2026-10-04 18:26:37 INFO  tests.MyInfoFormTest - ********Finding dashboard*********
2026-10-04 18:26:37 INFO  pages.HomePage - ********Getting Dashboard Element********
2026-10-04 18:26:37 INFO  tests.MyInfoFormTest - ********Clicking on MyInfo Button*********
2026-10-04 18:26:37 INFO  pages.HomePage - ********Checking Clickability of MyInfo Button********
2026-10-04 18:26:38 INFO  pages.HomePage - *******Clicking on MyInfo Button********
2026-10-04 18:26:40 INFO  tests.MyInfoFormTest - ********Initiating infoFormTest*********
2026-10-04 18:26:40 INFO  tests.MyInfoFormTest - ********Initiating MyInfo Page*********
2026-10-04 18:26:40 INFO  pages.MyInfoPage - **********Initiating MyInfoPage**********
2026-10-04 18:26:40 INFO  tests.MyInfoFormTest - ********Enetering First Name*********
2026-10-04 18:26:40 INFO  pages.MyInfoPage - **********Checking Visibility of First Name Field*************
2026-10-04 18:26:40 INFO  pages.MyInfoPage - **********Clicking Inside First Name Field*************
2026-10-04 18:26:41 INFO  pages.MyInfoPage - **********Selecting Previous First Name*************
2026-10-04 18:26:41 INFO  pages.MyInfoPage - **********Overwriting First Name*************
2026-10-04 18:26:41 INFO  tests.MyInfoFormTest - ********Enetering Middle Name*********
2026-10-04 18:26:41 INFO  pages.MyInfoPage - **********Checking Visibility of Middle Name Field*************
2026-10-04 18:26:41 INFO  pages.MyInfoPage - **********Selecting Previous Middle Name*************
2026-10-04 18:26:41 INFO  pages.MyInfoPage - **********Overwriting Middle Name*************
2026-10-04 18:26:41 INFO  tests.MyInfoFormTest - ********Enetering last Name*********
2026-10-04 18:26:41 INFO  pages.MyInfoPage - **********Checking Visibility of Last Name Field*************
2026-10-04 18:26:41 INFO  pages.MyInfoPage - **********Selecting Previous Last Name*************
2026-10-04 18:26:41 INFO  pages.MyInfoPage - **********Overwriting Last Name*************
2026-10-04 18:26:41 INFO  tests.MyInfoFormTest - ********Enetering Employee ID*********
2026-10-04 18:26:41 INFO  pages.MyInfoPage - **********Checking Visibility of Employee ID Field*************
2026-10-04 18:26:41 INFO  pages.MyInfoPage - **********Selecting Previous Employee ID*************
2026-10-04 18:26:41 INFO  pages.MyInfoPage - **********Overwriting Employee ID*************
2026-10-04 18:26:41 INFO  tests.MyInfoFormTest - ********Enetering Driving License Number*********
2026-10-04 18:26:41 INFO  pages.MyInfoPage - **********Checking Visibility of Driving License Number Field*************
2026-10-04 18:26:41 INFO  pages.MyInfoPage - **********Selecting Previous Driving License Number*************
2026-10-04 18:26:41 INFO  pages.MyInfoPage - **********Overwriting Driving License Number*************
2026-10-04 18:26:41 INFO  tests.MyInfoFormTest - ********Enetering Driving License Expiry Date*********
2026-10-04 18:26:41 INFO  pages.MyInfoPage - **********Checking Clickability of License Expiry Field*************
2026-10-04 18:26:41 INFO  pages.MyInfoPage - **********Clicking on License Expiry Field*************
2026-10-04 18:26:42 INFO  pages.MyInfoPage - ***********Checking Visibility of License Expiry Year************
2026-10-04 18:26:42 INFO  pages.MyInfoPage - ***********Clicking Next Year************
2026-10-04 18:26:51 INFO  pages.MyInfoPage - ***********Clicking Month************
2026-10-04 18:26:51 INFO  pages.MyInfoPage - ***********Reading all Months************
2026-10-04 18:26:52 INFO  pages.MyInfoPage - ***********Clicking Desired Month************
2026-10-04 18:26:52 INFO  pages.MyInfoPage - ***********Reading all Dates************
2026-10-04 18:26:53 INFO  pages.MyInfoPage - ***********Clicking Desired Date************
2026-10-04 18:26:53 INFO  tests.MyInfoFormTest - ********Enetering Nationality*********
2026-10-04 18:26:53 INFO  pages.MyInfoPage - **********Checking Clickability of Nationality Field*************
2026-10-04 18:26:53 INFO  pages.MyInfoPage - **********Scrolling to Nationality Field*************
2026-10-04 18:26:53 INFO  pages.MyInfoPage - ***********Clicking on Nationality Field************
2026-10-04 18:26:53 INFO  pages.MyInfoPage - ***********Reading Nationality Dropdown************
2026-10-04 18:27:02 INFO  pages.MyInfoPage - ***********Clicking Desired Nationality************
2026-10-04 18:27:02 INFO  tests.MyInfoFormTest - ********Enetering Marital Status*********
2026-10-04 18:27:02 INFO  pages.MyInfoPage - **********Checking Clickability of Marital Status Field*************
2026-10-04 18:27:02 INFO  pages.MyInfoPage - ***********Clicking on Marital Status Field************
2026-10-04 18:27:02 INFO  pages.MyInfoPage - ***********Reading Marital Status Dropdown************
2026-10-04 18:27:02 INFO  pages.MyInfoPage - ***********Clicking Desired Marital Status************
2026-10-04 18:27:02 INFO  tests.MyInfoFormTest - ********Selecting Gender*********
2026-10-04 18:27:02 INFO  pages.MyInfoPage - ***********Checking Visibility of Male Button************
2026-10-04 18:27:02 INFO  pages.MyInfoPage - ***********Clicking on Male Gender************
2026-10-04 18:27:03 INFO  tests.MyInfoFormTest - ********Enetering Date of Birth*********
2026-10-04 18:27:03 INFO  pages.MyInfoPage - **********Checking Clickability of Date of Birth Field*************
2026-10-04 18:27:03 INFO  pages.MyInfoPage - **********Clicking on Date of Birth Field*************
2026-10-04 18:27:03 INFO  pages.MyInfoPage - ***********Checking Visibility of Birth Year************
2026-10-04 18:27:03 INFO  pages.MyInfoPage - ***********Clicking Previous Birth Year************
2026-10-04 18:27:22 INFO  pages.MyInfoPage - ***********Checking Clickability of Birth Month************
2026-10-04 18:27:22 INFO  pages.MyInfoPage - ***********Clicking Birth Month************
2026-10-04 18:27:22 INFO  pages.MyInfoPage - ***********Reading Birth Month Dropdown************
2026-10-04 18:27:23 INFO  pages.MyInfoPage - ***********Clicking Desired Birth Month************
2026-10-04 18:27:23 INFO  pages.MyInfoPage - ***********Reading Birth Date Grid************
2026-10-04 18:27:24 INFO  pages.MyInfoPage - ***********Clicking Desired Birth Date************
2026-10-04 18:27:24 INFO  tests.MyInfoFormTest - ********Enetering Blood Type*********
2026-10-04 18:27:24 INFO  pages.MyInfoPage - ***********Checking Clickability of Blood Type Field************
2026-10-04 18:27:24 INFO  pages.MyInfoPage - ***********Clicking on Blood Type Field************
2026-10-04 18:27:24 INFO  pages.MyInfoPage - ***********Reading Blood Type Dropdown************
2026-10-04 18:27:24 INFO  pages.MyInfoPage - ***********Clicking Desired Blood Type************
2026-10-04 18:27:24 INFO  tests.MyInfoFormTest - ********Enetering Test*********
2026-10-04 18:27:24 INFO  pages.MyInfoPage - ***********Checking Visibility of Test Field************
2026-10-04 18:27:24 INFO  pages.MyInfoPage - ***********Selecting Previous Test************
2026-10-04 18:27:25 INFO  pages.MyInfoPage - ***********Overwriting Test************
2026-10-04 18:27:25 INFO  tests.MyInfoFormTest - ********Adding Attachment*********
2026-10-04 18:27:25 INFO  pages.MyInfoPage - ***********Checking Clickability of Add Attachment Button************
2026-10-04 18:27:25 INFO  pages.MyInfoPage - ***********Clicking Add Attachment Button************
2026-10-04 18:27:25 INFO  pages.MyInfoPage - ***********Sending File Path************
2026-10-04 18:27:25 INFO  pages.MyInfoPage - ***********Checking Visibility of Save Button************
2026-10-04 18:27:25 INFO  pages.MyInfoPage - ***********Clicking Save Button************
2026-10-04 18:27:25 INFO  tests.MyInfoFormTest - ********Validating Upload*********
2026-10-04 18:27:25 INFO  pages.MyInfoPage - ***********Checking Uploaded File Table************
2026-10-04 18:27:28 INFO  org.testng.internal.Utils - [TestNG] Time taken by org.testng.reporters.jq.Main@35c7c803: 64 ms
2026-10-04 18:27:28 INFO  org.testng.internal.Utils - [TestNG] Time taken by org.testng.reporters.FailedReporter@8e51ef8: 16 ms
2026-10-04 18:27:28 INFO  org.testng.internal.Utils - [TestNG] Time taken by org.testng.reporters.XMLReporter@137efccc: 10 ms
2026-10-04 18:27:28 INFO  org.testng.internal.Utils - [TestNG] Time taken by org.testng.reporters.EmailableReporter2@366c2d9c: 13 ms
2026-10-04 18:27:28 INFO  org.testng.internal.Utils - [TestNG] Time taken by org.testng.reporters.JUnitReportReporter@1300bc97: 13 ms
2026-10-04 18:27:28 INFO  org.testng.internal.Utils - [TestNG] Time taken by org.testng.internal.ExitCodeListener@7001e12f: 0 ms
2026-10-04 18:50:54 INFO  org.testng.internal.Utils - [Utils] MethodGroupsHelper.collectMethodsByGroup() took 1 ms.
2026-10-04 18:50:54 INFO  org.testng.internal.Utils - [Utils] MethodGroupsHelper.sortMethods() took 1 ms.
2026-10-04 18:50:54 INFO  org.testng.internal.Utils - [Utils] MethodGroupsHelper.collectMethodsByGroup() took 0 ms.
2026-10-04 18:50:54 INFO  org.testng.internal.Utils - [Utils] MethodGroupsHelper.sortMethods() took 0 ms.
2026-10-04 18:50:54 INFO  org.testng.internal.Utils - [Utils] MethodGroupsHelper.collectMethodsByGroup() took 0 ms.
2026-10-04 18:50:54 INFO  org.testng.internal.Utils - [Utils] MethodGroupsHelper.sortMethods() took 0 ms.
2026-10-04 18:50:54 INFO  org.testng.internal.Utils - [Utils] MethodGroupsHelper.collectMethodsByGroup() took 0 ms.
2026-10-04 18:50:54 INFO  org.testng.internal.Utils - [Utils] MethodGroupsHelper.sortMethods() took 0 ms.
2026-10-04 18:50:54 INFO  org.testng.internal.Utils - [Utils] MethodGroupsHelper.collectMethodsByGroup() took 0 ms.
2026-10-04 18:50:54 INFO  org.testng.internal.Utils - [Utils] MethodGroupsHelper.sortMethods() took 0 ms.
2026-10-04 18:50:54 INFO  org.testng.internal.Utils - [Utils] MethodGroupsHelper.collectMethodsByGroup() took 0 ms.
2026-10-04 18:50:54 INFO  org.testng.internal.Utils - [Utils] MethodGroupsHelper.sortMethods() took 0 ms.
2026-10-04 18:50:54 INFO  org.testng.internal.Utils - [Utils] MethodGroupsHelper.collectMethodsByGroup() took 0 ms.
2026-10-04 18:50:54 INFO  org.testng.internal.Utils - [Utils] MethodGroupsHelper.sortMethods() took 0 ms.
2026-10-04 18:50:54 INFO  org.testng.internal.Utils - [Utils] MethodGroupsHelper.collectMethodsByGroup() took 0 ms.
2026-10-04 18:50:54 INFO  org.testng.internal.Utils - [Utils] MethodGroupsHelper.sortMethods() took 0 ms.
2026-10-04 18:50:54 INFO  org.testng.internal.Utils - [Utils] MethodGroupsHelper.collectMethodsByGroup() took 6 ms.
2026-10-04 18:50:54 INFO  org.testng.internal.Utils - [Utils] MethodGroupsHelper.sortMethods() took 11 ms.
2026-10-04 18:50:54 INFO  org.testng.internal.Utils - [Utils] MethodGroupsHelper.collectMethodsByGroup() took 0 ms.
2026-10-04 18:50:54 INFO  org.testng.internal.Utils - [Utils] MethodGroupsHelper.sortMethods() took 0 ms.
2026-10-04 18:50:54 INFO  org.testng.internal.Utils - [Utils] MethodGroupsHelper.collectMethodsByGroup() took 0 ms.
2026-10-04 18:50:54 INFO  org.testng.internal.Utils - [Utils] MethodGroupsHelper.sortMethods() took 0 ms.
2026-10-04 18:50:54 INFO  org.testng.internal.Utils - [Utils] MethodGroupsHelper.collectMethodsByGroup() took 0 ms.
2026-10-04 18:50:54 INFO  org.testng.internal.Utils - [Utils] MethodGroupsHelper.sortMethods() took 0 ms.
2026-10-04 18:50:54 INFO  org.testng.internal.Utils - [Utils] MethodGroupsHelper.collectMethodsByGroup() took 1 ms.
2026-10-04 18:50:54 INFO  org.testng.internal.Utils - [Utils] MethodGroupsHelper.sortMethods() took 1 ms.
2026-10-04 18:50:54 INFO  org.testng.internal.Utils - [Utils] MethodGroupsHelper.collectMethodsByGroup() took 0 ms.
2026-10-04 18:50:54 INFO  org.testng.internal.Utils - [Utils] MethodGroupsHelper.sortMethods() took 0 ms.
2026-10-04 18:50:54 INFO  org.testng.internal.Utils - [Utils] MethodGroupsHelper.collectMethodsByGroup() took 0 ms.
2026-10-04 18:50:54 INFO  org.testng.internal.Utils - [Utils] MethodGroupsHelper.sortMethods() took 0 ms.
2026-10-04 18:50:54 INFO  org.testng.internal.Utils - [TestNG] Running:
  C:\Users\Rahul Kumar\AppData\Local\Temp\testng-eclipse-1994808770\testng-customsuite.xml

2026-10-04 18:50:54 INFO  org.testng.internal.Utils - [Utils] DynamicGraphHelper.createDynamicGraph() took 2 ms.
2026-10-04 18:50:55 INFO  tests.MyInfoFormTest - ***********Initializing Driver***********
2026-10-04 18:50:55 INFO  library.Base - ***********LAUNCHING EDGE BROWSER***********
2026-10-04 18:51:03 INFO  tests.MyInfoFormTest - ***********Initiating LoginPage***********
2026-10-04 18:51:03 INFO  pages.LoginPage - ****Initiating LoginPage********
2026-10-04 18:51:03 INFO  tests.MyInfoFormTest - **********Sending Valid Username-Password to LoginPage*************
2026-10-04 18:51:03 INFO  pages.LoginPage - ******Logging into app****
2026-10-04 18:51:03 INFO  pages.LoginPage - ****Entering Username********
2026-10-04 18:51:03 INFO  pages.LoginPage - ******Checking Presence of Username Field******
2026-10-04 18:51:04 INFO  pages.LoginPage - ******Sending Username******
2026-10-04 18:51:04 INFO  pages.LoginPage - ****Entering Password********
2026-10-04 18:51:04 INFO  pages.LoginPage - ******Checking Visibility of Password Field******
2026-10-04 18:51:04 INFO  pages.LoginPage - ******Sending Password******
2026-10-04 18:51:04 INFO  pages.LoginPage - ****Clicking on Login Button********
2026-10-04 18:51:04 INFO  pages.LoginPage - ******Checking Clickability of Login Button******
2026-10-04 18:51:04 INFO  pages.LoginPage - ******Clicking on Login Button******
2026-10-04 18:51:06 INFO  tests.MyInfoFormTest - ********Initiating Homepage*********
2026-10-04 18:51:06 INFO  pages.HomePage - ****Initiating HomePage********
2026-10-04 18:51:06 INFO  tests.MyInfoFormTest - ********Finding dashboard*********
2026-10-04 18:51:06 INFO  pages.HomePage - ********Getting Dashboard Element********
2026-10-04 18:51:06 INFO  tests.MyInfoFormTest - ********Clicking on MyInfo Button*********
2026-10-04 18:51:06 INFO  pages.HomePage - ********Checking Clickability of MyInfo Button********
2026-10-04 18:51:06 INFO  pages.HomePage - *******Clicking on MyInfo Button********
2026-10-04 18:51:08 INFO  tests.MyInfoFormTest - ********Initiating infoFormTest*********
2026-10-04 18:51:08 INFO  tests.MyInfoFormTest - ********Initiating MyInfo Page*********
2026-10-04 18:51:08 INFO  pages.MyInfoPage - **********Initiating MyInfoPage**********
2026-10-04 18:51:08 INFO  tests.MyInfoFormTest - ********Enetering First Name*********
2026-10-04 18:51:08 INFO  pages.MyInfoPage - **********Checking Visibility of First Name Field*************
2026-10-04 18:51:09 INFO  pages.MyInfoPage - **********Clicking Inside First Name Field*************
2026-10-04 18:51:09 INFO  pages.MyInfoPage - **********Selecting Previous First Name*************
2026-10-04 18:51:09 INFO  pages.MyInfoPage - **********Overwriting First Name*************
2026-10-04 18:51:09 INFO  tests.MyInfoFormTest - ********Enetering Middle Name*********
2026-10-04 18:51:09 INFO  pages.MyInfoPage - **********Checking Visibility of Middle Name Field*************
2026-10-04 18:51:09 INFO  pages.MyInfoPage - **********Selecting Previous Middle Name*************
2026-10-04 18:51:10 INFO  pages.MyInfoPage - **********Overwriting Middle Name*************
2026-10-04 18:51:10 INFO  tests.MyInfoFormTest - ********Enetering last Name*********
2026-10-04 18:51:10 INFO  pages.MyInfoPage - **********Checking Visibility of Last Name Field*************
2026-10-04 18:51:10 INFO  pages.MyInfoPage - **********Selecting Previous Last Name*************
2026-10-04 18:51:10 INFO  pages.MyInfoPage - **********Overwriting Last Name*************
2026-10-04 18:51:10 INFO  tests.MyInfoFormTest - ********Enetering Employee ID*********
2026-10-04 18:51:10 INFO  pages.MyInfoPage - **********Checking Visibility of Employee ID Field*************
2026-10-04 18:51:10 INFO  pages.MyInfoPage - **********Selecting Previous Employee ID*************
2026-10-04 18:51:10 INFO  pages.MyInfoPage - **********Overwriting Employee ID*************
2026-10-04 18:51:10 INFO  tests.MyInfoFormTest - ********Enetering Driving License Number*********
2026-10-04 18:51:10 INFO  pages.MyInfoPage - **********Checking Visibility of Driving License Number Field*************
2026-10-04 18:51:10 INFO  pages.MyInfoPage - **********Selecting Previous Driving License Number*************
2026-10-04 18:51:10 INFO  pages.MyInfoPage - **********Overwriting Driving License Number*************
2026-10-04 18:51:10 INFO  tests.MyInfoFormTest - ********Enetering Driving License Expiry Date*********
2026-10-04 18:51:10 INFO  pages.MyInfoPage - **********Checking Clickability of License Expiry Field*************
2026-10-04 18:51:10 INFO  pages.MyInfoPage - **********Clicking on License Expiry Field*************
2026-10-04 18:51:10 INFO  pages.MyInfoPage - ***********Checking Visibility of License Expiry Year************
2026-10-04 18:51:11 INFO  pages.MyInfoPage - ***********Clicking Next Year************
2026-10-04 18:51:19 INFO  pages.MyInfoPage - ***********Clicking Month************
2026-10-04 18:51:19 INFO  pages.MyInfoPage - ***********Reading all Months************
2026-10-04 18:51:20 INFO  pages.MyInfoPage - ***********Clicking Desired Month************
2026-10-04 18:51:20 INFO  pages.MyInfoPage - ***********Reading all Dates************
2026-10-04 18:51:21 INFO  pages.MyInfoPage - ***********Clicking Desired Date************
2026-10-04 18:51:21 INFO  tests.MyInfoFormTest - ********Enetering Nationality*********
2026-10-04 18:51:21 INFO  pages.MyInfoPage - **********Checking Clickability of Nationality Field*************
2026-10-04 18:51:21 INFO  pages.MyInfoPage - **********Scrolling to Nationality Field*************
2026-10-04 18:51:21 INFO  pages.MyInfoPage - ***********Clicking on Nationality Field************
2026-10-04 18:51:21 INFO  pages.MyInfoPage - ***********Reading Nationality Dropdown************
2026-10-04 18:51:31 ERROR tests.MyInfoFormTest - infoFormTest Failed : StaleElementReferenceException FOUND => stale element reference: stale element not found in the current frame
2026-10-04 18:51:31 INFO  org.testng.internal.Utils - [TestNG] Time taken by org.testng.reporters.jq.Main@1609ed55: 71 ms
2026-10-04 18:51:31 INFO  org.testng.internal.Utils - [TestNG] Time taken by org.testng.reporters.FailedReporter@4bb4cc8c: 16 ms
2026-10-04 18:51:31 INFO  org.testng.internal.Utils - [TestNG] Time taken by org.testng.reporters.XMLReporter@53a645a2: 10 ms
2026-10-04 18:51:31 INFO  org.testng.internal.Utils - [TestNG] Time taken by org.testng.reporters.EmailableReporter2@2c3d1214: 6 ms
2026-10-04 18:51:31 INFO  org.testng.internal.Utils - [TestNG] Time taken by org.testng.reporters.JUnitReportReporter@298cfe89: 9 ms
2026-10-04 18:51:31 INFO  org.testng.internal.Utils - [TestNG] Time taken by org.testng.internal.ExitCodeListener@189fb01b: 0 ms
2026-10-04 18:51:36 INFO  org.testng.internal.Utils - [Utils] MethodGroupsHelper.collectMethodsByGroup() took 1 ms.
2026-10-04 18:51:36 INFO  org.testng.internal.Utils - [Utils] MethodGroupsHelper.sortMethods() took 1 ms.
2026-10-04 18:51:36 INFO  org.testng.internal.Utils - [Utils] MethodGroupsHelper.collectMethodsByGroup() took 0 ms.
2026-10-04 18:51:36 INFO  org.testng.internal.Utils - [Utils] MethodGroupsHelper.sortMethods() took 0 ms.
2026-10-04 18:51:36 INFO  org.testng.internal.Utils - [Utils] MethodGroupsHelper.collectMethodsByGroup() took 0 ms.
2026-10-04 18:51:36 INFO  org.testng.internal.Utils - [Utils] MethodGroupsHelper.sortMethods() took 0 ms.
2026-10-04 18:51:36 INFO  org.testng.internal.Utils - [Utils] MethodGroupsHelper.collectMethodsByGroup() took 0 ms.
2026-10-04 18:51:36 INFO  org.testng.internal.Utils - [Utils] MethodGroupsHelper.sortMethods() took 0 ms.
2026-10-04 18:51:36 INFO  org.testng.internal.Utils - [Utils] MethodGroupsHelper.collectMethodsByGroup() took 0 ms.
2026-10-04 18:51:36 INFO  org.testng.internal.Utils - [Utils] MethodGroupsHelper.sortMethods() took 0 ms.
2026-10-04 18:51:36 INFO  org.testng.internal.Utils - [Utils] MethodGroupsHelper.collectMethodsByGroup() took 0 ms.
2026-10-04 18:51:36 INFO  org.testng.internal.Utils - [Utils] MethodGroupsHelper.sortMethods() took 0 ms.
2026-10-04 18:51:36 INFO  org.testng.internal.Utils - [Utils] MethodGroupsHelper.collectMethodsByGroup() took 0 ms.
2026-10-04 18:51:36 INFO  org.testng.internal.Utils - [Utils] MethodGroupsHelper.sortMethods() took 0 ms.
2026-10-04 18:51:36 INFO  org.testng.internal.Utils - [Utils] MethodGroupsHelper.collectMethodsByGroup() took 0 ms.
2026-10-04 18:51:36 INFO  org.testng.internal.Utils - [Utils] MethodGroupsHelper.sortMethods() took 0 ms.
2026-10-04 18:51:36 INFO  org.testng.internal.Utils - [Utils] MethodGroupsHelper.collectMethodsByGroup() took 6 ms.
2026-10-04 18:51:36 INFO  org.testng.internal.Utils - [Utils] MethodGroupsHelper.sortMethods() took 7 ms.
2026-10-04 18:51:36 INFO  org.testng.internal.Utils - [Utils] MethodGroupsHelper.collectMethodsByGroup() took 0 ms.
2026-10-04 18:51:36 INFO  org.testng.internal.Utils - [Utils] MethodGroupsHelper.sortMethods() took 0 ms.
2026-10-04 18:51:36 INFO  org.testng.internal.Utils - [Utils] MethodGroupsHelper.collectMethodsByGroup() took 0 ms.
2026-10-04 18:51:36 INFO  org.testng.internal.Utils - [Utils] MethodGroupsHelper.sortMethods() took 0 ms.
2026-10-04 18:51:36 INFO  org.testng.internal.Utils - [Utils] MethodGroupsHelper.collectMethodsByGroup() took 0 ms.
2026-10-04 18:51:36 INFO  org.testng.internal.Utils - [Utils] MethodGroupsHelper.sortMethods() took 0 ms.
2026-10-04 18:51:36 INFO  org.testng.internal.Utils - [Utils] MethodGroupsHelper.collectMethodsByGroup() took 0 ms.
2026-10-04 18:51:36 INFO  org.testng.internal.Utils - [Utils] MethodGroupsHelper.sortMethods() took 1 ms.
2026-10-04 18:51:36 INFO  org.testng.internal.Utils - [Utils] MethodGroupsHelper.collectMethodsByGroup() took 0 ms.
2026-10-04 18:51:36 INFO  org.testng.internal.Utils - [Utils] MethodGroupsHelper.sortMethods() took 0 ms.
2026-10-04 18:51:36 INFO  org.testng.internal.Utils - [Utils] MethodGroupsHelper.collectMethodsByGroup() took 0 ms.
2026-10-04 18:51:36 INFO  org.testng.internal.Utils - [Utils] MethodGroupsHelper.sortMethods() took 0 ms.
2026-10-04 18:51:36 INFO  org.testng.internal.Utils - [TestNG] Running:
  C:\Users\Rahul Kumar\AppData\Local\Temp\testng-eclipse--990796723\testng-customsuite.xml

2026-10-04 18:51:36 INFO  org.testng.internal.Utils - [Utils] DynamicGraphHelper.createDynamicGraph() took 4 ms.
2026-10-04 18:51:37 INFO  tests.MyInfoFormTest - ***********Initializing Driver***********
2026-10-04 18:51:37 INFO  library.Base - ***********LAUNCHING EDGE BROWSER***********
2026-10-04 18:51:43 INFO  tests.MyInfoFormTest - ***********Initiating LoginPage***********
2026-10-04 18:51:43 INFO  pages.LoginPage - ****Initiating LoginPage********
2026-10-04 18:51:44 INFO  tests.MyInfoFormTest - **********Sending Valid Username-Password to LoginPage*************
2026-10-04 18:51:44 INFO  pages.LoginPage - ******Logging into app****
2026-10-04 18:51:44 INFO  pages.LoginPage - ****Entering Username********
2026-10-04 18:51:44 INFO  pages.LoginPage - ******Checking Presence of Username Field******
2026-10-04 18:51:44 INFO  pages.LoginPage - ******Sending Username******
2026-10-04 18:51:44 INFO  pages.LoginPage - ****Entering Password********
2026-10-04 18:51:44 INFO  pages.LoginPage - ******Checking Visibility of Password Field******
2026-10-04 18:51:44 INFO  pages.LoginPage - ******Sending Password******
2026-10-04 18:51:44 INFO  pages.LoginPage - ****Clicking on Login Button********
2026-10-04 18:51:44 INFO  pages.LoginPage - ******Checking Clickability of Login Button******
2026-10-04 18:51:44 INFO  pages.LoginPage - ******Clicking on Login Button******
2026-10-04 18:51:45 INFO  tests.MyInfoFormTest - ********Initiating Homepage*********
2026-10-04 18:51:45 INFO  pages.HomePage - ****Initiating HomePage********
2026-10-04 18:51:45 INFO  tests.MyInfoFormTest - ********Finding dashboard*********
2026-10-04 18:51:45 INFO  pages.HomePage - ********Getting Dashboard Element********
2026-10-04 18:51:45 INFO  tests.MyInfoFormTest - ********Clicking on MyInfo Button*********
2026-10-04 18:51:45 INFO  pages.HomePage - ********Checking Clickability of MyInfo Button********
2026-10-04 18:51:46 INFO  pages.HomePage - *******Clicking on MyInfo Button********
2026-10-04 18:51:47 INFO  tests.MyInfoFormTest - ********Initiating infoFormTest*********
2026-10-04 18:51:47 INFO  tests.MyInfoFormTest - ********Initiating MyInfo Page*********
2026-10-04 18:51:47 INFO  pages.MyInfoPage - **********Initiating MyInfoPage**********
2026-10-04 18:51:47 INFO  tests.MyInfoFormTest - ********Enetering First Name*********
2026-10-04 18:51:47 INFO  pages.MyInfoPage - **********Checking Visibility of First Name Field*************
2026-10-04 18:51:48 INFO  pages.MyInfoPage - **********Clicking Inside First Name Field*************
2026-10-04 18:51:49 INFO  pages.MyInfoPage - **********Selecting Previous First Name*************
2026-10-04 18:51:49 INFO  pages.MyInfoPage - **********Overwriting First Name*************
2026-10-04 18:51:49 INFO  tests.MyInfoFormTest - ********Enetering Middle Name*********
2026-10-04 18:51:49 INFO  pages.MyInfoPage - **********Checking Visibility of Middle Name Field*************
2026-10-04 18:51:49 INFO  pages.MyInfoPage - **********Selecting Previous Middle Name*************
2026-10-04 18:51:49 INFO  pages.MyInfoPage - **********Overwriting Middle Name*************
2026-10-04 18:51:49 INFO  tests.MyInfoFormTest - ********Enetering last Name*********
2026-10-04 18:51:49 INFO  pages.MyInfoPage - **********Checking Visibility of Last Name Field*************
2026-10-04 18:51:49 INFO  pages.MyInfoPage - **********Selecting Previous Last Name*************
2026-10-04 18:51:49 INFO  pages.MyInfoPage - **********Overwriting Last Name*************
2026-10-04 18:51:49 INFO  tests.MyInfoFormTest - ********Enetering Employee ID*********
2026-10-04 18:51:49 INFO  pages.MyInfoPage - **********Checking Visibility of Employee ID Field*************
2026-10-04 18:51:49 INFO  pages.MyInfoPage - **********Selecting Previous Employee ID*************
2026-10-04 18:51:49 INFO  pages.MyInfoPage - **********Overwriting Employee ID*************
2026-10-04 18:51:49 INFO  tests.MyInfoFormTest - ********Enetering Driving License Number*********
2026-10-04 18:51:49 INFO  pages.MyInfoPage - **********Checking Visibility of Driving License Number Field*************
2026-10-04 18:51:49 INFO  pages.MyInfoPage - **********Selecting Previous Driving License Number*************
2026-10-04 18:51:49 INFO  pages.MyInfoPage - **********Overwriting Driving License Number*************
2026-10-04 18:51:49 INFO  tests.MyInfoFormTest - ********Enetering Driving License Expiry Date*********
2026-10-04 18:51:49 INFO  pages.MyInfoPage - **********Checking Clickability of License Expiry Field*************
2026-10-04 18:51:49 INFO  pages.MyInfoPage - **********Clicking on License Expiry Field*************
2026-10-04 18:51:49 INFO  pages.MyInfoPage - ***********Checking Visibility of License Expiry Year************
2026-10-04 18:51:50 INFO  pages.MyInfoPage - ***********Clicking Next Year************
2026-10-04 18:51:58 INFO  pages.MyInfoPage - ***********Clicking Month************
2026-10-04 18:51:58 INFO  pages.MyInfoPage - ***********Reading all Months************
2026-10-04 18:51:59 INFO  pages.MyInfoPage - ***********Clicking Desired Month************
2026-10-04 18:51:59 INFO  pages.MyInfoPage - ***********Reading all Dates************
2026-10-04 18:52:00 INFO  pages.MyInfoPage - ***********Clicking Desired Date************
2026-10-04 18:52:00 INFO  tests.MyInfoFormTest - ********Enetering Nationality*********
2026-10-04 18:52:00 INFO  pages.MyInfoPage - **********Checking Clickability of Nationality Field*************
2026-10-04 18:52:00 INFO  pages.MyInfoPage - **********Scrolling to Nationality Field*************
2026-10-04 18:52:00 INFO  pages.MyInfoPage - ***********Clicking on Nationality Field************
2026-10-04 18:52:00 INFO  pages.MyInfoPage - ***********Reading Nationality Dropdown************
2026-10-04 18:52:10 INFO  pages.MyInfoPage - ***********Clicking Desired Nationality************
2026-10-04 18:52:10 INFO  tests.MyInfoFormTest - ********Enetering Marital Status*********
2026-10-04 18:52:10 INFO  pages.MyInfoPage - **********Checking Clickability of Marital Status Field*************
2026-10-04 18:52:10 INFO  pages.MyInfoPage - ***********Clicking on Marital Status Field************
2026-10-04 18:52:10 INFO  pages.MyInfoPage - ***********Reading Marital Status Dropdown************
2026-10-04 18:52:10 INFO  pages.MyInfoPage - ***********Clicking Desired Marital Status************
2026-10-04 18:52:10 INFO  tests.MyInfoFormTest - ********Selecting Gender*********
2026-10-04 18:52:10 INFO  pages.MyInfoPage - ***********Checking Visibility of Male Button************
2026-10-04 18:52:10 INFO  pages.MyInfoPage - ***********Clicking on Male Gender************
2026-10-04 18:52:10 INFO  tests.MyInfoFormTest - ********Enetering Date of Birth*********
2026-10-04 18:52:10 INFO  pages.MyInfoPage - **********Checking Clickability of Date of Birth Field*************
2026-10-04 18:52:10 INFO  pages.MyInfoPage - **********Clicking on Date of Birth Field*************
2026-10-04 18:52:10 INFO  pages.MyInfoPage - ***********Checking Visibility of Birth Year************
2026-10-04 18:52:10 INFO  pages.MyInfoPage - ***********Clicking Previous Birth Year************
2026-10-04 18:52:29 INFO  pages.MyInfoPage - ***********Checking Clickability of Birth Month************
2026-10-04 18:52:29 INFO  pages.MyInfoPage - ***********Clicking Birth Month************
2026-10-04 18:52:29 INFO  pages.MyInfoPage - ***********Reading Birth Month Dropdown************
2026-10-04 18:52:30 INFO  pages.MyInfoPage - ***********Clicking Desired Birth Month************
2026-10-04 18:52:30 INFO  pages.MyInfoPage - ***********Reading Birth Date Grid************
2026-10-04 18:52:31 INFO  pages.MyInfoPage - ***********Clicking Desired Birth Date************
2026-10-04 18:52:31 INFO  tests.MyInfoFormTest - ********Enetering Blood Type*********
2026-10-04 18:52:31 INFO  pages.MyInfoPage - ***********Checking Clickability of Blood Type Field************
2026-10-04 18:52:31 INFO  pages.MyInfoPage - ***********Clicking on Blood Type Field************
2026-10-04 18:52:31 INFO  pages.MyInfoPage - ***********Reading Blood Type Dropdown************
2026-10-04 18:52:31 INFO  pages.MyInfoPage - ***********Clicking Desired Blood Type************
2026-10-04 18:52:31 INFO  tests.MyInfoFormTest - ********Enetering Test*********
2026-10-04 18:52:31 INFO  pages.MyInfoPage - ***********Checking Visibility of Test Field************
2026-10-04 18:52:31 INFO  pages.MyInfoPage - ***********Selecting Previous Test************
2026-10-04 18:52:31 INFO  pages.MyInfoPage - ***********Overwriting Test************
2026-10-04 18:52:31 INFO  tests.MyInfoFormTest - ********Adding Attachment*********
2026-10-04 18:52:31 INFO  pages.MyInfoPage - ***********Checking Clickability of Add Attachment Button************
2026-10-04 18:52:31 INFO  pages.MyInfoPage - ***********Clicking Add Attachment Button************
2026-10-04 18:52:31 INFO  pages.MyInfoPage - ***********Sending File Path************
2026-10-04 18:52:31 INFO  pages.MyInfoPage - ***********Checking Visibility of Save Button************
2026-10-04 18:52:31 INFO  pages.MyInfoPage - ***********Clicking Save Button************
2026-10-04 18:52:31 INFO  tests.MyInfoFormTest - ********Validating Upload*********
2026-10-04 18:52:31 INFO  pages.MyInfoPage - ***********Checking Uploaded File Table************
2026-10-04 18:52:35 INFO  org.testng.internal.Utils - [TestNG] Time taken by org.testng.reporters.jq.Main@47dd6579: 76 ms
2026-10-04 18:52:35 INFO  org.testng.internal.Utils - [TestNG] Time taken by org.testng.reporters.FailedReporter@51622450: 2 ms
2026-10-04 18:52:35 INFO  org.testng.internal.Utils - [TestNG] Time taken by org.testng.reporters.XMLReporter@6fe83f6e: 3 ms
2026-10-04 18:52:35 INFO  org.testng.internal.Utils - [TestNG] Time taken by org.testng.reporters.EmailableReporter2@76966e68: 0 ms
2026-10-04 18:52:35 INFO  org.testng.internal.Utils - [TestNG] Time taken by org.testng.reporters.JUnitReportReporter@731f9b6b: 21 ms
2026-10-04 18:52:35 INFO  org.testng.internal.Utils - [TestNG] Time taken by org.testng.internal.ExitCodeListener@7c3341c9: 0 ms
